alpha_code,scient_name,common_name
YCL,Cycleptus elongatus,Blue sucker
DEU,Deltistes luxatus,Lost River sucker
ATC,Catostomus catostomus,Longnose sucker
ATO,Catostomus commersoni,White sucker
ATS,Catostomus latipinnis,Flannelmouth sucker
ATU,Catostomus macrocheilus,Largescale sucker
ATE,Catostomus tahoensis,Tahoe sucker
MOG,Moxostoma congestum,Gray redhorse
MOE,Moxostoma erythrurum,Golden redhorse
MOM,Moxostoma macrolepidotum,Shorthead redhorse
LAL,Lagochila lacera,Harelip sucker
BUB,Ictiobus cyprinellus,Bigmouth buffalo
BUF,Ictiobus spp,Buffalofishes nei
MXS,Myxocyprinus asiaticus,Chinese sucker
CDO,Carpiodes carpio,River carpsucker
XYT,Xyrauchen texanus,Razorback sucker
ATJ,Chasmistes cujus,Cui-ui
MIM,Minytrema melanops,Spotted sucker
ERU,Erimyzon sucetta,Lake chubsucker
HYN,Hypentelium nigricans,Northern hog sucker
CTM,Catostomidae,Suckers nei
FBM,Abramis brama,Freshwater bream
FBR,Abramis spp,Freshwater breams nei
FCP,Cyprinus carpio,Common carp
FPR,Cyprinus pellegrini,Barbless carp
FIA,Cyprinus intha,NA
AAX,Aaptosyax grypus,NA
ABB,Abbottina rivularis,Chinese false gudgeon
AHL,Acanthalburnus microlepis,Blackbrow bleak
FTE,Tinca tinca,Tench
ATA,Acapoeta tanganicae,NA
ALR,Alburnus alburnus,Bleak
ABD,Alburnus albidus,NA
PTB,Barbus barbus,Barbel
BUD,Barbus meridionalis,Mediterranean barbel
BBQ,Barbus canis,NA
BBN,Barbus aeneus,Smallmouth yellowfish
BBJ,Barbus capensis,Clanwilliam yellowfish
BUH,Barbus haasi,NA
BUO,Barbus holotaenia,Spotscale barb
BUJ,Barbus johnstonii,NA
BUI,Barbus macrotaenia,Broadband barb
BUY,Barbus neumayeri,NA
BUN,Barbus longiceps,NA
BSJ,Barbus plebejus,NA
BBU,Barbus altianalis,Ripon barbel
BBI,Barbus altidorsalis,NA
BBK,Barbus callensis,Algerian barb
BUE,Barbus eurystomus,NA
BUL,Barbus lineomaculatus,Line-spotted barb
BSN,Barbus unitaeniatus,Slender barb
BUU,Barbus paludinosus,Straightfin barb
BSI,Barbus perince,NA
BSM,Barbus mattozi,Papermouth
BUQ,Barbus marequensis,Largescale yellowfish
BST,Barbus trimaculatus,Threespot barb
BSO,Barbus tropidolepis,NA
BBZ,Barbus cyclolepis,NA
HON,Chondrostoma nasus,Common nase
HOX,Chondrostoma toxostoma,NA
HOY,Chondrostoma polylepis,Iberian nase
HOS,Chondrostoma soetta,NA
HOG,Chondrostoma genei,NA
AGE,Agosia chrysogaster,Longfin dace
FCC,Carassius carassius,Crucian carp
CGO,Carassius auratus,Goldfish
IUV,Carassius cuvieri,Japanese white crucian carp
CWG,Carassius gibelio,Prussian carp
WDX,Carassius spp,NA
GOG,Gobio gobio,Gudgeon
GOP,Gobio albipinnatus,White-finned gudgeon
FRO,Rutilus rutilus,Roach
RFR,Rutilus frisii,Kutum
RTR,Rutilus rubilio,NA
RLA,Rutilus alburnoides,NA
RFZ,Rutilus lemmingii,NA
RWC,Rutilus caspicus,Caspian roach
FRX,Rutilus spp,Roaches nei
SRE,Scardinius erythrophthalmus,Rudd
FID,Leuciscus idus,Orfe(=Ide)
LUC,Leuciscus cephaloides,NA
FIE,Leuciscus leuciscus,Common dace
LUY,Leuciscus borysthenicus,Dnieper chub
LUP,Leuciscus polylepis,NA
LUR,Leuciscus pyrenaicus,NA
VLS,Leuciscus schmidti,Schmidt's dace
VLB,Leuciscus bergi,Issyk-Kul dace
JNE,Leuciscus baicalensis,Siberian dace
LEW,Leuciscus spp,Chubs nei
RHM,Rhodeus amarus,NA
ROO,Rhodeus ocellatus,Rosy bitterling
ROR,Rhodeus sericeus,Bitterling
TBT,Tribolodon taczanowskii,NA
TFZ,Tribolodon hakonensis,Big-scaled redfin
ZTB,Tribolodon brandtii,Far Eastern ide
LBG,Labeo angra,NA
LBB,Labeo bata,NA
LBO,Labeo boga,NA
LCB,Labeo calbasu,Orangefin labeo
LBD,Labeo dero,NA
LBM,Labeo dussumieri,NA
LBF,Labeo fimbriatus,Fringed-lipped peninsula carp
LBI,Labeo gonius,Kuria labeo
LBJ,Labeo kontius,NA
LOI,Labeo microphthalmus,NA
LON,Labeo nandina,NA
LOH,Labeo pangusia,NA
LRH,Labeo rohita,Roho labeo
LOD,Labeo sindensis,NA
LBV,Labeo altivelis,Rednose labeo
LBU,Labeo coubie,NA
LBY,Labeo cylindricus,Redeye labeo
LBL,Labeo darlingi,NA
LBK,Labeo forskalii,NA
LBN,Labeo fuelleborni,NA
LBQ,Labeo horie,NA
LOM,Labeo mesops,NA
LOL,Labeo niloticus,NA
LOC,Labeo victorianus,Ningu
LBP,Labeo capensis,Orange River mudfish
LBH,Labeo dyocheilus,NA
LOE,Labeo rosae,NA
EOU,Labeo umbratus,Moggel
MOH,Labeo chrysophekadion,Black sharkminnow
ZYS,Labeo congoro,Purple labeo
RHI,Labeo spp,Rhinofishes nei
RNR,Cirrhinus cirrhosus,NA
MUC,Cirrhinus molitorella,Mud carp
CMG,Cirrhinus mrigala,Mrigal carp
RNE,Cirrhinus reba,Reba carp
RNM,Cirrhinus microlepis,Small scale mud carp
AVL,Algansea lacustris,Pátzcuaro chub
ASJ,Aspidoparia jaya,NA
ARR,Aspidoparia morar,NA
ABA,Albulichthys albuloides,NA
TCS,Catlocarpio siamensis,Giant barb
GUH,Chagunius chagunio,NA
HEU,Chela cachius,NA
HEO,Chela laubuca,Indian glass barb
ILA,Crossocheilus latius,NA
FCG,Ctenopharyngodon idella,Grass carp(=White amur)
YCE,Cyclocheilichthys enoplos,NA
YCA,Cyclocheilichthys apogon,Beardless barb
YCD,Cyclocheilichthys dumerilii,NA
YCQ,Cyclocheilichthys armatus,NA
DAE,Danio aequipinnatus,Giant danio
DAD,Danio dangila,NA
DAV,Danio devario,Sind danio
DAI,Danio rerio,Zebra danio
DAF,Danio frankei,Leopard danio
ABI,Alburnoides bipunctatus,Schneider
GIN,Gila nigrescens,Chihuahua chub
GIA,Gila atraria,Utah chub
GIB,Gila bicolor,Tui chub
GIC,Gila cypha,Humpback chub
GIE,Gila elegans,Bonytail
GIR,Gila robusta,Roundtail chub
HMD,Hampala dispar,NA
HML,Hampala macrolepidota,Hampala barb
IJM,Hampala salweenensis,NA
SVC,Hypophthalmichthys molitrix,Silver carp
BIC,Hypophthalmichthys nobilis,Bighead carp
HXP,Hypophthalmichthys spp,"Silver, bighead carps nei"
LUE,Labiobarbus leptocheilus,NA
LZF,Labiobarbus festivus,Signal barb
LZQ,Labiobarbus fasciatus,NA
LZW,Labiobarbus ocellatus,NA
JEG,Labiobarbus siamensis,NA
BBB,Labeobarbus bynni,NA
ABT,Amblyrhynchichthys truncatus,NA
ANY,Anabarilius polylepis,NA
QNG,Anabarilius grahami,Kanglang fish
NMC,Notemigonus crysoleucas,Golden shiner
CTT,Gibelion catla,Catla
FCN,Osteochilus hasselti,Nilem carp
OSE,Osteochilus melanopleurus,NA
OSS,Osteochilus spilurus,NA
PGC,Pogonichthys macrolepidotus,Splittail
PRJ,Probarbus jullieni,Isok barb
PTI,Ptychocheilus grandis,Sacramento squawfish
TYD,Thynnichthys sandkhol,NA
TYT,Thynnichthys thynnoides,NA
TWY,Thynnichthys vaillanti,NA
TOB,Tor tambroides,Thai mahseer
PTP,Tor putitora,Putitor mahseer
PTT,Tor tor,Tor barb
TOK,Tor khudree,NA
TZD,Tor douronensis,Semah mahseer
TZS,Tor soro,NA
QPC,Tor tambra,NA
BRL,Barilius barila,NA
BLA,Barilius barna,NA
BLO,Barilius bola,Trout barb
BRH,Barilius shacra,NA
BRJ,Barilius tileo,NA
BRV,Barilius vagra,NA
BRR,Barilius bakeri,NA
BLD,Barilius bendelisis,NA
BDA,Brachydanio acuticephala,NA
NTA,Notropis atherinoides,Emerald shiner
NTB,Notropis bairdi,Red River shiner
NTP,Notropis boops,Bigeye shiner
NTD,Notropis dorsalis,Bigmouth shiner
NTG,Notropis girardi,Arkansas River shiner
NTE,Notropis heterodon,Blackchin shiner
NTR,Notropis heterolepis,Blacknose shiner
NTU,Notropis hudsonius,Spottail shiner
NTL,Notropis longirostris,Longnose shiner
NTN,Notropis lutipinnis,Yellowfin shiner
NTS,Notropis nubilus,Ozark minnow
NTQ,Notropis rubellus,Rosyface shiner
NTI,Notropis rupestris,Bedrock shiner
NRS,Notropis signipinnis,Flagfin shiner
NRT,Notropis stramineus,Sand shiner
NRX,Notropis texanus,Weed shiner
NRV,Notropis volucellus,Mimic shiner
HME,Hemibarbus labeo,Barbel steed
UMM,Hemibarbus maculatus,Spotted steed
ROG,Rohtee ogilbii,Vatani rohtee
ABC,Amblypharyngodon microlepis,NA
ABO,Amblypharyngodon mola,Mola carplet
ABL,Amblypharyngodon melettinus,Attentive carplet
ENA,Rastrineobola argentea,Silver cyprinid
AHS,Acanthobrama lissneri,NA
AHT,Acanthobrama terraesanctae,Kinneret bleak
PMP,Pimephales promelas,Fathead minnow
HSY,Hesperoleucus symmetricus,California roach
WAB,Parabramis pekinensis,White amur bream
SQK,Squaliobarbus curriculus,Barbel chub
LTL,Culter alburnus,NA
ZAP,Zacco platypus,Freshwater minnow
ZAQ,Zacco taliensis,NA
AZH,Anaecypris hispanica,NA
GRD,Garra dembeensis,NA
GRG,Garra ghorensis,NA
GRT,Garra gotyla,NA
GRK,Garra lamta,NA
GRU,Garra mullya,NA
GRR,Garra rufa,NA
GRI,Garra tibanica,NA
OPD,Opsariichthys bidens,NA
PDE,Pseudogobio esocinus,NA
RHQ,Rhinichthys atratulus,Blacknose dace
RHW,Rhinichthys cataractae,Longnose dace
RHV,Rhinichthys osculus,Speckled dace
NOB,Nocomis biguttatus,Hornyhead chub
NOH,Nocomis leptocephalus,Bluehead chub
NOI,Nocomis micropogon,River chub
YPA,Cyprinella alvarezdelvillari,NA
YPN,Cyprinella analostana,Satinfin shiner
YPC,Cyprinella callistia,Alabama shiner
YPM,Cyprinella camura,Bluntface shiner
YPL,Cyprinella lutrensis,Red shiner
YPP,Cyprinella proserpina,Proserpine shiner
YPI,Cyprinella spiloptera,Spotfin shiner
YPV,Cyprinella venusta,Blacktail shiner
ATL,Acheilognathus limbatus,Oily bitterling
ATN,Acheilognathus melanogaster,NA
ATR,Acheilognathus rhombeus,NA
ATT,Acheilognathus tabira,NA
AYH,Aphyocypris chinensis,Chinese bleak
HBP,Hybognathus placitus,Plains minnow
HEY,Chelaethiops bibie,NA
DID,Dionda diaboli,Devils River minnow
DIE,Dionda episcopa,Roundnose minnow
AUE,Aspiolucius esocinus,Pike asp
VIV,Vimba vimba,Vimba bream
VIM,Vimba melanops,Macedonian vimba
UEP,Couesius plumbeus,Lake chub
SMU,Semotilus atromaculatus,Creek chub
FSC,Pelecus cultratus,Sichel
SHP,Sarcocheilichthys nigripinnis,Rainbow gudgeon
TPW,Typhlogarra widdowsoni,Iraq blind barb
TYA,Tanichthys albonubes,White cloud mountain minnow
MPL,Campostoma anomalum,Central stoneroller
MPG,Campostoma oligolepis,Largescale stoneroller
AUH,Aulopyge huegelii,Dalmatian barbelgudgeon
OHM,Orthodon microlepidotus,Sacramento blackfish
LVE,Lavinia exilicauda,Hitch
PLT,Plagopterus argentissimus,Woundfin
IOP,Iotichthys phlegethontis,Least chub
PHK,Phenacobius catostomus,Riffle minnow
EVU,Evarra bustamantei,NA
ASU,Aspius aspius,Asp
NOU,Clinostomus elongatus,Redside dace
BNB,Balantiocheilos melanopterus,Tricolor sharkminnow
MOI,Moroco steindachneri,NA
MDE,Mandibularca resinus,NA
NUC,Chalcalburnus chalcoides,Danube bleak
AWT,Chalcalburnus tarichi,Tarek
AHA,Acanthorhodeus asmussii,Russian bitterling
PDP,Pseudorasbora parva,Stone moroko
BNE,Bangana behri,NA
DDT,Bangana yunnanensis,NA
DDV,Bangana dero,Kalabans
BRN,Barbichthys laevis,NA
BBT,Barbodes platysoma,NA
FHF,Barbodes semifasciolatus,Chinese barb
FCH,Leptobarbus hoeveni,Hoven's carp
ARC,Acrocheilus alutaceus,Chiselmouth
HMU,Hemiculter leucisculus,Sharpbelly
BBC,Barboides gracilis,NA
BBV,Barbopsis devecchii,Somalian blind barb
TKT,Tanakia tanago,Tokyo bitterling
BWZ,Biwia zezera,NA
PDL,Pseudaspius leptocephalus,Redfin
BOI,Boraras brigittae,NA
CUG,Caecobarbus geertsii,Congo blind barb
YCB,Caecocypris basimi,NA
BKC,Mylopharyngodon piceus,Black carp
OEC,Capoeta capoeta,Seven khramulya
OED,Capoeta damascina,NA
LXC,Luxilus chrysocephalus,Striped shiner
LXO,Luxilus cornutus,Common shiner
OGC,Oregonichthys crameri,Oregon chub
GNA,Gnathopogon caerulescens,NA
GNE,Gnathopogon elongatus,NA
WUB,Megalobrama amblycephala,Wuchang bream
WUT,Megalobrama terminalis,Black Amur bream
MHC,Mylocheilus caurinus,Peamouth
LPV,Lepidomeda vittata,Little Colorado spinedace
DIL,Diptychus maculatus,Scaly osman
PTO,Ptychobarbus conirostris,NA
SZP,Schizopygopsis pylzovi,NA
TGC,Tiaroga cobitis,Loach minnow
PUI,Puntius binotatus,Spotted barb
PUH,Puntius amphibius,NA
PUU,Puntius arulius,Arulius barb
PUO,Puntius conchonius,Rosy barb
PUM,Puntius filamentosus,Blackspot barb
PUD,Puntius orphoides,NA
PUR,Puntius sophore,Pool barb
PUT,Puntius tetrazona,Sumatra barb
PUW,Puntius ticto,Ticto barb
FZP,Puntius lateristriga,Spanner barb
FQP,Puntius puntio,Puntio barb
FAB,Puntius spp,Asian barbs nei
OEK,Capoetobrama kuschakewitschi,Sharpray
OEN,Carassioides cantonensis,NA
PHH,Cephalakompsus pachycheilus,NA
HYA,Chanodichthys dabryi,Humpback
HVY,Chanodichthys erythropterus,Predatory carp
HWQ,Chanodichthys mongolicus,Mongolian redfin
PTL,Coptostomabarbus bellcrossi,NA
UCS,Coreoleuciscus splendidus,NA
USC,Cosmochilus cardinalis,NA
YPW,Cyprinion watsoni,NA
DAT,Danionella translucida,NA
DII,Discherodontus ashmeadi,NA
DIT,Distoechodon tumirostris,NA
EIO,Eirmotus octozona,NA
ELM,Elopichthys bambusa,Yellowcheek
ENL,Engraulicypris sardella,Lake Malawi sardine
EPB,Epalzeorhynchos bicolor,Redtail sharkminnor
EQQ,Epalzeorhynchos kalopterus,Flying fox
ERA,Eremichthys acros,Desert dace
ERD,Erimystax dissimilis,Streamline chub
EUE,Eupallasella perenurus,Lake minnow
EXM,Exoglossum maxillingua,Cutlips minnow
GOR,Gobiobotia brevibarba,NA
GYW,Gymnocypris biswasi,NA
HMK,Hemigrammocapoeta kemali,NA
HMI,Hemigrammocypris lini,Garnet minnow
HMF,Hemitremia flammea,Flame chub
HNC,Henicorhynchus caudimaculatus,NA
HNZ,Henicorhynchus siamensis,Siamese mud carp
HRA,Horadandia atukorali,NA
PUK,Raiamas ansorgii,NA
HYC,Hypselobarbus curmuca,NA
PUJ,Hypselobarbus jerdoni,Jerdon's carp
HYL,Hypsibarbus lagleri,NA
YXC,Hypsibarbus pierrei,NA
YXE,Hypsibarbus wetmorei,NA
YHX,Hypsibarbus spp,NA
IBP,Iberocypris palaciosi,NA
INA,Inlecypris auropurpureus,NA
IRT,Iranocypris typhlops,Iran cave barb
KAL,Kalimantania lawak,NA
LDG,Ladigesocypris ghigii,NA
LDT,Ladislavia taczanowskii,Tachanovsky's gudgeon
LWG,Lagowskiella czekanowskii,Czekanowski's minnow
LPT,Lepidopygopsis typus,NA
LPG,Leptocypris guineensis,NA
LPN,Leptocypris niloticus,NA
LPK,Leucalburnus kosswigi,NA
LUD,Leucaspius delineatus,Belica
LCO,Lobocheilos bo,NA
LCI,Longiculter siahi,NA
LCK,Luciosoma bleekeri,NA
LYR,Lythrurus roseipinnis,Cherryfin shiner
LYS,Lythrurus snelsoni,Ouachita shiner
MCV,Macrhybopsis aestivalis,Speckled chub
MCO,Macrochirichthys macrochirus,Long pectoral-fin minnow
MGM,Margariscus margarita,Pearl dace
MDF,Meda fulgida,Spikedace
MKE,Mekongina erythrospila,NA
MSB,Mesobola brevianalis,River sardine
MYK,Microphysogobio koreensis,NA
MOC,Moapa coriacea,Moapa dace
MHO,Mylopharodon conocephalus,Hardhead
MSG,Mystacoleucus argenteus,NA
MZP,Mystacoleucus padangensis,NA
MJZ,Mystacoleucus marginatus,NA
JVJ,Mystacoleucus atridorsalis,NA
NEL,Nematabramis alestes,NA
NEO,Neobola moeruensis,NA
NEI,Neolissochilus blanci,NA
ARH,Neolissochilus hexagonolepis,Copper mahseer
QKD,Neolissochilus thienemanni,NA
OCE,Ochetobius elongatus,NA
ONL,Onychostoma alticorpus,Taiwan ku fish
OPL,Opsaridium microlepis,Lake salmon
DKA,Opsaridium microcephalum,NA
OPQ,Opsopoeodus emiliae,Pugnose minnow
OHC,Oreichthys cosuatis,NA
OUH,Oreoleuciscus handlirschi,NA
OUP,Ospatulus palaemophagus,NA
OBL,Osteobrama belangeri,Manipur osteobrama
OBC,Osteobrama cotio,NA
OXA,Oxygaster anomalura,NA
QDU,Oxygaster pointoni,NA
PHM,Pachychilon macedonicum,NA
PHC,Parachela cyanea,NA
PZI,Parachela oxygastroides,NA
QED,Parachela siamensis,NA
PHQ,Paracrossochilus acerus,NA
PUB,Paralaubuca barroni,NA
PYT,Parapsilorhynchus tentaculatus,NA
PAJ,Pararasbora moltrechti,NA
PZV,Parazacco vuquangensis,NA
PUL,Parluciosoma labiosa,NA
PYB,Pectenocypris balaena,NA
PXA,Phoxinellus adspersus,NA
PXC,Phoxinus cumberlandensis,Blackside dace
PXE,Phoxinus eos,Northern redbelly dace
PXY,Phoxinus erythrogaster,Southern redbelly dace
PXN,Phoxinus neogaeus,Finescale dace
PXP,Phoxinus phoxinus,Eurasian minnow
PYI,Phreatichthys andruzzii,Somalian cavefish
PLI,Plagiognathops microlepis,Smallscale yellowfin
PLC,Platygobio gracilis,Flathead chub
PLX,Platypharodon extremus,NA
PTD,Poropuntius deauratus,NA
QVK,Poropuntius tawarensis,NA
PCE,Procypris merus,NA
QPQ,Procypris rabaudi,Rock carp
PBB,Prolabeo batesi,NA
PBM,Prolabeops melanhypoptera,NA
PDS,Pseudobarbus asper,Smallscale redfin
PDJ,Pseudolaubuca jouyi,NA
PDH,Pseudoperilampus hondae,NA
PDY,Pseudophoxinus stymphalicus,NA
PDN,Pseudopungtungia nigra,NA
PTJ,Ptychidio jordani,NA
PGH,Pungtungia herzi,NA
PUQ,Puntioplites bulu,NA
WPU,Puntioplites waandersi,NA
WPP,Puntioplites proctozystron,NA
RSF,Rasborichthys helfrichii,NA
RSL,Rasborinus lineatus,NA
REH,Rectoris posehensis,NA
RET,Relictus solitarius,Relict dace
RIL,Richardsonius balteatus,Redside shiner
ROI,Rohteichthys microlepis,NA
ROU,Romanogobio tenuicorpus,Amur whitefin gudgeon
SLB,Salmostoma bacaila,Large razorbelly minnow
SNV,Sanagia velifera,NA
SUB,Saurogobio dabryi,Chinese lizard gudgeon
SWE,Sawbwa resplendens,NA
SGB,Scaphognathops bandanensis,NA
SRT,Schismatorhynchos heterorhynchos,NA
SZB,Schizocypris brucei,NA
SZU,Schizothorax curvifrons,Sattar snowtrout
SZE,Schizothorax esocinus,NA
SZR,Schizothorax richardsonii,Common snowtrout
SWZ,Schizothorax yunnanensis,NA
QEB,Schizothorax cryptolepis,NA
QEA,Schizothorax davidi,NA
QEC,Schizothorax prenanti,NA
QER,Schizothorax molesworthi,Blunt- nosed snowtrout
QES,Schizothorax progastus,Dinnawah snowtrout
QET,Schizothorax plagiostomus,NA
QEZ,Schizothorax spp,Snowtrouts nei
SLG,Securicula gora,NA
SMN,Semilabeo notabilis,NA
SKG,Sikukia gudgeri,NA
SNM,Sinibrama macrops,NA
SND,Sinilabeo decorus,NA
SNT,Sinocyclocheilus anatirostris,NA
YGH,Sinocyclocheilus grahami,Golden-line barbel
SBD,Spinibarbus denticulatus,NA
WSS,Spinibarbus sinensis,NA
SIT,Spratellicypris palata,NA
SQB,Squalidus biwae,NA
SDG,Stypodon signifer,Stumptooth minnow
SMB,Systomus brevis,NA
QNT,Systomus partipentazona,NA
PUS,Systomus sarana,Olive barb
TYO,Thryssocypris ornithostoma,NA
TPH,Tropidophoxinellus hellenicus,NA
TPN,Typhlobarbus nudiventris,NA
XEL,Xenobarbus loveridgei,NA
XEA,Xenocypris argentea,Yellowfin
XJB,Xenocypris davidi,NA
ABK,Blicca bjoerkna,White bream
PTG,Barbonymus gonionotus,Silver barb
BBA,Barbonymus altus,Red tailed tinfoil
BFS,Barbonymus schwanenfeldii,Tinfoil barb
BBR,Barbonymus balleroides,NA
LWD,Luciobarbus bocagei,NA
LWK,Luciobarbus comizo,NA
BUG,Luciobarbus graellsii,NA
BSL,Luciobarbus sclateri,Andalusian barbel
WLC,Luciobarbus capito,Bulatmai barbel
XBE,Luciobarbus guiraonis,Valencia barbel
NWW,Luciobarbus microcephalus,NA
WSK,Gymnodiptychus dybowskii,Naked osman
WYG,Gymnodiptychus pachycheilus,NA
YHU,Aspiorhynchus laticeps,Big-head schizothoracin
UGH,Coreius guichenoti,NA
YKI,Percocypris pingi,NA
YKQ,Ancherythroculter nigrocauda,NA
VBE,Varicorhinus beso,African scraping feeder
BXG,Ballerus ballerus,Blue bream
BZR,Ballerus sapa,NA
DKE,Enteromius litamba,NA
FWI,Enteromius callipterus,Clipper barb
LBZ,Gymnostomus ariza,NA
LUH,Squalius cephalus,Chub
LUS,Telestes souffia,Vairone
FDI,Parachondrostoma arrigonis,Júcar nase
GWI,Pseudochondrostoma willkommii,Guadian nase
FCY,Cyprinidae,Cyprinids nei
ESD,Esomus danricus,Flying barb
FXT,Esomus metallicus,Striped flying barb
VVP,Trigonopoma pauciperforatum,Redstripe rasbora
RAD,Rasbora daniconius,Slender rasbora
RSG,Rasbora elanga,NA
RST,Rasbora heteromorpha,Harlequin rasbora
RSR,Rasbora rasbora,Gangetic scissortail rasbora
RSZ,Rasbora argyrotaenia,Silver rasbora
RSV,Rasbora einthovenii,Brilliant rasbora
RWS,Rasbora elegans,Twospot rasbora
RRZ,Rasbora tawarensis,NA
MCY,Microrasbora erythromicron,NA
TXG,Sundadanio axelrodi,NA
GXM,Gyrinocheilus aymonieri,Siamese algae-eater
HPD,Acanthopsoides delphax,NA
TPC,Acantopsis choirorhynchos,Horseface loach
BOD,Botia dario,Bengal loach
BWX,Botia spp,NA
BIA,Cobitis aurata,Golden spined loach
BIW,Cobitis biwae,NA
BIT,Cobitis taenia,Spined loach
BIO,Cobitis granoei,NA
BIM,Cobitis maroccana,NA
FNW,Cobitis paludica,Southern Iberian spined loach
LEG,Lepidocephalichthys guntea,Guntea loach
LEI,Lepidocephalichthys thermalis,NA
SOG,Somileptes gongota,NA
SAK,Sabanejewia balcanica,NA
PAD,Paramisgurnus dabryanus,NA
NAG,Pangio agma,NA
NWD,Niwaella delicata,NA
LEU,Leptobotia curta,NA
NUM,Neoeucirrhichthys maydelli,NA
LED,Lepidocephalus annandalei,NA
KUR,Misgurnus anguillicaudatus,Pond loach
MWT,Misgurnus fossilis,Weatherfish
ZMM,Misgurnus mizolepis,Chinese muddy loach
IKC,Iksookimia choii,Choi's spiny loach
ENM,Enobarbichthys maculatus,NA
BMW,Chromobotia macracanthus,Clown loach
YHM,Yasuhikotakia modesta,Redtail botia
BOH,Syncrossus hymenophysa,Tiger loach
PSI,Psilorhynchus sucatio,NA
ABE,Aborichthys elongatus,NA
BTO,Acanthocobitis botia,Mottled loach
ANO,Annamia normani,NA
BTA,Balitora annamitica,NA
BTB,Barbatula barbatula,Stone loach
BTD,Barbucca diabolica,NA
BHS,Bhavania australis,NA
CML,Crossostoma lacustre,NA
ELL,Ellopostoma megalomycter,NA
GSB,Gastromyzon borneensis,NA
GLE,Glaniopsis denudata,NA
HMO,Hemimyzon formosanum,NA
HOI,Homaloptera bilineata,NA
HQX,Homaloptera spp,NA
HYE,Hypergastromyzon eubranchus,NA
INE,Indoreonectes evezardi,NA
LEH,Lefua echigonia,NA
MIU,Micronemacheilus cruciatus,NA
NEY,Nemacheilus abyssinicus,NA
NMD,Nemacheilus denisoni,NA
NEU,Neogastromyzon nieuwenhuisii,NA
NEJ,Neohomaloptera johorensis,NA
NEE,Neonoemacheilus labeosus,NA
ONO,Oreonectes anophthalmus,NA
OTP,Orthrias panthera,NA
PAK,Parhomaloptera microstoma,NA
PHV,Physoschistura brunneanus,NA
PYH,Protomyzon aphelocheilus,NA
SUH,Schistura balteata,NA
SRC,Sectoria atriceps,NA
SWL,Sewellia lineolata,NA
SZL,Sinogastromyzon puliensis,NA
SYD,Sphaerophysa dianchiensis,NA
SUI,Sundoreonectes tiomanensis,NA
TVJ,Travancoria jonesi,NA
TYC,Triplophysa choprai,NA
TGT,Troglocobitis starostini,NA
TUA,Tuberoschistura cambodgiensis,NA
VAI,Vaillantella cinnamomea,NA
YUA,Yunnanilus altus,NA
AIE,Alticorpus macrocleithrum,NA
AGV,Altolamprologus calvus,NA
AII,Amphilophus citrinellus,Midas cichlid
FDO,Amphilophus labiatus,Red devil
AKT,Anomalochromis thomasi,NA
GDS,Apistogrammoides pucallpaensis,NA
HOK,Archocentrus centrarchus,Flier cichlid
RKC,Aristochromis christyi,NA
RTT,Asprotilapia leptura,NA
ULD,Aulonocara auditor,NA
ULW,Aulonocranus dewindti,NA
BCK,Baileychromis centropomoides,NA
BMI,Benthochromis tricoti,NA
BMP,Biotodoma cupido,Greenstreaked eartheater
BIE,Biotoecus opercularis,NA
BEJ,Boulengerochromis microlepis,Giant cichlid
BMN,Buccochromis atritaeniatus,NA
DGF,Buccochromis notataenia,NA
BJC,Bujurquina cordemadi,NA
LHP,Callochromis macrops,NA
RCM,Caprichromis liemi,NA
AQK,Caquetaia kraussii,NA
DXS,Cardiopharynx schoutedeni,NA
BJA,Chaetobranchopsis australis,NA
TBF,Chaetobranchus flavescens,NA
HNH,Chalinochromis brichardi,NA
HSE,Champsochromis caeruleus,NA
HHH,Cheilochromis euchilus,NA
HCN,Chilochromis duponti,NA
HHO,Chilotilapia rhoadesii,NA
HRB,Chromidotilapia batesii,NA
LRM,Cleithracara maronii,Keyhole cichlid
OPZ,Copadichromis azureus,NA
OVZ,Copadichromis virginalis,Lake Malawi utaka
DGI,Copadichromis spp,NA
OSR,Corematodus shiranus,NA
TXI,Ctenopharynx intermedius,Blackspot climbing perch
UGL,Cunningtonia longiventralis,NA
YAF,Cyathopharynx furcifer,Featherfin cichlid
YCW,Cyclopharynx fwae,NA
YPE,Cyprichromis leptosoma,NA
YTO,Cyrtocara moorii,NA
DKF,Danakilia franchettii,NA
DRM,Dicrossus maculatus,NA
DMC,Dimidiochromis compressiceps,Malawi eyebiter
DGJ,Dimidiochromis kiwinge,NA
DXG,Diplotaxodon greenwoodi,NA
DGR,Diplotaxodon argenteus,NA
DGU,Diplotaxodon ecclesi,NA
DJW,Diplotaxodon limnothrissa,NA
TLM,Oreochromis mossambicus,Mozambique tilapia
TLN,Oreochromis niloticus,Nile tilapia
OEA,Oreochromis aureus,Blue tilapia
TLL,Oreochromis spilurus,Sabaki tilapia
ORM,Oreochromis macrochir,Longfin tilapia
ORU,Oreochromis urolepis,Wami tilapia
STA,Oreochromis andersonii,Three spotted tilapia
OEL,Oreochromis alcalicus,Magadi tilapia
OEM,Oreochromis amphimelas,NA
OEG,Oreochromis angolensis,NA
OEU,Oreochromis chungruruensis,NA
OES,Oreochromis esculentus,NA
OEH,Oreochromis hunteri,NA
OEJ,Oreochromis jipe,NA
OER,Oreochromis karomo,Karomo
OEO,Oreochromis karongae,NA
OEW,Oreochromis korogwe,NA
OEP,Oreochromis lepidurus,NA
OET,Oreochromis leucostictus,NA
OEI,Oreochromis lidole,NA
OCI,Oreochromis malagarasi,NA
OHO,Oreochromis mortimeri,Kariba tilapia
OHI,Oreochromis pangani,NA
OHU,Oreochromis placidus,Black tilapia
OHW,Oreochromis rukwaensis,NA
OHK,Oreochromis saka,NA
OIS,Oreochromis salinicola,NA
OIW,Oreochromis schwebischi,NA
OIH,Oreochromis shiranus,Tilapia shiranus
OIQ,Oreochromis squamipinnis,NA
OIT,Oreochromis tanganicae,NA
OIP,Oreochromis upembae,NA
OEV,Oreochromis variabilis,NA
TLP,Oreochromis spp,Tilapias nei
OXW,Oreochromis aureus x O. niloticus,"Blue-Nile tilapia, hybrid"
AXV,Oreochromis andersonii x O. niloticus,NA
SAR,Sarotherodon galilaeus,Mango tilapia
SAH,Sarotherodon melanotheron,Blackchin tilapia
IHE,Cichlasoma beani,Green guapote
IHI,Cichlasoma bimaculatum,Black acara
IHF,Cichlasoma facetum,Chameleon cichlid
IHS,Cichlasoma istlanum,NA
IHY,Cichlasoma cyanoguttatum,Rio Grande cichlid
CHL,Cichlasoma managuense,Jaguar guapote
CHK,Cichlasoma maculicauda,Blackbelt cichlid
CHH,Cichlasoma urophthalmus,Mexican mojarra
IHN,Cichlasoma nigrofasciatum,Convict cichlid
IHC,Cichlasoma octofasciatum,Jack Dempsey
IZL,Cichlasoma festae,Guayas cichlid
FMW,Cichlasoma trimaculatum,Three spot cichlid
CHX,Cichlasoma spp,Cichlasoma nei
CLO,Cichla ocellaris,Peacock cichlid
IHT,Cichla temensis,Speckled pavon
DEK,Cichla monoculus,NA
DEW,Cichla orinocensis,NA
IGX,Cichla spp,NA
TLZ,Tilapia zillii,Redbelly tilapia
TLS,Tilapia sparrmanii,Banded tilapia
TLG,Tilapia guineensis,Guinean tilapia
TPB,Tilapia bakossiorum,NA
TPO,Tilapia baloni,NA
TPI,Tilapia bemini,NA
TIB,Tilapia bilineata,NA
TIV,Tilapia brevimanus,NA
TIM,Tilapia busumana,NA
TII,Tilapia buttikoferi,Zebra tilapia
TPY,Tilapia bythobates,NA
TIR,Tilapia cabrae,NA
TAM,Tilapia cameronensis,NA
TJC,Tilapia camerunensis,NA
TJE,Tilapia cessiana,NA
TJF,Tilapia coffea,NA
TJG,Tilapia congica,NA
TJD,Tilapia dageti,NA
TJK,Tilapia deckerti,NA
TJI,Tilapia discolor,NA
TJV,Tilapia flava,NA
TJU,Tilapia guinasana,Otjikoto tilapia
TJT,Tilapia gutturosa,NA
TJM,Tilapia imbriferna,NA
TJJ,Tilapia joka,NA
TJA,Tilapia kottae,NA
TJL,Tilapia louka,NA
TJR,Tilapia margaritacea,NA
TJP,Tilapia mariae,Spotted tilapia
TJN,Tilapia nyongana,NA
TJH,Tilapia rheophila,NA
TJW,Tilapia ruweti,Okavango tilapia
TJY,Tilapia snyderae,NA
TJS,Tilapia spongotroktis,NA
TIJ,Tilapia tholloni,NA
TLH,Tilapia thysi,NA
TLW,Tilapia walteri,NA
EMF,Eclectochromis festivus,NA
EDD,Ectodus descampsii,NA
EOB,Enantiopus albini,NA
ETY,Eretmodus cyanostictus,NA
EXA,Exochochromis anagenys,Threespot torpedo
FSR,Fossorochromis rostratus,NA
GFL,Gephyrochromis lawsi,NA
GNX,Gnathochromis permaxillaris,NA
GOW,Gobiocichla ethelwynnae,NA
GRJ,Grammatotria lemairii,NA
GWB,Greenwoodochromis bellcrossi,NA
GUE,Guianacara oelemariensis,NA
GMZ,Gymnogeophagus balzanii,Argentine humphead
HXI,Haplotaxodon microlepis,NA
HBS,Hemibates stenosoma,NA
HJU,Hemitaeniochromis urotaenia,NA
HEX,Hemitilapia oxyrhyncha,Giant Haplochromis
HRP,Heros appendiculatus,NA
HRT,Herotilapia multispinosa,Rainbow cichlid
HRI,Heterochromis multidens,NA
HOJ,Hoplarchus psittacus,NA
HTD,Hoplotilapia retrodens,NA
HSN,Hypselecara coryphaenoides,NA
HSG,Hypsophrys nicaraguensis,Moga
IDP,Iodotropheus sprengerae,Lavender mbuna
IRH,Iranocichla hormuzensis,NA
KOD,Konia dikume,Dikume
KOG,Krobia guianensis,NA
LTV,Laetacara flavilabris,NA
LIE,Lepidiolamprologus attenuatus,NA
LTX,Lestradea perspicax,NA
LNU,Lethrinops albus,NA
LNC,Lichnochromis acuticeps,Malawi gar
LIV,Limbochromis cavalliensis,NA
LNE,Limnochromis abeelei,NA
MLI,Macropleurodus bicolor,NA
MVF,Maravichromis formosus,NA
DMJ,Docimodus johnstoni,NA
MOV,Mesonauta festivus,Flag cichlid
MIZ,Microchromis zebroides,NA
MHR,Microdontochromis rotundiventralis,NA
MFR,Microgeophagus ramirezi,Ram cichlid
MKY,Myaka myaka,Myaka
NVC,Naevochromis chrysogaster,NA
NCS,Nanochromis consortus,NA
NRN,Neetroplus nematopus,NA
NRU,Neolamprologus boulengeri,NA
NMV,Nimbochromis fuscotaeniatus,Fuscotaeniatus
DJY,Nimbochromis polystigma,NA
NYB,Nyassachromis breviceps,NA
OFB,Ophthalmotilapia boops,NA
OFG,Otopharynx argyrosoma,NA
OXO,Oxylapia polli,NA
RCB,Paracyprichromis brieni,NA
RIV,Paralabidochromis victoriae,NA
RNC,Parananochromis caudifasciatus,NA
RTN,Paratilapia polleni,NA
RRD,Paretroplus damii,NA
ELK,Pelmatochromis buettikoferi,NA
EVH,Pelvicachromis humilis,NA
RLJ,Crenicichla johanna,NA
RLX,Crenicichla saxatilis,Ringtail pike cichlid
RLT,Crenicichla alta,NA
RLD,Crenicichla lepidota,Pike cichlid
RZB,Crenicichla lenticulata,NA
RZC,Crenicichla lugubris,NA
ERI,Perissodus eccentricus,NA
ETD,Petenia splendida,NA
YFF,Cyphotilapia frontosa,Humphead cichlid
HNL,Pharyngochromis darlingi,NA
LSR,Placidochromis electra,Deep-water hap
LNN,Platygnathochromis melanonotus,Haplochromis yellow black line
TDN,Platytaeniodus degeni,NA
PCV,Plecodus elaviae,NA
RTS,Protomelas annectens,NA
UCN,Pseudocrenilabrus nicholsi,NA
USV,Pseudosimochromis curvifrons,NA
GFA,Geophagus brasiliensis,Pearl cichlid
GFW,Geophagus proximus,NA
GHQ,Geophagus abalios,NA
GHU,Geophagus pellegrini,NA
GHV,Geophagus steindachneri,NA
GXX,Geophagus spp,NA
LNR,Limnotilapia dardennii,NA
XEH,Xenochromis hecqui,NA
ECY,Petrochromis polyodon,NA
XTB,Xenotilapia bathyphila,NA
HJB,Hemichromis bimaculatus,Jewelfish
HJF,Hemichromis fasciatus,Banded jewelfish
KVD,Hemichromis elongatus,Banded jewel cichlid
ERC,Etroplus maculatus,Orange chromide
ETS,Etroplus suratensis,Pearlspot
TOC,Astronotus ocellatus,Oscar
AST,Astronotus spp,Velvety cichlids
UNM,Pungu maclareni,NA
BHX,Bathybates ferox,NA
IBZ,Bathybates minor,NA
HCK,Haplochromis acidens,NA
HID,Haplochromis desfontainii,NA
HIR,Haplochromis burtoni,NA
HRY,Haplochromis nyererei,NA
CIM,Haplochromis spp,Mouthbrooding cichlids
LLC,Lamprologus callipterus,NA
LHJ,Lobochilotes labiatus,NA
RRC,Reganochromis calliurus,NA
REF,Retroculus lapidifera,NA
TCH,Ptychochromis oligacanthus,NA
AER,Aequidens rivulatus,Green terror
AQP,Aequidens portalegrensis,NA
AQU,Aequidens pulchrus,Blue acara
TCJ,Pterochromis congicus,NA
UDE,Pseudotropheus ater,NA
UDR,Pseudotropheus aurora,NA
UDL,Pseudotropheus callainos,NA
UDO,Pseudotropheus elongatus,Elongate mbuna
UFF,Pseudotropheus tropheops,NA
UFZ,Pseudotropheus zebra,Zebra mbuna
EIG,Petrotilapia genalutea,NA
MJT,Melanochromis auratus,Golden mbuna
MJH,Melanochromis johannii,Bluegray mbuna
LHE,Labidochromis caeruleus,Blue streak hap
LFE,Labeotropheus fuelleborni,Blue mbuna
GCN,Genyochromis mento,NA
YAO,Cyathochromis obliquidens,NA
YMQ,Symphysodon aequifasciata,Blue discus
TFU,Pterophyllum altum,NA
AIK,Acarichthys heckelii,Threadfin acara
AAV,Acaronia vultuosa,NA
RCJ,Astatoreochromis alluaudi,NA
TMI,Tylochromis aristoma,NA
TME,Tyrannochromis macrostoma,NA
TPP,Satanoperca acuticeps,Sharphead eartheater
SZD,Schubotzia eduardiana,NA
SWN,Schwetzochromis neodon,NA
SJI,Sciaenochromis ahli,Electric blue hap
HTV,Chetia flaviventris,Canary kurper
JUD,Julidochromis dickfeldi,NA
TMV,Tramitichromis brevis,NA
TMC,Trematocara caparti,NA
TMS,Trematochromis schreyeni,NA
TML,Trematocranus labifer,NA
TCM,Triglachromis otostigma,NA
TMR,Tristramella sacra,NA
TFN,Tropheus annectens,NA
UAA,Uaru amphiacanthoides,Uaru
RKA,Serranochromis angusticeps,Thinface cichlid
YBB,Serranochromis robustus,Yellow-belly bream
RRI,Crenicara filamentosa,Chessboard cichlid
ICT,Simochromis babaulti,NA
TDY,Spathodus erythrodon,NA
TSS,Steatocranus casuarius,Lionhead cichlid
TGO,Stigmatochromis modestus,NA
TMM,Stomatepia mariae,Nsess
TCD,Taeniacara candidi,NA
TAH,Taeniochromis holotaenia,NA
TIY,Taeniolethrinops cyrtonotus,NA
TAZ,Tahuantinsuyoa macantzatza,NA
TAD,Tangachromis dhanisi,NA
TAJ,Tanganicodus irsacae,Spotfin goby cichlid
TLC,Teleogramma brichardi,NA
TLF,Telmatochromis bifrenatus,NA
TLT,Telotrematocara macrostoma,NA
YCN,Thysochromis annectens,NA
NCN,Nannacara anomala,Goldeneye cichlid
ARZ,Apistogramma agassizii,NA
GAF,Apistogramma trifasciata,NA
RFB,Rhamphochromis brevis,NA
DJZ,Rhamphochromis longiceps,NA
UFV,Andinoacara latifrons,Platinum acara
KRD,Kronoheros umbriferus,Turquoise cichlid
TLR,Coptodon rendalli,Redbreast tilapia
CIX,Cichlidae,Cichlids nei
CNF,Neoceratodus forsteri,Australian lungfish
LLP,Lepidosiren paradoxa,South American lungfish
PPD,Polypterus endlicheri,NA
PPV,Polypterus senegalus,NA
PEC,Erpetoichthys calabaricus,Reedfish
PPB,Protopterus aethiopicus,Marbled lungfish
PPG,Protopterus annectens,West African lungfish
FLU,Protopterus spp,African lungfishes
AAC,Amia calva,Bowfin
LLO,Lepisosteus osseus,Longnose gar
LFV,Lepisosteus platyrhincus,Florida gar
LVQ,Lepisosteus platostomus,Shortnose gar
LVT,Lepisosteus oculatus,Spotted gar
LET,Atractosteus tristoechus,Cuban gar
LLS,Atractosteus spatula,Alligator gar
JTP,Atractosteus tropicus,Tropical gar
LKX,Atractosteus spp,NA
LXS,Lepisosteidae,Gars nei
SUX,Sundasalanx malleti,NA
SIA,Stolothrissa tanganicae,Lake Tanganyika sprat
RIA,Rhinosardinia amazonica,Amazon spinejaw sprat
OXL,Odaxothrissa losera,Losera fangtooth pellonuline
PLO,Pellonula leonensis,Smalltoothed pellonula
OZY,Pellonula vorax,Bigtoothed pellonula
CUO,Clupeoides borneensis,Borneo River sprat
CLK,Corica soborna,Ganges River sprat
CUY,Cynothrissa ansorgii,Ansorge fangtooth pellonuline
CUM,Cynothrissa mento,Nigerian fangtooth pellonuline
LTM,Limnothrissa miodon,Lake Tanganyika sardine
PCD,Potamalosa richmondia,Australian freshwater herring
THN,Thrattidion noctivagus,Sanaga pygmy herring
SRL,Sierrathrissa leonensis,West African pygmy herring
MCX,Microthrissa royauxi,Royal sprat
PTU,Potamothrissa acutirostris,Sharpnosed sawtooth pellonul.
PCM,Poecilothrissa moeruensis,Lake Mweru sprat
CNR,Nannothrissa parva,Lake Tumba dwarf sprat
CUR,Clupeichthys aesarnensis,Thai river sprat
CVU,Clupeichthys goniognathus,Sumatran river sprat
CGS,Congothrissa gossei,Smoothbelly pellonuline
SUM,Sauvagella madagascariensis,Madagascar round herring
DAG,"Stolothrissa, Limnothrissa spp",Dagaas (=Kapenta)
EAS,Amazonsprattus scintilla,Rio Negro pygmy anchovy
EJJ,Jurengraulis juruensis,Jurua anchovy
EVA,Anchoviella alleni,Allen's anchovy
EVG,Anchoviella guianensis,Guyana anchovy
EVJ,Anchoviella jamesi,James's anchovy
EVT,Anchoviella nattereri,Natterer's anchovy
EVV,Anchoviella vaillanti,Vaillant's anchovy
EVK,Anchoviella spp,Anchoviellas nei
ECB,Coilia brachygnathus,Yangtse grenadier anchovy
ESP,Setipinna phasa,Gangetic hairfin anchovy
EYG,Thryssa rastrosa,Fly River thryssa
CDC,Denticeps clupeoides,NA
KCN,Cromeria nilotica,Naked shellear
KGA,Grasseichthys gabonensis,NA
KKA,Kneria auriculata,Airbreathing shellear
KPA,Parakneria abbreviata,NA
GPH,Phractolaemus ansorgii,Hingemouth
DAP,Dallia pectoralis,Alaska blackfish
NVH,Novumbra hubbsi,Olympic mudminnow
UMK,Umbra krameri,Mudminnow
FPI,Esox lucius,Northern pike
EXI,Esox americanus,Redfin pickerel
AMU,Esox reichertii,Amur pike
FBN,Esox masquinongy,NA
FBV,Esox niger,NA
ARP,Arapaima gigas,Arapaima
OOB,Osteoglossum bicirrhosum,Arawana
OSJ,Scleropages jardinii,Australian bonytongue
OHB,Scleropages formosus,Asian bonytongue
HTN,Heterotis niloticus,African bonytongue
NCC,Chitala chitala,Clown knifefish
NCG,Chitala lopis,Giant featherback
NCW,Chitala blanci,Indochina featherback
NQV,Chitala ornata,Clown featherback
ONN,Notopterus notopterus,Bronze featherback
FKN,Notopterus spp,Knifefishes
ONP,Papyrocranus afer,Reticulate knifefish
ONX,Xenomystus nigri,African knifefish
OHA,Hiodon tergisus,Mooneye
OPB,Pantodon buchholzi,Freshwater butterflyfish
OMB,Boulengeromyrus knoepffleri,NA
OBB,Brienomyrus brachyistius,NA
OMC,Campylomormyrus elephas,NA
OMG,Genyomyrus donnyi,NA
OMH,Gnathonemus petersii,Elephantnose fish
OMY,Heteromormyrus pauciradiatus,NA
OMP,Cyphomyrus discorhynchus,Zambesi parrotfish
OMU,Hyperopisus bebe,NA
OMI,Isichthys henryi,NA
OMV,Ivindomyrus opdenboschi,NA
OMR,Marcusenius abadii,NA
OMA,Marcusenius macrolepidotus,Bulldog
OMO,Mormyrus rume,NA
DMN,Mormyrus longirostris,Eastern bottlenose mormyrid
MZU,Mormyrus spp,Bottlenose fishes nei
OMJ,Paramormyrops jacksoni,Ghost stonebasher
OME,Petrocephalus catostoma,Churchill
OMD,Pollimyrus isidori,NA
OMT,Stomatorhinus ater,NA
DML,Mormyrops anguilloides,Cornish jack
OEY,Mormyridae,Elephantsnout fishes nei
OGN,Gymnarchus niloticus,Aba
AXE,Ammocryptocharax elegans,NA
ACI,Acnodon normani,NA
AUM,Aphyocharacidium melandetum,NA
HSX,Hyphessobrycon axelrodi,Calypso tetra
HSH,Hyphessobrycon herbertaxelrodi,Black neon tetra
AXF,Astyanax fasciatus,Banded astyanax
ZYB,Astyanax bimaculatus,Twospot astyanax
VXX,Astyanax spp,Astyanax nei
AXI,Axelrodia riesei,NA
BOO,Brycon atrocaudatus,NA
BZH,Brycon amazonicus,NA
BNC,Brycon cephalus,NA
BND,Brycon devillei,NA
BNY,Brycon erythropterum,NA
BNL,Brycon falcatus,NA
BXN,Brycon hilarii,NA
BNU,Brycon lundii,NA
BNM,Brycon melanopterus,NA
BNV,Brycon guatemalensis,Machaca
BNN,Brycon nattereri,NA
BNO,Brycon orbignyanus,NA
BNP,Brycon pesu,Mourning tetra
BVD,Brycon dentex,NA
BCM,Brycon moorei,Dorada
BZI,Brycon insignis,Tiete tetra
VTB,Brycon sinuensis,NA
FHY,Brycon alburnus,NA
BXH,Brycon spp,NA
BOK,Boehlkea fredcochui,Cochu's blue tetra
HGR,Hemigrammus rodwayi,NA
HGU,Hemigrammus unilineatus,Featherfin tetra
HGC,Hemigrammus caudovittatus,Buenos Aires tetra
HZH,Hemigrammus spp,Tetra nei
MSU,Myleus pacu,NA
MLH,Mylossoma acanthogaster,NA
MLU,Mylossoma aureum,NA
MLD,Mylossoma duriventre,Silver mylossoma
DKM,Mylossoma albiscopum,NA
SXU,Salminus brasiliensis,Dorado
SXG,Salminus hilarii,NA
JSF,Salminus affinis,NA
BMB,Bryconamericus beta,NA
PYE,Pygocentrus nattereri,Red piranha
PYY,Pygocentrus piraya,San Francisco piranha
QYG,Pygocentrus cariba,Black spot piranha
SRD,Serrasalmus brandti,White piranha
SRU,Serrasalmus elongatus,Slender piranha
SRM,Serrasalmus rhombeus,Redeye piranha
SSS,Serrasalmus spilopleura,Speckled piranha
RRX,Serrasalmus spp,Piranhas nei
CMT,Cynopotamus argenteus,NA
BXZ,Cynopotamus atratoensis,NA
BZA,Cynopotamus magdalenae,NA
TYM,Tyttocharax madeirae,Blackedge tetra
AXY,Aphyocharax erythrurus,Flametail tetra
CSM,Colossoma macropomum,Cachama
PYU,Pygopristis denticulata,Lobetoothed piranha
BNA,Bryconops affinis,Orangefin tetra
CXA,Carlastyanax aurocaudatus,NA
PNN,Catoprion mento,Wimple piranha
CEY,Chalceus erythrurus,NA
DCW,Chalceus macrolepidotus,Pinktail chalceus
CDF,Characidium fasciatum,Darter characin
CXC,Charax condei,NA
EXX,Exodon paradoxus,Bucktooth tetra
CDU,Cheirodon pisciculus,NA
CGB,Creagrutus beni,Goldstripe characin
CMI,Corynopoma riisei,Swordtail characin
GYT,Gymnocorymbus ternetzi,Black tetra
CSD,Piaractus brachypomus,Pirapatinga
CSO,Piaractus mesopotamicus,Pacu
TXB,P. mesopotamicus x P. brachypomus,"Patinga, hybrid"
CBU,Ctenobrycon spilurus,Silver tetra
CNL,Crenuchus spilurus,Sailfin tetra
DIF,Diapoma speculiferum,NA
EXG,Elachocharax geryi,NA
GIU,Gilbertolus alatus,NA
GXS,Gnathocharax steindachneri,NA
GYE,Gymnocharacinus bergii,Naked characin
HSM,Hasemania melanura,Copper tetra
HBD,Hemibrycon dentatus,NA
HSP,Holoshesthes pequira,NA
IGS,Iguanodectes spilurus,NA
INK,Inpaichthys kerri,Royal tetra
KLR,Klausewitzia ritae,NA
KNH,Knodus heteresthes,NA
LPO,Leptocharacidium omospilus,NA
MEB,Melanocharacidium blennioides,NA
MEY,Metynnis argenteus,Silver dollar
JXM,Metynnis lippincottianus,NA
MIE,Microcharacidium eleotrioides,NA
MII,Mimagoniates inequalis,Croaking tetra
MKI,Moenkhausia intermedia,NA
QHT,Moenkhausia pittieri,NA
MJM,Moojenichthys myersi,NA
NET,Nematobrycon lacortei,Rainbow tetra
ODA,Odontocharacidium aphanes,NA
ODG,Odontostilbe gracilis,NA
OLH,Oligosarcus hepsetus,NA
PDX,Paracheirodon axelrodi,Cardinal tetra
PDI,Paracheirodon innesi,Neon tetra
PGU,Paragoniates alburnus,NA
PEG,Petitella georgiae,False rummynose tetra
PGL,Phenagoniates macrolepis,NA
PID,Piabucus dentatus,NA
POW,Poecilocharax weitzmani,Black morpho tetra
POV,Poptella brevispina,NA
PMF,Prionobrama filigera,Glass bloodfin
PTX,Pristella maxillaris,X-ray tetra
PYR,Pseudocorynopoma doriae,Dragonfin tetra
RON,Rhoadsia altipinna,NA
RXG,Roeboexodon guyanensis,NA
REU,Roeboides caucae,NA
SMS,Saccoderma melanostigma,NA
STY,Stygichthys typhlops,Blind tetra
TEA,Tetragonopterus argenteus,NA
TYB,Thayeria boehlkei,Blackline penguinfish
TPU,Triportheus angulatus,NA
VSF,Triportheus magdalenae,NA
XEB,Xenagoniates bondi,NA
CHA,Characidae,Characins nei
TXY,P. mesopotamicus x C. macropomum,"Tambacu, hybrid"
TXZ,C. macropomum x P. brachypomus,"Tambatinga, hybrid"
GCM,Carnegiella marthae,Blackwing hatchetfish
GTS,Thoracocharax securis,Giant hatchetfish
GGL,Gasteropelecus levis,Silver hatchetfish
BOV,Boulengerella cuvieri,NA
BXS,Boulengerella maculata,Spotted pike-characin
CNB,Ctenolucius beani,NA
LPU,Leporellus vittatus,NA
OIA,Anostomoides laticeps,NA
CNH,Caenotropus labyrinthicus,NA
COF,Chilodus fritillus,NA
LMN,Laemolyta taeniata,NA
ABQ,Abramites eques,NA
LPC,Leporinus fasciatus,Banded leporinus
LPD,Leporinus friderici,Threespot leporinus
LPR,Leporinus granti,NA
KLZ,Leporinus agassizii,NA
KQW,Leporinus klausewitzi,NA
KSA,Leporinus subniger,NA
KSG,Leporinus wolfei,NA
NVV,Leporinus ecuadorensis,NA
LXZ,Leporinus spp,NA
SZO,Schizodon corti,NA
SZF,Schizodon fasciatus,NA
JSK,Schizodon scotorhabdotus,NA
SXZ,Schizodon spp,NA
PDT,Pseudanos trimaculatus,Threespot headstander
KJM,Megaleporinus muyscorum,NA
LWU,Megaleporinus macrocephalus,NA
LPB,Megaleporinus obtusidens,NA
LWW,Megaleporinus elongatus,NA
NYG,Megaleporinus spp,NA
RYA,Rhytiodus argenteofuscus,NA
STM,Anostomus anostomus,Striped headstander
ARL,Argonectes longiceps,NA
BVB,Bivibranchia bimaculata,NA
EIM,Eigenmannina melanopogon,NA
HDO,Hemiodus argenteus,NA
HDG,Hemiodus gracilis,NA
HZZ,Hemiodus spp,NA
SDD,Saccodon dariensis,NA
IOA,Apareiodon affinis,NA
PDO,Parodon pongoensis,Pongo characin
AWZ,Anodus elongatus,NA
CDG,Citharidium ansorgii,NA
CND,Citharinops distichodoides,NA
CNC,Citharinus citharus,NA
CJG,Citharinus gibbosus,NA
THU,Citharinus latus,NA
CIV,Citharinus spp,Citharinus nei
EYR,Erythrinus erythrinus,NA
HOA,Hoplias aimara,NA
HWM,Hoplias microlepis,NA
HWU,Hoplias malabaricus,Trahira
HWL,Hoplias macrophthalmus,Giant trahira
HWC,Hoplias lacerdae,NA
HWI,Hoplias curupira,Black wolf-fish
HVW,Hoplias spp,NA
HPU,Hoplerythrinus unitaeniatus,Aimara
HED,Hepsetus odoe,Kafue pike
CGT,Copeina guttata,Redspotted tetra
LCA,Copella arnoldi,Splash tetra
LLT,Lebiasina astrigata,NA
NKW,Lebiasina bimaculata,Twospot lebiasina
NNB,Nannostomus beckfordi,Golden pencilfish
LPP,Piabucina panamensis,NA
LPF,Pyrrhulina filamentosa,NA
PLL,Prochilodus lineatus,Streaked prochilod
PLR,Prochilodus reticulatus,Netted prochilod
QPN,Prochilodus nigricans,Black prochilodus
QMR,Prochilodus mariae,NA
QMG,Prochilodus magdalenae,Magdalena River prochilodus
QYD,Prochilodus rubrotaeniatus,NA
PRL,Prochilodus spp,Prochilods nei
ICH,Ichthyoelephas humeralis,NA
IWY,Ichthyoelephas longirostris,NA
CXD,Cyphocharax abramoides,NA
DOZ,Cyphocharax magdalenae,NA
PNL,Potamorhina laticeps,NA
XPR,Potamorhina altamazonica,NA
XPT,Potamorhina latior,NA
XPU,Potamorhina spp,NA
CTY,Curimatopsis crypticus,NA
PSZ,Psectrogaster amazonica,NA
PDB,Pseudocurimata boulengeri,NA
QXM,Pseudocurimata troschelii,NA
SKI,Semaprochilodus insignis,Kissing prochilodus
SSU,Semaprochilodus taeniurus,Silver prochilodus
JSJ,Semaprochilodus kneri,NA
JSL,Semaprochilodus laticeps,NA
RWX,Semaprochilodus spp,NA
SCV,Steindachnerina varii,NA
CUU,Curimata cyprinoides,NA
RZD,Curimata mivartii,NA
BZU,Curimata spp,NA
AEB,Alestes baremoze,NA
AED,Alestes dentex,NA
AEA,Alestes lateralis,Stripped robber
XAE,Alestes spp,NA
AEH,Alestopetersius brichardi,NA
ADS,Arnoldichthys spilopterus,Niger tetra
BTE,Bathyaethiops breuseghemi,NA
BPA,Brachypetersius altus,NA
BCE,Brycinus leuciscus,NA
BCO,Brycinus longipinnis,Longfin tetra
BCU,Brycinus luteus,NA
BZC,Brycinus nurse,Nurse tetra
ZYT,Brycinus imberi,Spot-tail
BCC,Bryconaethiops boulengeri,NA
CXO,Clupeocharax schoutedeni,NA
DUB,Duboisialestes bifasciatus,NA
HGB,Hemigrammopetersius barnardi,Barnard's robber
HCF,Hydrocynus forskahlii,Elongate tigerfish
HCV,Hydrocynus vittatus,Tiger fish
LGR,Ladigesia roloffi,Sierra leone dwarf characin
LPA,Lepidarchus adonis,Jellybean tetra
MLC,Micralestes acutidens,Sharptooth tetra
NNA,Nannopetersius ansorgii,NA
PTN,Petersius conserialis,NA
PGN,Phenacogrammus aurantiacus,NA
RHB,Rhabdalestes brevidorsalis,NA
TSC,Tricuspidalestes caeruleus,NA
VJX,Alestidae,NA
CNW,Cynodon gibbus,NA
HYT,Hydrolycus pectoralis,NA
HWV,Hydrolycus scomberoides,Payara
HWO,Hydrolycus armatus,NA
RPV,Rhaphiodon vulpinus,Biara
ACF,Acestrorhynchus falcatus,NA
AWF,Acestrorhynchus microlepis,Pike characin
BXI,Acestrorhynchus abbreviatus,NA
AZR,Acestrorhynchidae,NA
BEU,Belonophago hutsebouti,NA
XES,Xenocharax spilurus,NA
PHJ,Phago boulengeri,NA
PHG,Paraphago rostratus,NA
PDD,Paradistichodus dimidiatus,NA
NLA,Neolebias ansorgii,NA
CXG,Neolebias gossei,NA
NXA,Nannocharax altus,NA
NNU,Nannaethiops unitaeniatus,Oneline tetra
MTB,Microstomatichthyoborus bashforddeani,NA
MSO,Mesoborus crocodilus,NA
IHB,Ichthyborus besse,NA
HMT,Hemistichodus lootensi,NA
HXA,Hemigrammocharax angolensis,NA
EUT,Eugnathichthys eetveldii,NA
DXB,Dundocharax bidentatus,NA
DTM,Distichodus maculatus,Spotted citharinid
DTN,Distichodus nefasch,NA
DIU,Distichodus affinis,Silver distichodus
DTX,Distichodus sexfasciatus,Sixbar distichodus
DKG,Distichodus mossambicus,Nkupe
DKO,Distichodus shenga,Chessa
DSE,Distichodus spp,Grass-eaters nei
JXJ,Myloplus asterias,NA
JXE,Myloplus schomburgkii,NA
RML,Rhamphichthys hahni,NA
JVT,Rhamphichthys rostratus,NA
GYH,Gymnorhamphichthys hypostomus,NA
OEE,Oedemognathus exodon,NA
GYC,Gymnotus carapo,Banded knifefish
EPE,Electrophorus electricus,Electric eel
ADB,Adontosternarchus balaenops,NA
AEF,Apteronotus albifrons,Black ghost
AEY,Apteronotus leptorhynchus,NA
MGD,Magosternarchus duccis,NA
MDC,Megadontognathus cuyuniense,NA
OSN,Orthosternarchus tamandua,NA
PCT,Platyurosternarchus macrostomus,NA
POQ,Porotergus compsus,NA
SRV,Sternarchella curvioperculata,NA
SCJ,Sternarchogiton cuchillejo,NA
SML,Sternarchorhamphus muelleri,NA
SYY,Sternarchorhynchus curvirostris,NA
UBM,Ubidia magdalenensis,NA
BHI,Brachyhypopomus beebei,NA
HYR,Hypopomus artedi,NA
HYU,Hypopygus lepturus,NA
MIB,Microsternarchus bilineatus,NA
RCF,Racenisia fimbriipinna,NA
STD,Steatogenys duidae,NA
ARX,Archolaemus blax,NA
DYO,Distocyclus conirostris,NA
EIH,Eigenmannia humboldtii,NA
EIV,Eigenmannia virescens,Glass knifefish
RLV,Rhabdolichops caviceps,NA
SGT,Sternopygus astrabes,NA
SGC,Sternopygus macrurus,Longtail knifefish
VSD,Sternopygus aequilabiatus,NA
RXH,Sternopygus arenatus,NA
QVY,Sternopygus spp,NA
DYC,Diplomystes chilensis,Tollo
DYN,Diplomystes nahuelbutaensis,NA
NTM,Acanthodoras spinosissimus,Talking catfish
MXP,Agamyxis pectinifrons,Whitebarred catfish
LYH,Amblydoras hancockii,Blue-eye catfish
ADG,Anadoras grypus,NA
AZA,Anduzedoras arleoi,NA
ADV,Apuredoras rivasi,NA
OXK,Oxydoras kneri,NA
OXJ,Oxydoras niger,Ripsaw catfish
ATF,Astrodoras asterifrons,NA
ADM,Autanadoras milesi,NA
THK,Centrochir crocodili,NA
NRB,Centrodoras brachiatus,NA
DDG,Deltadoras guayoensis,NA
DPZ,Doraops zuloagai,NA
DRV,Doras brevis,NA
FCM,Franciscodoras marmoratus,NA
HSA,Hassar affinis,NA
HDM,Hemidoras morrisi,NA
HDB,Hildadoras bolivarensis,NA
HDZ,Hoplodoras ramirezi,NA
HDF,Hypodoras forficulatus,NA
LTC,Leptodoras acipenserinus,NA
LDD,Lithodoras dorsalis,NA
MGW,Megalodoras irwini,NA
NMB,Nemadoras bachi,NA
ODO,Opsodoras boulengeri,NA
OCG,Orinocodoras eigenmanni,NA
PYL,Physopyxis lyra,NA
PYS,Platydoras costatus,Raphael catfish
DPH,Pseudodoras holdeni,NA
DSU,Sachsdoras apurensis,NA
DSH,Scorpiodoras heckelii,NA
DTA,Trachydoras atripes,NA
DWM,Wertheimeria maculata,NA
DZG,Zathorax gonzalezi,NA
DPG,Pterodoras granulosus,Granulated catfish
QVG,Pterodoras rivasi,NA
DRD,Rhinodoras dorbignyi,NA
DRW,Rhynchodoras woodsi,NA
AYB,Asterophysus batrachus,NA
AYL,Auchenipterichthys longimanus,NA
AEI,Auchenipterus nigripinnis,NA
CMX,Centromochlus existimatus,NA
EMJ,Entomocorus benjamini,NA
EPO,Epapterus blohmi,NA
GGS,Gelanoglanis stroudi,NA
TYJ,Trachycorystes cratensis,NA
TYL,Trachycorystes striatulus,Singing catfish
TYY,Trachycorystes trachycorystes,Black catfish
LMU,Liosomadoras oncinus,Jaguar catfish
PDC,Pseudepapterus cucuhyensis,NA
PDV,Pseudotatia parva,NA
TAT,Tatia altae,NA
TYG,Taunayia marginata,NA
TSE,Tocantinsia depressa,NA
TYU,Trachelyichthys decaradiatus,NA
TYZ,Trachelyopterichthys anduzei,NA
TYR,Trachelyopterus coriaceus,NA
VSR,Trachelyopterus galeatus,NA
VSW,Trachelyopterus insignis,NA
NBW,Pseudauchenipterus nodosus,Cocosoda catfish
GDA,Glanidium albescens,NA
PSX,Parauchenipterus albicrux,NA
TMQ,Tetranematichthys quadrifilis,NA
TMA,Tympanopleura alta,NA
GNT,Ageneiosus atronasus,NA
GNV,Ageneiosus brevis,NA
GNU,Ageneiosus dentatus,NA
GNM,Ageneiosus madeirensis,NA
GNL,Ageneiosus melanopogon,NA
GNN,Ageneiosus parnaguensis,NA
GNY,Ageneiosus polystictus,NA
GNO,Ageneiosus rondoni,NA
GNH,Ageneiosus therezine,NA
GNK,Ageneiosus ucayalensis,NA
GNW,Ageneiosus uruguayensis,NA
GNI,Ageneiosus valenciennesi,NA
GNJ,Ageneiosus vittatus,NA
GJZ,Ageneiosus inermis,Manduba
GNQ,Ageneiosus marmoratus,Bottlenose catfish
GKB,Ageneiosus pardalis,NA
ATD,Anodontiglanis dahli,NA
NSA,Neosilurus argenteus,Silver tandan
NST,Neosilurus ater,Narrowfront tandan
NSB,Neosilurus brevidorsalis,Shortfin tandan
OLU,Oloplotosus luteus,Pale yellow tandan
PMK,Porochilus meraukensis,Merauke tandan
TDT,Tandanus tandanus,Tandan catfish
TDK,Tandanus bostocki,Freshwater cobbler
SBI,Belodontichthys dinema,NA
SGS,Ceratoglanis scleronema,NA
HHT,Hemisilurus heterorhynchus,NA
HTY,Hito taytayensis,NA
PWK,Pinniwallago kanpurensis,NA
PYF,Pterocryptis afghana,NA
THY,Silurichthys citatus,NA
SOM,Silurus glanis,Wels(=Som) catfish
SRO,Silurus asotus,Amur catfish
SUW,Silurus biwaensis,Lake Biwa catfish
UST,Silurus triostegus,Tigris catfish
UMD,Silurus meridionalis,Chinese large-mouth catfish
UZA,Silurus soldatovi,Soldatov's catfish
KTC,Kryptopterus cryptopterus,NA
KTB,Kryptopterus bicirrhis,Glass catfish
KTM,Kryptopterus macrocephalus,Striped glass catfish
CAG,Kryptopterus spp,Glass catfishes
OKB,Ompok bimaculatus,Butter catfish
OKP,Ompok pabda,Pabdah catfish
QDN,Ompok hypophthalmus,NA
QDO,Ompok miostoma,NA
WAA,Wallago attu,Wallago
WAX,Wallago spp,NA
KTA,Phalacronotus apogon,NA
KTK,Phalacronotus bleekeri,NA
KTD,Phalacronotus micronemus,NA
BMH,Amarginops hildae,Hilda's grunter
AUO,Auchenoglanis occidentalis,Bubu
AUB,Auchenoglanis biscutatus,NA
AUS,Austroglanis sclateri,NA
BTT,Batasio batasio,NA
BTR,Bathybagrus tetranema,NA
BCA,Chandramara chandramara,NA
CGW,Coreobagrus ichikawai,NA
BXW,Coreobagrus brevicorpus,Korean stumpy bullhead
BGC,Gephyroglanis congicus,NA
BGH,Bagrichthys hypselopterus,Blacklancer catfish
BGM,Bagrichthys macropterus,False black lancer
BGL,Bagroides melapterus,NA
NGP,Notoglanidium pallidum,NA
BGD,Gnathobagrus depressus,NA
BHB,Hemibagrus baramensis,NA
BMD,Hemibagrus wyckii,NA
BWK,Hemibagrus wyckioides,NA
MYN,Hemibagrus nemurus,Asian redtail catfish
IJA,Hemibagrus microphthalmus,NA
BZG,Hemibagrus guttatus,NA
BHO,Horabagrus brachysoma,NA
PGI,Parauchenoglanis akiri,NA
PGG,Parauchenoglanis guttatus,Dotted catfish
PGO,Parauchenoglanis macrostoma,Flatnose catfish
LUA,Liauchenoglanis maculatus,NA
LPQ,Lophiobagrus aquilus,NA
JBZ,Lophiobagrus cyclurus,African bullhead
PIT,Pardiglanis tarabinii,NA
LCE,Leiocassis siamensis,Asian bumblebee catfish
LLZ,Leiocassis longirostris,Chinese longsnout catfish
BMC,Mystus cavasius,Gangetic mystus
BMG,Mystus gulio,Long whiskers catfish
BMT,Mystus tengara,NA
BMV,Mystus vittatus,Striped dwarf catfish
IES,Mystus atrifasciatus,NA
BMM,Mystus micracanthus,Twospot catfish
BMZ,Mystus nigriceps,NA
IFE,Mystus bocourti,NA
IFF,Mystus multiradiatus,NA
IFG,Mystus mysticetus,NA
IFH,Mystus rhegma,NA
IFI,Mystus singaringan,NA
BXM,Mystus spp,NA
BCS,Chrysichthys mabusi,NA
CSR,Chrysichthys nigrodigitatus,Bagrid catfish
BCY,Chrysichthys auratus,NA
BCT,Chrysichthys maurus,NA
BCR,Chrysichthys brachynema,Kibonde
BCI,Chrysichthys cranchii,Kokuni
BCG,Chrysichthys grandis,Kukumai
BCN,Chrysichthys longipinnis,Aluminum catfish
BCJ,Chrysichthys ornatus,Ornate bagrid
IQL,Chrysichthys platycephalus,NA
IQM,Chrysichthys sianenna,NA
IQN,Chrysichthys stappersii,NA
CST,Chrysichthys spp,Black catfishes nei
CLW,Clarotes bidorsalis,NA
RRT,Rita rita,Rita
BGJ,Bagrus bajad,Bayad
BGK,Bagrus docmak,Semutundu
BGE,Bagrus meridionalis,NA
CAN,Bagrus spp,Naked catfishes
BHE,Rheoglanis dendrophorus,NA
BPU,Pseudobagrus aurantiacus,NA
WPB,Pseudobagrus vachellii,NA
WGK,Pseudobagrus koreanus,NA
BPD,Platyglanis depierrei,NA
PLU,Phyllonemus typus,Spatula-barbeled catfish
YCH,Pelteobagrus fulvidraco,Yellow catfish
YZI,Pelteobagrus ussuriensis,Ussuri catfish
BGA,Sperata aor,Long-whiskered catfish
BVF,Bagridae,Bagrid catsfih nei
ICB,Ictalurus balsanus,NA
ITP,Ictalurus punctatus,Channel catfish
ICU,Ictalurus australis,NA
ITF,Ictalurus furcatus,Blue catfish
ICD,Ictalurus dugesii,NA
ICL,Ictalurus lupus,Headwater catfish
ICM,Ictalurus mexicanus,NA
ICO,Ictalurus ochoterenai,NA
ICP,Ictalurus pricei,Yaqui catfish
CAF,Ictalurus spp,Catfishes nei
IXP,Ictalurus punctatus x I. furcatus,"Channel-blue catfish, hybrid"
ITC,Ameiurus catus,White catfish
IAB,Ameiurus brunneus,Snail bullhead
IAP,Ameiurus platycephalus,Flat bullhead
IAS,Ameiurus serracanthus,Spotted bullhead
ITM,Ameiurus melas,Black bullhead
ITN,Ameiurus natalis,Yellow bullhead
ITE,Ameiurus nebulosus,Brown bullhead
IPH,Prietella phreatophila,Mexican blindcat
ISE,Satan eurystomus,Widemouth blindcat
IPO,Pylodictis olivaris,Flathead catfish
INX,Noturus exilis,Slender madtom
INF,Noturus flavus,Stonecat
ING,Noturus gyrinus,Tadpole madtom
INI,Noturus insignis,Margined madtom
INP,Noturus phaeus,Brown madtom
INL,Noturus placidus,Neosho madtom
INT,Noturus stigmosus,Northern madtom
ITA,Trogloglanis pattersoni,Toothless blindcat
LGI,Liobagrus reinii,NA
LYM,Amblyceps mangois,NA
AKF,Akysis fuscus,NA
BQG,Breitensteinia insignis,NA
ADC,Acrochordonichthys chamaeleon,NA
ONT,Conta conta,NA
CGK,Coraglanis kishinouyei,NA
EHM,Erethistes maesotensis,NA
EHO,Erethistoides montana,NA
EHF,Euchiloglanis feae,NA
EXB,Exostoma berdmorei,NA
HRH,Hara hara,NA
MGB,Myersglanis blythii,NA
NGI,Nangra itchkeea,NA
OGD,Oreoglanis delacouri,NA
PCP,Pareuchiloglanis poilanei,NA
PDU,Pseudecheneis sulcatus,NA
PGB,Pseudolaguvia tuberculatus,NA
BGG,Bagarius bagarius,Goonch
DMQ,Bagarius yarrelli,NA
GGE,Gagata cenia,NA
GGA,Gagata gagata,NA
GYM,Glyptosternon maculatum,NA
SOD,Sisor rabdophorus,NA
GXA,Glyptothorax alaknandi,NA
DTO,Pachypterus atherinoides,NA
DET,Andersonia leptura,NA
BGB,Belonoglanis brieni,NA
DUA,Doumea alula,NA
LGB,Leptoglanis bouilloni,NA
PAF,Paramphilius firestonei,NA
HRN,Phractura ansorgii,NA
HFV,Phractura fasciata,NA
TYI,Trachyglanis ineac,NA
ZYZ,Zaireichthys zonatus,NA
LUT,Amphilius platychir,Mountain barbel
CAC,Chaca chaca,Squarehead catfish
CAK,Chaca bankanensis,Angler catfish
AIC,Ailia coila,NA
LUG,Clupisoma garua,NA
EUD,Eutropiellus debauwi,NA
LDH,Laides hexanema,NA
NPK,Neotropius khavalchor,NA
ILP,Parailia pellucida,Glass schilbid
EUU,Pareutropius buffei,NA
ITK,Proeutropiichthys taakree,NA
LND,Silonia silondia,Silond catfish
LUU,Siluranodon auritus,NA
EUV,Eutropiichthys vacha,NA
UDA,Pseudeutropius atherinoides,Indian potasi
HII,Schilbe intermedius,NA
HIY,Schilbe mystus,African butter catfish
HIM,Schilbe marmoratus,Shoulderspot catfish
HIU,Schilbe uranoscopus,NA
QDR,Ailiichthys punctata,NA
IVO,Irvineia orientalis,NA
DMR,Schilbeidae,NA
CBP,Channallabes apus,Eel catfish
DPA,Dinotopterus atribranchus,NA
DCM,Dolichallabes microphthalmus,NA
ECU,Encheloclarias baculum,NA
GYV,Gymnallabes alvarezi,NA
HGK,Horaglanis krishnai,Indian blind catfish
PYO,Platyallabes tihoni,NA
PYC,Platyclarias machadoi,NA
TKM,Tanganikallabes mortiauxi,NA
XCE,Xenoclarias eupogon,NA
CBT,Clarias batrachus,Philippine catfish
CFS,Clarias fuscus,Hong Kong catfish
CLZ,Clarias gariepinus,North African catfish
CMC,Clarias macrocephalus,Bighead catfish
LRA,Clarias alluaudi,NA
CLN,Clarias anguillaris,Mudfish
LRN,Clarias ngamensis,Blunt-toothed African catfish
LRT,Clarias theodorae,Snake catfish
LRW,Clarias werneri,NA
CZG,Clarias nieuhofii,Slender walking catfish
ZZB,Clarias nigromarmoratus,NA
CTO,Clarias spp,Torpedo-shaped catfishes nei
CGM,Clarias gariepinus x C. macrocephalus,"Africa-bighead catfish, hybrid"
HEB,Heterobranchus bidorsalis,African catfish
HEL,Heterobranchus longifilis,Sampa
WIX,Heterobranchus spp,Heterobranchus catfish nei
LLM,Clariallabes attemsi,NA
UGZ,Uegitglanis zammaranoi,NA
ZYU,Bathyclarias nyasensis,NA
XHC,H. longifilis x C. gariepinus,"Hetero-Clarias catfish, hybrid"
OYB,Olyra burmanica,Longtail catfish
MPC,Malapterurus electricus,Electric catfish
MPI,Malapterurus microstoma,Smallmouth electric catfish
UYT,Aguarunichthys torosus,NA
UGD,Aguarunichthys inpai,NA
BPR,Bagropsis reinhardti,NA
BGP,Bergiaria platana,NA
BGF,Brachyglanis frenata,NA
BPF,Brachyplatystoma filamentosum,Kumakuma
BPJ,Brachyplatystoma juruense,Zebra catfish
BPT,Brachyplatystoma vaillanti,Laulao catfish
BXP,Brachyplatystoma rousseauxii,NA
BXV,Brachyplatystoma tigrinum,Tigerstriped catfish
GNP,Brachyplatystoma platynemum,Slobbering catfish
HYM,Calophysus macropterus,Zamurito
HCB,Cheirocerus abuelo,NA
DUE,Duopalatinus emarginatus,NA
DLV,Duopalatinus peruanus,NA
GDM,Gladioglanis machadoi,NA
GDQ,Goeldiella eques,NA
HBY,Hemisorubim platyrhynchos,Porthole shovelnose catfish
NGL,Nemuroglanis lanceolatus,NA
MGO,Myoglanis collettii,NA
LSX,Lophiosilurus alexandri,NA
LRP,Leiarius marmoratus,NA
RMI,Leiarius arekaima,NA
KUZ,Leiarius spp,NA
IMM,Imparfinis mirini,NA
RMQ,Rhamdia quelen,South American catfish
RNX,Rhamdia spp,NA
PMB,Pimelodus albicans,NA
PMS,Pimelodus altissimus,NA
PMM,Pimelodus fur,NA
PMJ,Pimelodus jivaro,NA
MDM,Pimelodus maculatus,NA
MDN,Pimelodus ornatus,NA
PMI,Pimelodus grosskopfii,Capaz
MDP,Pimelodus pictus,NA
MDL,Pimelodus platicirris,NA
QOC,Pimelodus albofasciatus,NA
QOD,Pimelodus blochii,NA
QOH,Pimelodus punctatus,NA
QOM,Pimelodus yuma,NA
MXW,Pimelodus spp,NA
SBO,Sorubim latirostris,NA
SBM,Sorubim lima,Duckbill catfish
SII,Sorubim trigonocephalus,Arrowhead shovelnose
VSA,Sorubim cuspicaudus,NA
PNO,Perrunichthys perruno,Leopard catfish
PMN,Phenacorhamdia anisura,NA
PEH,Phractocephalus hemioliopterus,Redtail catfish
PBT,Phreatobius cisternarum,NA
MDI,Pinirampus pirinampu,Flatwhiskered catfish
PMG,Pimelodella gracilis,Graceful pimelodella
PML,Pimelodella laticeps,NA
PMH,Pimelodella hasemani,NA
PMY,Pimelodella yuncensis,NA
PMT,Pimelodella altipinnis,NA
QRM,Pimelodella spp,NA
MDU,Piramutana piramuta,NA
PMQ,Platynematichthys notatus,Coroatá
TLU,Platysilurus barbatus,NA
YWT,Platysilurus mucosus,NA
PLJ,Paulicea jahu,NA
PLK,Paulicea luetkeni,Jaú
UDC,Pseudoplatystoma corruscans,Spotted sorubim
UDF,Pseudoplatystoma fasciatum,Barred sorubim
UDT,Pseudoplatystoma tigrinum,Tiger sorubim
UTW,Pseudoplatystoma reticulatum,NA
QVC,Pseudoplatystoma magdaleniatum,NA
QVD,Pseudoplatystoma metaense,NA
QVE,Pseudoplatystoma orinocoense,NA
QVF,Pseudoplatystoma punctifer,NA
UPY,Pseudoplatystoma spp,Sorubims nei
PXW,Pseudopl. corruscans x P. reticulatum,NA
ZUZ,Zungaro zungaro,Gilded catfish
LPI,Luciopimelodus pati,Pati
MGE,Microglanis ater,NA
MGG,Megalonema argentina,NA
HPM,Heptapterus mustelinus,NA
IHL,Iheringichthys labrosus,NA
PMV,Parapimelodus valenciennis,NA
UDB,Pseudopimelodus albomarginatus,NA
QZD,Pseudopimelodus spp,NA
CPQ,Cetopsorhamdia boquillae,NA
MTU,Platystomatichthys mucosus,NA
YWP,Platystomatichthys sturio,NA
GLM,Pteroglanis manni,NA
RLC,Rhamdella eriarcha,NA
HPN,Hypophthalmus edentatus,Highwaterman catfish
HBU,Hypophthalmus spp,Loweye catfishes nei
RIM,Rhamdiopsis moreirai,NA
SIH,Sorubimichthys planiceps,Firewood catfish
SAY,Steindachneridion amblyurua,NA
TBK,Typhlobagrus kronei,NA
ZUM,Zungaropsis multimaculatus,NA
HWE,Conorhynchos conirostris,NA
EXJ,Exallodontus aguanai,NA
QFH,Pimelodina flavipinnis,NA
PXZ,Leiarius marmoratus x P. reticulatum,NA
HGA,Helogenes castaneus,NA
TPE,Acanthopoma annectens,NA
PME,Apomatoceros alleni,NA
BNI,Branchioica bertonii,NA
MGN,Nematogenys inermis,NA
TCA,Trichomycterus alternatum,NA
BKM,Bullockia maldonadoi,NA
EMD,Eremophilus candidus,NA
GXU,Glanapteryx anguilla,NA
HMV,Haemomaster venezuelae,NA
HTM,Hatcheria macraei,NA
HMN,Homodiaetus anisitsi,NA
ITZ,Ituglanis amazonicum,NA
MGL,Malacoglanis gelatinosus,NA
MGY,Miuroglanis platycephalus,NA
OHL,Ochmacanthus alternus,NA
PTV,Paracanthopoma parva,NA
PHZ,Parastegophilus maculatus,NA
PVX,Paravandellia oxyptera,NA
PIO,Pareiodon microps,NA
PLH,Plectrochilus erythrurus,NA
PGF,Pseudostegophilus nemurus,NA
PGD,Pygidianops eigenmanni,NA
SGM,Sarcoglanis simplex,NA
SMJ,Scleronema minutum,NA
SHJ,Stegophilus insidiosus,NA
TGL,Trichogenes longipinnis,NA
TDE,Tridens melanops,NA
TDR,Tridensimilis brevis,NA
TDP,Tridentopsis pearsoni,NA
TTZ,Typhlobelus ternetzi,NA
TVC,Vandellia cirrhosa,Candiru
ADA,Aspidoras albater,NA
BHK,Brochis britskii,NA
DNL,Dianema longibarbis,Porthole catfish
LPM,Lepthoplosternum altamazonicum,NA
MGP,Megalechis personata,NA
LHC,Callichthys callichthys,Cascarudo
RYU,Corydoras aeneus,Bronze corydoras
RYP,Corydoras paleatus,Peppered corydoras
HSR,Hoplosternum littorale,Atipa
HXV,Hoplosternum spp,NA
AYX,Acanthicus hystrix,NA
AIH,Ancistrus cirrhosus,NA
UFQ,Ancistrus spp,NA
AHF,Aphanotorulus frankei,NA
CDH,Cochliodon hondae,NA
RYN,Corymbophanes andersoni,NA
TEM,Cteniloricaria maculata,NA
DTU,Delturus angulicauda,NA
EUH,Eurycheilus pantherinus,NA
FWA,Farlowella acus,Whiptail catfish
HTG,Harttia gracilis,NA
HTC,Harttiella crassicauda,NA
HMB,Hemiancistrus braueri,NA
KSJ,Hemiancistrus landoni,NA
HPC,Hemipsilichthys cameroni,NA
HPG,Hypoptopoma guianense,NA
IKA,Isbrueckerichthys alipionis,NA
ILF,Isorineloricaria spinosissima,Zucchini catfish
KCH,Kronichthys heylandi,NA
LTR,Lamontichthys maracaibero,NA
LAB,Lasiancistrus brevispinis,NA
LSD,Liposarcus pardalis,NA
LGV,Lithogenes villosus,NA
LXB,Lithoxus bovallii,NA
LCL,Loricariichthys labialis,NA
LZC,Loricariichthys anus,NA
MLP,Metaloricaria paucidens,NA
MNC,Monistiancistrus carachama,NA
NPF,Neoplecostomus franciscoensis,NA
LCC,Loricaria cataphracta,NA
OCA,Otocinclus affinis,Golden otocinclus
PHD,Pareiorhina rudolphi,NA
PTK,Parotocinclus britskii,NA
PGW,Pogonopoma wertheimeri,NA
PGY,Pogonopomoides parahybae,NA
PDF,Pseudacanthicus fordii,NA
PAQ,Pseudancistrus barbatus,NA
PNZ,Pseudorinelepis agassizii,NA
PYG,Pterygoplichthys anisitsi,Snow pleco
QYP,Pterygoplichthys pardalis,Amazon sailfin catfish
QYE,Pterygoplichthys multiradiatus,NA
QYF,Pterygoplichthys undecimalis,NA
RIP,Rhinelepis aspera,NA
RIF,Rineloricaria fallax,NA
SUP,Spatuloricaria phelpsi,NA
VSB,Spatuloricaria gymnogaster,NA
SUV,Sturisoma festivum,NA
UPV,Upsilodus victori,NA
HSL,Hypostomus plecostomus,Suckermouth catfish
HSF,Hypostomus affinis,NA
HVA,Hypostomus ventromaculatus,Wara wara
HVB,Hypostomus watwata,Armored catfish
HZF,Hypostomus hondae,NA
HZG,Hypostomus niceforoi,NA
HZN,Hypostomus oculeus,NA
HZY,Hypostomus spp,NA
PQN,Panaque nigrolineatus,Royal panaque
DQU,Panaque cochliodon,NA
DQT,Panaque titan,NA
CTV,Chaetostoma sovichthys,NA
CWW,Chaetostoma thomsoni,NA
CZV,Chaetostoma spp,NA
VSQ,Sturisomatichthys panamensis,NA
CNO,Cranoglanis bouderius,NA
HPT,Helicophagus typus,NA
PNG,Pangasius gigas,Mekong giant catfish
PGP,Pangasius pangasius,Pangas catfish
PGJ,Pangasius larnaudii,Spot pangasius
PGK,Pangasius micronemus,Shortbarbel pangasius
PNW,Pangasius sanitwongsei,Giant pangasius
PQZ,Pangasius djambal,NA
PBL,Pangasius bocourti,Basa catfish
PBW,Pangasius nasutus,NA
QMW,Pangasius polyuranodon,NA
PGZ,Pangasius spp,Pangas catfishes nei
PGS,Pangasianodon hypophthalmus,Striped catfish
HTF,Heteropneustes fossilis,Stinging catfish
AHI,Acanthocleithron chapini,NA
AHB,Atopochilus chabanaudi,NA
GLB,Chiloglanis batesii,NA
EUS,Euchilichthys astatodon,NA
MYI,Microsynodontis batesii,NA
MKP,Mochokiella paynei,NA
MKB,Mochokus brevis,NA
YDA,Synodontis alberti,Bigeye squeaker
YDN,Synodontis angelicus,Angel squeaker
YDC,Synodontis contractus,Bugeye squeaker
YDD,Synodontis decorus,Clown squeaker
YDE,Synodontis eupterus,Featherfin squeaker
YDF,Synodontis flavitaeniatus,Orangestriped squeaker
YDG,Synodontis nigriventris,Blotched upsidedown catfish
YDR,Synodontis nigromaculatus,Blackspotted squeaker
YDJ,Synodontis njassae,Malawi squeaker
YDO,Synodontis notatus,Onespot squeaker
YDP,Synodontis pleurops,Congo squeaker
YDS,Synodontis schall,Wahrindi
YDZ,Synodontis zambesiensis,Plain squeaker
PMD,Synodontis clarias,Mandi
DKQ,Synodontis nebulosus,Cloudy squeaker
CSY,Synodontis spp,Upsidedown catfishes
ABN,Acanthobunocephalus nicoi,NA
AGF,Agmus lyriformis,Gnarled catfish
AUZ,Agmus scabriceps,Bark catfish
AHJ,Amaralia hypsiurus,NA
ADF,Aspredinichthys filamentosus,Sevenbarbed banjo
ADR,Aspredo aspredo,Banjo catfish
BPM,Bunocephalus amaurus,Camouflaged catfish
BPC,Bunocephalus coracoideus,Guitarrita
BPN,Bunocephalus knerii,Ecuador banjo catfish
DUP,Dupouyichthys sapito,NA
DYA,Dysichthys aleuropsis,NA
EYI,Ernstichthys anduzei,NA
HPZ,Hoplomyzon atrizona,NA
MMK,Micromyzon akamai,NA
PCS,Petacara dolichurus,NA
XYB,Xyliphius barbatus,NA
ADY,Platystacus cotylephorus,Banded banjo
CTP,Cetopsis chalmersi,NA
CPD,Cetopsogiton occidentalis,NA
HMA,Hemicetopsis candiru,NA
PCG,Pseudocetopsis gobioides,NA
ABH,Astroblepus chotae,NA
PKA,Parakysis anomalopteryx,NA
DNZ,Cephalosilurus apurensis,NA
FSI,Siluroidei,Freshwater siluroids nei
OYK,Yirrkala kaupii,NA
AOA,Achirophichthys kampeni,Freshwater snake-eel
PFN,Potamorrhaphis eigenmanni,NA
XTC,Xenentodon cancila,Freshwater garfish
AKY,Adrianichthys kruyti,Duckbilled buntingi
HHS,Horaichthys setnai,Malabar ricefish
OYJ,Oryzias javanicus,Javanese ricefish
OWJ,Oryzias latipes,Japanese rice fish
XEO,Xenopoecilus oophorus,Eggcarrying buntingi
FBU,Lota lota,Burbot
IPX,Indostomus paradoxus,Pipe fish
IPJ,Indostomus spp,Pipe fish nei
UCT,Cualac tessellatus,Checkered pupfish
UBC,Cubanichthys cubensis,Cuban killifish
CVZ,Cyprinodon alvarezi,Potosi pupfish
YCM,Cyprinodon macularius,Desert pupfish
YCU,Cyprinodon atrorus,Bolson pupfish
YCF,Cyprinodon latifasciatus,Parras pupfish
YCK,Cyprinodon variegatus,Sheepshead minnow
FYC,Floridichthys carpio,Goldspotted killifish
JDF,Jordanella floridae,Flagfish
KWA,Kosswigichthys asquamatus,Scaleless killifish
MPP,Megupsilon aporus,Catarina pupfish
OUG,Orestias chungarensis,NA
AFS,Aphanius fasciatus,NA
AFD,Aphanius dispar,NA
AFJ,Aphanius iberus,Spanish toothcarp
ADU,Allodontichthys hubbsi,Whitepatched splitfin
ATZ,Allodontichthys tamazulae,Tuxpan splitfin
ADE,Allotoca dugesii,Opal allotoca
GMS,Ameca splendens,Butterfly splitfin
GAW,Ataeniobius toweri,Bluetail goodea
GCY,Crenichthys baileyi,White River springfish
GEE,Empetrichthys merriami,Ash Meadows killifish
GGT,Girardinichthys multiradiatus,Darkedged splitfin
GOT,Goodea atripinnis,Blackfin goodea
KFL,Skiffia lermae,NA
GCE,Chapalichthys encaustus,Barred splitfin
GCP,Chapalichthys pardalis,Polka-dot splitfin
GCU,Characodon audax,Bold characodon
GCT,Characodon lateralis,Rainbow characodon
HUT,Hubbsina turneri,NA
IYF,Ilyodon furcidens,Goldbreast splitfin
ZOQ,Zoogoneticus quitzeoensis,Picotee goodeid
XTE,Xenotoca eiseni,Redtail splitfin
XFC,Xenoophorus captivus,Relict splitfin
XTR,Xenotaenia resolanae,Leopard splitfin
NFC,Neoophorus catarinae,NA
AFR,Alloophorus robustus,Bulldog goodeid
AAW,Anableps anableps,Largescale foureyes
JYL,Jenynsia lineata,Onesided livebearer
XYD,Oxyzygonectes dovii,White-eye
AFU,Alfaro cultratus,NA
GSF,Gambusia affinis,Mosquitofish
GSR,Gambusia echeagarayi,NA
AFE,Aplocheilichthys fuelleborni,NA
BFJ,Brachyrhaphis cascajalensis,NA
UBK,Carlhubbsia kidderi,NA
CXH,Congopanchax brichardi,NA
CXK,Cynopanchax bukobanus,NA
GIL,Girardinus creolus,Creole topminnow
HXS,Hylopanchax stictopleuron,NA
PEK,Poeciliopsis hnilickai,NA
HXE,Hypsopanchax catenatus,NA
LCU,Laciris pelagicus,NA
XFM,Xiphophorus montezumae,Montezuma swordtail
XUV,Xiphophorus alvarezi,NA
LYN,Lamprichthys tanganicanus,Tanganyika killifish
LMY,Limia caymanensis,Grand Cayman limia
NHC,Neoheterandria cana,NA
PFU,Pamphorichthys araguaiensis,NA
PXS,Pantanodon podoxys,NA
FCJ,Phalloptychus januarius,NA
PFD,Plataplochilus cabindae,NA
PRQ,Priapella bonita,NA
PZA,Priapichthys annectens,NA
PRZ,Procatopus aberrans,NA
PRW,Pseudopoecilia austrocolumbiana,NA
QTA,Quintana atrizona,Barred topminnow
SGW,Scolichthys greenwayi,NA
TUI,Tomeurus gracilis,NA
PFX,Phallichthys fairweatheri,NA
XXC,Xenodexia ctenolepis,NA
XUU,Xenophallus umbratilis,NA
FCU,Phalloceros caudimaculatus,Dusky millions fish
CNQ,Cnesterodon carnegiei,NA
HTA,Heterandria attenuata,NA
POZ,Poecilia amazonica,NA
PFL,Poecilia reticulata,Guppy
OZS,Poecilia sphenops,Molly
BXB,Belonesox belizanus,Top minnow
AFM,Adamas formosus,Starhead killi
AFB,Aphyoplatys duboisi,NA
AFH,Aphyosemion ahli,NA
ADI,Aplocheilus dayi,Ceylon killifish
AXD,Aplocheilus panchax,Blue panchax
ADP,Austrofundulus dolichopterus,Saberfin killie
CBY,Cynolebias bellottii,Argentine pearlfish
DCY,Diapteron cyanostictum,Gabon jewelfish
EYA,Epiplatys azureus,NA
FOF,Foerschichthys flavipinnis,NA
FUY,Fundulosoma thierryi,NA
LLN,Leptolebias minimus,Barredtail pearlfish
NBY,Nothobranchius cyaneus,NA
PXO,Pachypanchax omalonotus,NA
PKY,Pronothobranchius kiyawensis,NA
PBG,Pterolebias hoignei,NA
RVY,Rivulus cylindraceus,Green rivulus
SMO,Spectrolebias semiocellatus,NA
PFH,Profundulus hildebrandi,Chiapas killifish
ADX,Adinia xenica,Diamond killifish
FUX,Fundulus bifax,Stippled studfish
LUO,Leptolucania ommata,Pygmy killifish
LUI,Lucania goodei,Bluefin killifish
VLX,Valencia letourneuxi,Corfu toothcarp
VHS,Valencia hispanica,Valencia toothcarp
WAC,Apricaphanius baeticus,NA
PFO,Percopsis omiscomaycus,Trout-perch
PHY,Aphredoderus sayanus,Pirate perch
ABY,Amblyopsis rosae,Ozark cavefish
AYC,Chologaster cornuta,Swampfish
AFA,Forbesichthys agassizi,Spring cavefish
TYP,Speoplatyrhinus poulsoni,Alabama cavefish
TYS,Typhlichthys subterraneus,Southern cavefish
BCB,Odontesthes bonariensis,Argentinian silverside
KRE,Chirostoma estor,NA
KRG,Chirostoma grandocule,NA
KRW,Chirostoma spp,NA
BHL,Basilichthys australis,NA
BHP,Basilichthys microlepidotus,NA
PBH,Poblana alchichica,NA
LSU,Labidesthes sicculus,Brook silverside
BGY,Bedotia geayi,NA
RCO,Rheocles alaotrensis,Katrana
YCR,Cairnsichthys rhombosomoides,NA
CTX,Chilatherina axelrodi,Axelrod's rainbowfish
GII,Glossolepis incisus,Red rainbowfish
IRW,Iriatherina werneri,Threadfin rainbowfish
MLF,Melanotaenia affinis,North New Guinea rainbowfish
RCN,Rhadinocentrus ornatus,NA
KUA,Kiunga ballochi,Glass blue-eye
PDQ,Pseudomugil connieae,Popondetta blue-eye
SGV,Scaturiginichthys vermeilipinnis,Redfinned blue-eye
PSD,Pseudomugilidae,Blue eyes
FLT,Monopterus albus,Asian swamp eel
OFA,Ophisternon aenigmaticum,Obscure swamp eel
SXR,Synbranchus marmoratus,Marbled swamp eel
AVF,Afromastacembelus flavidus,NA
CAV,Caecomastacembelus aviceps,NA
MRE,Macrognathus aculeatus,Lesser spiny eel
MDY,Mastacembelus dayi,NA
MWY,Mastacembelus erythrotaenia,Fire eel
JCB,Mastacembelus cunningtoni,NA
AEX,Mastacembelus sexdecimspinus,NA
ZMB,Mastacembelus armatus,Zig-zag eel
ZMF,Mastacembelus favus,Tire track eel
CDW,Chaudhuria caudata,Burmese spineless eel
CED,Chendol keelini,NA
NGF,Nagaichthys filipes,NA
BIU,Bihunichthys monopteroides,NA
PKJ,Pillaia khajuriai,NA
LTG,Lates angustifrons,Tanganyika lates
LTO,Lates macrophthalmus,Albert lates
LSM,Lates mariae,Bigeye lates
LSL,Lates microlepis,Forktail lates
NIP,Lates niloticus,Nile perch
IRQ,Lates stappersii,Sleek lates
PEX,Lates spp,Freshwater perches nei
MNF,Amniataba affinis,Tiger grunter
HNW,Hannia greenwayi,Greenway's grunter
HFG,Hephaestus fuliginosus,Black bream
LTH,Leiopotherapon aheneus,Fortescue grunter
PGX,Pingalla lorentzi,Lorentz's grunter
SKV,Scortum parviceps,Small-headed grunter
QOF,Scortum barcoo,Barcoo grunter
SKY,Syncomistes kimberleyensis,Kimberley grunter
VAJ,Variichthys jamoerensis,Jamur Lake grunter
BYB,Bidyanus bidyanus,Silver perch
ROY,Morone chrysops,White bass
YBW,Morone mississippiensis,Yellow bass
SBH,Morone chrysops x M. saxatilis,"Striped bass, hybrid"
BKP,Bostockia porosa,Nightfish
OKW,Coreoperca kawamebari,NA
EDV,Edelia vittata,Western pygmy perch
GDU,Gadopsis bispinosus,NA
NHB,Nannatherina balstoni,Balston's pygmy perch
NPO,Nannoperca oxleyana,Oxleyan pygmy perch
ERE,Percichthys melanops,NA
ERT,Percichthys trucha,Creole perch
MCP,Maccullochella peelii,Murray cod
MLQ,Maccullochella macquariensis,Trout cod
MLK,Maccullochella ikei,Eastern freshwater cod
PJW,Percilia gillissi,NA
SIN,Siniperca chuatsi,Mandarin fish
WSG,Siniperca knerii,Big-eye mandarin fish
ZSS,Siniperca scherzeri,Leopard mandarin fish
MQA,Macquaria australasica,Macquarie perch
MCA,Macquaria ambigua,Golden perch
MXQ,Macquaria novemaculeata,Australian bass
AKP,Acantharchus pomotis,Mud sunfish
EUM,Centrarchus macropterus,Flier
LEJ,Lepomis gibbosus,Pumpkinseed
LMM,Lepomis macrochirus,Bluegill
MPJ,Micropterus dolomieu,Smallmouth bass
MPS,Micropterus salmoides,Largemouth black bass
MTT,Micropterus punctulatus,Spotted bass
AKR,Ambloplites rupestris,Rock bass
PXR,Pomoxis annularis,White crappie
PXG,Pomoxis nigromaculatus,Black crappie
AKI,Archoplites interruptus,Sacramento perch
EHC,Enneacanthus chaetodon,Blackbanded sunfish
FPE,Perca fluviatilis,European perch
FPY,Perca flavescens,American yellow perch
PKI,Perca schrenkii,Balkhash perch
AYP,Ammocrypta clara,Western sand darter
AYU,Ammocrypta pellucida,Eastern sand darter
ROV,Romanichthys valsanicola,Asprete
PND,Percarina demidoffii,Percarina
ACC,Gymnocephalus cernua,Ruffe
GYU,Gymnocephalus acerinus,Donets ruffe
GYL,Gymnocephalus baloni,Danube ruffe
GYZ,Gymnocephalus schraetser,Schraetzer
EHE,Etheostoma blennioides,Greenside darter
EHA,Etheostoma caeruleum,Rainbow darter
EHR,Etheostoma flabellare,Fantail darter
EHP,Etheostoma pottsii,Chihuahua darter
PJB,Percina caprodes,Logperch
ZIZ,Zingel zingel,Zingel
STV,Sander vitreus,Walleye
SAV,Sander volgensis,Volga pikeperch
FPP,Sander lucioperca,Pike-perch
SZC,Sander canadensis,Sauger
STP,Sander spp,Walleyes nei
QEU,Percidae,NA
AGR,Aplodinotus grunniens,Freshwater drum
LGT,Plagioscion auratus,Black curbinata
LGQ,Plagioscion squamosissimus,South American silver croaker
LGN,Plagioscion surinamensis,Pacora
TXC,Toxotes chatareus,Spotted archerfish
TXJ,Toxotes jaculatrix,Banded archerfish
TXM,Toxotes microlepis,Smallscale archerfish
AFZ,Afronandus sheljuzhkoi,Fourspine leaffish
RIS,Pristolepis fasciata,Malayan leaffish
NAA,Nandus nandus,Gangetic leaffish
OLE,Polycentropsis abbreviata,African leaffish
BDB,Badis badis,Badis
MNN,Monocirrhus polyacanthus,Amazon leaffish
IUA,Coius campbelli,NA
BNJ,Belobranchus belobranchus,Throat-spine gudgeon
BCZ,Bostrychus zonatus,Barred gudgeon
BWS,Bostrychus sinensis,Four-eyed sleeper
OUY,Bostrychus africanus,NA
UKP,Bunaka pinguis,NA
UTB,Butis butis,Duckbill sleeper
UMG,Calumia godeffroyi,Tailface sleeper
DOM,Dormitator latifrons,Pacific fat sleeper
DMM,Dormitator maculatus,Fat sleeper
DOH,Dormitator lebretonis,NA
DZZ,Eleotris senegalensis,NA
EOF,Eleotris fusca,Dusky sleeper
EOP,Eleotris picta,Spotted sleeper
EOV,Eleotris vittata,NA
EOS,Erotelis smaragdus,Emerald sleeper
GHR,Grahamichthys radiata,Graham's gudgeon
GUV,Guavina guavina,NA
HYG,Hypseleotris agilis,NA
HYJ,Hypseleotris ejuncida,Slender gudgeon
INM,Incara multisquamatus,NA
KIH,Kimberleyeleotris hutchinsi,Mitchell gudgeon
KRK,Kribia kribensis,NA
MEV,Milyeringa veritas,Cave gudgeon
ODC,Odonteleotris macrodon,NA
OFP,Ophieleotris aporos,Snakehead gudgeon
OFM,Ophiocara macrolepidota,NA
FLR,Philypnodon grandiceps,NA
NBK,Prionobutis koilomatodon,Mud sleeper
RKL,Ratsirakia legendrei,NA
TAO,Tateurndina ocellicauda,Peacock gudgeon
TFA,Typhleotris madagascariensis,NA
GBD,Gobiomorus dormitor,Bigmouth sleeper
KJJ,Gobiomorus maculatus,Pacific sleeper
GBV,Gobiomorphus breviceps,Upland bully
GBM,Oxyeleotris marmorata,Marble goby
XYF,Oxyeleotris fimbriata,Fimbriate gudgeon
YBD,Oxyeleotris lineolata,Sleepy cod
MGJ,Mogurnda aiwasoensis,NA
FGB,Eleotridae,"Gudgeons, sleepers nei"
TFT,Ctenogobius fasciatus,Blotchcheek goby
QZG,Ctenogobius lepturus,NA
ACG,Acanthogobius ommaturus,NA
AWA,Awaous aeneofuscus,NA
AWQ,Awaous lateristriga,West African freshwater goby
GBI,Glossogobius biocellatus,Sleepy goby
GOU,Glossogobius giuris,Tank goby
GSZ,Gobioides africanus,NA
GSW,Gobioides sagitta,NA
EDO,Pseudapocryptes borneensis,NA
DWB,Pseudapocryptes elongatus,NA
KNC,Knipowitschia caucasica,NA
GBP,Gobionellus atripinnis,Blackfin goby
GDZ,Gobionellus occidentalis,NA
HGS,Chaenogobius castaneus,Biringo
OUF,Oxyurichthys formosanus,NA
NYW,Oxyurichthys papuensis,Frogface goby
NYT,Oxyurichthys tentacularis,NA
NYI,Oxyurichthys ophthalmonema,Eyebrow goby
ESG,Eutaeniichthys gilli,NA
NBB,Neogobius bathybius,NA
NBU,Neogobius melanostomus,Round goby
RGB,Rhinogobius brunneus,Amur goby
RGF,Rhinogobius flumineus,NA
GSI,Gobiosoma bosc,Naked goby
IGO,Stigmatogobius borneensis,NA
LKB,Luciogobius albus,NA
LKM,Callogobius amikami,NA
IHP,Callogobius bifasciatus,Doublebar goby
IHQ,Callogobius plumatus,Feather goby
BJN,Brachyamblyopus anotus,NA
FYJ,Brachyamblyopus brachysoma,NA
YGA,Brachygobius aggregatus,NA
TDB,Tridentiger barbatus,NA
MJL,Calamiana aliceae,NA
GBG,Caragobioides geomys,NA
SJP,Caspiosoma caspium,NA
HRV,Chiramenu fluviatilis,NA
HBV,Chlamydogobius gloveri,NA
HFP,Chonophorus macrorhynchus,NA
RGN,Cristatogobius nonatoae,NA
DBG,Drombus globiceps,NA
EBG,Ebomegobius goodi,NA
EOY,Economidichthys pygmaeus,NA
FVA,Favonigobius melanobranchus,Blackthroat goby
GTC,Gnatholepis anjerensis,NA
GOY,Gobiopterus brachypterus,NA
HGE,Hemigobius bleekeri,NA
HYX,Hypogymnogobius xanthozona,Bumblebee fish
HGG,Hyrcanogobius bergi,NA
ISM,Istigobius campbelli,NA
IQS,Istigobius decoratus,Decorated goby
IQT,Istigobius ornatus,Ornate goby
GTU,Lentipes armatus,NA
MNW,Mangarinus waterousi,NA
MLZ,Mistichthys luzonensis,NA
MBE,Mugilogobius abei,NA
OGU,Oligolepis acutipennis,Sharptail goby
GPO,Padogobius bonelli,NA
PKW,Pandaka lidwilli,NA
PWM,Parawaous megacephalus,NA
RSO,Proterorhinus marmoratus,Tubenose goby
SGK,Psammogobius knysnaensis,NA
EDC,Pseudogobiopsis campbellianus,NA
EDA,Pseudogobius avicennia,NA
EDM,Pseudotrypauchen multiradiatus,NA
RIY,Redigobius amblyrhynchus,NA
HBA,Schismatogobius ampluvinculus,NA
IYV,Sicydium brevifile,NA
IXC,Sicydium spp,NA
IYA,Sicyopterus caeruleus,NA
IYL,Sicyopterus lagocephalus,Bichique
IYS,Sicyopterus stimpsoni,Stimpson's goby
IYX,Sicyopus auxilimentus,NA
IHD,Silhouettea dotui,NA
EGB,Stenogobius beauforti,Beaufort's goby
IFA,Stiphodon allen,NA
TAG,Taenioides anguillaris,Eel worm goby
TKC,Tamanka cagayanensis,NA
TMO,Tasmanogobius lordi,Lord's goby
TKS,Trypauchenichthys sumatrensis,NA
TKP,Tukugobius philippinus,NA
WED,Weberogobius amadi,NA
ZPC,Zappa confluentus,Slender mudskipper
FGX,Gobiidae,Freshwater gobies nei
RYR,Rhyacichthys aspro,Loach goby
OOU,Odontobutis obscura,NA
OWB,Odontobutis potamophila,NA
ERL,Perccottus glenii,Chinese sleeper
FPC,Anabas testudineus,Climbing perch
TKY,Ctenopoma kingsleyae,Tailspot ctenopoma
TEN,Ctenopoma petherici,NA
NDI,Sandelia bainsii,Rocky kurper
EOH,Belontia hasselti,Malay combtail
BDS,Betta splendens,Siamese fighting fish
TSB,Ctenops nobilis,Frail gourami
MTK,Malpulutta kretseri,Spotted gourami
FCO,Parasphaerichthys ocellatus,Eyespot gourami
FGG,Osphronemus goramy,Giant gourami
EZG,Osphronemus exodon,Elephant ear gourami
FGS,Trichopodus pectoralis,Snakeskin gourami
TGH,Trichopodus trichopterus,Three spot gourami
FMC,Pseudosphromenus cupanus,Spiketail paradisefish
FRR,Sphaerichthys acrostoma,NA
FMA,Parosphromenus allani,NA
OAF,Trichogaster fasciata,Banded gourami
GOM,Trichogaster spp,Gouramis nei
TKL,Trichopsis pumila,Pygmy gourami
MRH,Macropodus opercularis,Roundtail paradisefish
FGO,Helostoma temminckii,Kissing gourami
IUC,Amarsipus carlsbergi,NA
LFP,Luciocephalus pulcher,Pikehead
FVB,Helcogramma steinitzi,Red triplefin
KUL,Kurtus gulliveri,Nurseryfish
CNA,Channa argus,Snakehead
CNP,Channa punctata,Spotted snakehead
FSS,Channa striata,Striped snakehead
FIS,Channa micropeltes,Indonesian snakehead
HBC,Channa barca,Barca snakehead
KNM,Channa maculata,Blotched snakehead
KNA,Channa marulius,Great snakehead
NQN,Channa lucius,NA
FHA,Channa asiatica,Small snakehead
FKB,Channa pleurophthalma,Ocellated snakehead
FSN,Channa spp,Snakeheads(=Murrels) nei
GXC,Channa maculata x C. argus,NA
RKF,Parachanna africana,NA
QFW,Parachanna obscura,African obscure snakehead
QRX,Parachanna spp,Parachanna snakeheads nei
ESK,Elassoma boehlkei,Carolina pygmy sunfish
CVA,Cottus amblystomopsis,Sakhalin sculpin
CZK,Cottus czerskii,Cherskii's sculpin
GWO,Cottus gobio,Bullhead
QPO,Cottus poecilopus,Alpine bullhead
MEH,Mesocottus haitej,NA
BTJ,Batrachocottus baicalensis,Bighead sculpin
PCK,Paracottus knerii,Stone sculpin
CWK,Cottocomephorus grewingkii,Baikal yellowfin
CFK,Comephorus baikalensis,Big Baikal oilfish
AEZ,Abyssocottus elochini,NA
AQY,Asprocottus abyssalis,NA
CEB,Cottinella boulengeri,Short-headed sculpin
LMI,Limnocottus bergianus,NA
PWC,Procottus gurwici,NA
FRF,Actinopterygii,Freshwater fishes nei
APU,Acipenser sturio,Sturgeon
APG,Acipenser gueldenstaedtii,Danube sturgeon(=Osetr)
AAA,Acipenser naccarii,Adriatic sturgeon
APR,Acipenser ruthenus,Sterlet sturgeon
APE,Acipenser stellatus,Starry sturgeon
AAN,Acipenser nudiventris,Fringebarbel sturgeon
AAF,Acipenser fulvescens,Lake sturgeon
AAO,Acipenser oxyrinchus,Atlantic sturgeon
APN,Acipenser transmontanus,White sturgeon
AAY,Acipenser brevirostrum,Shortnose sturgeon
APB,Acipenser baerii,Siberian sturgeon
AAH,Acipenser schrenckii,Amur sturgeon
AAD,Acipenser dabryanus,Yangtze sturgeon
AAM,Acipenser medirostris,Green sturgeon
AAK,Acipenser mikadoi,Sakhalin sturgeon
AAP,Acipenser persicus,Persian sturgeon
AAI,Acipenser sinensis,Chinese sturgeon
AAU,Acipenser multiscutatus,Japanese sturgeon
PHF,Scaphirhynchus platorynchus,Shovelnose sturgeon
PHS,Scaphirhynchus albus,Pallid sturgeon
QAN,Scaphirhynchus suttkusi,Alabama sturgeon
HUH,Huso huso,Beluga
AHM,Huso dauricus,Kaluga
PSN,Pseudoscaphirhynchus hermanni,Dwarf sturgeon
PSF,Pseudoscaphirhynchus kaufmanni,Amu Darya sturgeon
QAM,Pseudoscaphirhynchus fedtschenkoi,Syr Darya sturgeon
STU,Acipenseridae,Sturgeons nei
PAM,Polyodon spathula,Mississippi paddlefish
AHG,Psephurus gladius,Chinese swordfish
ELE,Anguilla anguilla,European eel
AAG,Anguilla bengalensis,Indian mottled eel
AAT,Anguilla bicolor,Indonesian shortfin eel
ELJ,Anguilla japonica,Japanese eel
ELA,Anguilla rostrata,American eel
ELU,Anguilla australis,Short-finned eel
AAR,Anguilla reinhardtii,Speckled longfin eel
AAJ,Anguilla mossambica,African longfin eel
AAL,Anguilla marmorata,Giant mottled eel
AAQ,Anguilla dieffenbachii,New Zealand longfin eel
EWN,Anguilla nebulosa,Mottled eel
ELX,Anguilla spp,River eels nei
SAJ,Acantholingua ohridana,NA
SAL,Salmo salar,Atlantic salmon
TRS,Salmo trutta,Sea trout
SFC,Salmo carpio,NA
SFX,Salmo ferox,NA
SFF,Salmo fibreni,NA
SFI,Salmo ischchan,Sevan trout
SFM,Salmo marmoratus,NA
QFP,Salmo letnica,Ohrid trout
QFS,Salmo ohridanus,NA
TRO,Salmo spp,Trouts nei
SVS,Salvethymus svetovidovi,Long-finned charr
ONA,Oncorhynchus aguabonita,Golden trout
PIN,Oncorhynchus gorbuscha,Pink(=Humpback) salmon
CHU,Oncorhynchus keta,Chum(=Keta=Dog) salmon
ONC,Oncorhynchus clarkii,Cutthroat trout
CHE,Oncorhynchus masou,Masu(=Cherry) salmon
SOC,Oncorhynchus nerka,Sockeye(=Red) salmon
CHI,Oncorhynchus tshawytscha,Chinook(=Spring=King) salmon
COH,Oncorhynchus kisutch,Coho(=Silver) salmon
TRR,Oncorhynchus mykiss,Rainbow trout
ONH,Oncorhynchus apache,Apache trout
ONY,Oncorhynchus chrysogaster,Mexican golden trout
ONG,Oncorhynchus gilae,Gila trout
ONR,Oncorhynchus rhodurus,NA
ORC,Oncorhynchus spp,Pacific salmons nei
SWI,Salvelinus willoughbii,NA
SVF,Salvelinus fontinalis,Brook trout
SLE,Salvelinus leucomaenis,NA
ACH,Salvelinus alpinus,Arctic char
VAR,Salvelinus malma,Dolly varden
LAT,Salvelinus namaycush,Lake trout(=Char)
SVO,Salvelinus confluentus,Bull trout
SVN,Salvelinus neiva,Neiva
SVP,Salvelinus profundus,NA
UWB,Salvelinus umbla,Lake charr
CHR,Salvelinus spp,Chars nei
SOB,Salmothymus obtusirostris,Adriatic trout
HUI,Hucho ishikawae,NA
HUC,Hucho hucho,Huchen
HUP,Hucho perryi,Japanese huchen
HZU,Hucho taimen,Taimen
SBE,Brachymystax lenok,Lenok
SLZ,Salmonidae,Salmonids nei
TLV,Thymallus thymallus,Grayling
TYE,Thymallus brevirostris,Mongolian grayling
TLA,Thymallus arcticus,Arctic grayling
PCA,Plecoglossus altivelis,Ayu sweetfish
OAE,Allosmerus elongatus,Whitebait smelt
SME,Osmerus eperlanus,European smelt
SMR,Osmerus mordax,Rainbow smelt
PSM,Hypomesus olidus,Pond smelt
SUS,Hypomesus pretiosus,Surf smelt
HVJ,Hypomesus nipponensis,Japanese smelt
EUL,Thaleichthys pacificus,Eulachon
OSY,Spirinchus thaleichthys,Longfin smelt
SMX,"Osmerus spp, Hypomesus spp",Smelts nei
SNJ,Neosalanx jordani,NA
XHK,Neosalanx tangkahkeii,Chinese icefish
PRS,Protosalanx hyalocranius,Clearhead icefish
SNN,Salanx ariakensis,NA
XSC,Salanx chinensis,Chinese noodlefish
SNH,Salangichthys ishikawae,NA
SZM,Salangichthys microdon,Japanese icefish
ISZ,Salangidae,Icefishes nei
RPE,Prototroctes maraena,Australian grayling
SKN,Stokellia anisodon,Stokell's smelt
RRR,Retropinna retropinna,Cucumberfish
FVE,Coregonus albula,Vendace
PLN,Coregonus lavaretus,European whitefish
HOU,Coregonus oxyrinchus,Houting
CIE,Coregonus fera,NA
CIH,Coregonus hiemalis,NA
CIP,Coregonus pollan,Irish pollan
CIG,Coregonus wartmanni,NA
CIR,Coregonus macrophthalmus,NA
WHL,Coregonus clupeaformis,Lake(=Common) whitefish
CIS,Coregonus artedi,Lake cisco
CIA,Coregonus autumnalis,Arctic cisco
CIC,Coregonus chadary,Khadary-whitefish
CIY,Coregonus hoyi,Bloater
CIK,Coregonus kiyi,Kiyi
CIN,Coregonus muksun,Muksun
CIQ,Coregonus nasus,Broad whitefish
CII,Coregonus nilssoni,NA
CIJ,Coregonus peled,Peled
CIZ,Coregonus reighardi,Shortnose cisco
CIW,Coregonus sardinella,Sardine cisco
CIU,Coregonus tugun,Tugun
CIB,Coregonus widegreni,Valaam whitefish
UWS,Coregonus ussuriensis,Amur whitefish
CZZ,Coregonus maraena,Maraena whitefish
FBI,Coregonus megalops,NA
WHF,Coregonus spp,Whitefishes nei
SDL,Stenodus leucichthys,Sheefish
PCU,Prosopium coulterii,Pygmy whitefish
PCY,Prosopium cylindraceum,Round whitefish
PWI,Prosopium williamsoni,Mountain whitefish
LLA,Lepidogalaxias salamandroides,Dwarf pencilfish
GAV,Aplochiton zebra,NA
GBB,Brachygalaxias bullocki,NA
GGB,Galaxias brevipinnis,Koaro
GGC,Galaxias cleaveri,Tasmanian mudfish
GGF,Galaxias fasciatus,Banded kokopu
GGM,Galaxias maculatus,Inanga
GGP,Galaxias postvectis,Shortjaw kokopu
GGV,Galaxias vulgaris,Common river galaxias
GGZ,Galaxias zebratus,Cape galaxias
GLL,Lovettia sealii,Tasmanian whitebait
GNB,Neochanna burrowsius,Canterbury mudfish
GND,Neochanna diversus,Black mudfish
GPU,Paragalaxias dissimilis,Shannon galaxias
SLX,Salmonoidei,Salmonoids nei
CUI,Alosa caspia,Caspian shad
SHC,Alosa immaculata,Pontic shad
SHA,Alosa sapidissima,American shad
ASD,Alosa alosa,Allis shad
TSD,Alosa fallax,Twaite shad
ALE,Alosa pseudoharengus,Alewife
BBH,Alosa aestivalis,Blueback shad
SHH,Alosa mediocris,Hickory shad
CUK,Alosa brashnikovi,Caspian marine shad
CUA,Alosa alabamae,Alabama shad
CUE,Alosa kessleri,Caspian anadromous shad
SHE,Alosa maeotica,Black Sea shad
CUV,Alosa saposhnikovi,Saposhnikovi shad
CUH,Alosa sphaerocephala,Agrakhan shad
SHZ,Alosa spp,Shads nei
SHD,"Alosa alosa, A. fallax",Allis and twaite shads
CKT,Caspialosa curensis,Kura shad
ASP,Caspialosa spp,Caspian shads
SHG,Dorosoma cepedianum,American gizzard shad
CDA,Dorosoma petenense,Threadfin shad
DSY,Dorosoma smithi,Pacific gizzard shad
DQX,Dorosoma spp,Gizzard shad nei
CHG,Anodontostoma chacunda,Chacunda gizzard shad
CGI,Gonialosa manmina,Ganges River gizzard shad
CGD,Gonialosa modesta,Burmese river gizzard shad
HIX,Hilsa kelee,Kelee shad
HIL,Tenualosa ilisha,Hilsa shad
THT,Tenualosa thibaudeaui,Laotian shad
REE,Tenualosa reevesii,Reeves shad
TOL,Tenualosa toli,Toli shad
TWN,Tenualosa macrura,Longtail shad
CNS,Nematalosa nasus,Bloch's gizzard shad
NCO,Nematalosa come,Western Pacific gizzard shad
CNE,Nematalosa erebi,Australian river gizzard shad
CNJ,Nematalosa japonica,Japanese gizzard shad
DNB,Nematalosa arabica,Arabian gizzard shad
DNH,Nematalosa persara,NA
DNN,Nematalosa resticularia,NA
CGH,Gudusia chapra,Indian river shad
DAS,Clupanodon thrissa,Chinese gizzard shad
CLA,Clupeonella cultriventris,Black and Caspian Sea sprat
CLE,Clupeonella engrauliformis,Anchovy sprat
CLG,Clupeonella grimmi,Southern Caspian sprat
CWA,Clupeonella spp,Black-Caspian Sea sprats nei
DOD,Konosirus punctatus,Dotted gizzard shad
CGR,Gilchristella aestuarius,Gilchrist's round herring
PLP,Platanichthys platana,River Plate sprat
CDK,Laeviscutella dekimpei,Roundbelly pellonuline
EPM,Papuengraulis micropinna,Littlefin anchovy
EVL,Anchoviella lepidentostole,Broadband anchovy
ECA,Coilia nasus,Japanese grenadier anchovy
ELB,Lycengraulis batesii,Bates' sabretooth anchovy
ANR,Lycengraulis grossidens,Atlantic sabretooth anchovy
EZW,Lycengraulis spp,Sabretooth anchovys nei
ELO,Lycothrissa crocodilus,Sabretoothed thryssa
ESM,Setipinna melanochir,Dusky-hairfin anchovy
ESU,Setipinna tenuifilis,Common hairfin anchovy
EYS,Thryssa scratchleyi,New Guinea thryssa
EPH,Pterengraulis atherinoides,Wingfin anchovy
PIM,Ilisha megaloptera,Bigeye ilisha
PIE,Ilisha melastoma,Indian ilisha
EIL,Ilisha elongata,Elongate ilisha
PIF,Ilisha filigera,Coromandel ilisha
PIP,Ilisha pristigastroides,Javan ilisha
PIU,Ilisha fuerthii,Pacific ilisha
ILI,Ilisha africana,West African ilisha
ILK,Ilisha sirishai,Lobejaw ilisha
ILO,Ilisha compressa,NA
PEQ,Pellona flavipinnis,Yellowfin river pellona
PEO,Pellona ditchela,Indian pellona
QEP,Pellona harroweri,American coastal pellona
QPA,Pellona castelnaeana,Amazon pellona
PEM,Pliosteostoma lutipinnis,Yellowfin herring
PNR,Neoopisthopterus tropicus,Tropical longfin herring
PHT,Opisthopterus tardoore,Tardoore
FKC,Opisthopterus dovii,Dove's longfin herring
PNA,Odontognathus mucronatus,Guiana longfin herring
PRN,Pristigaster cayana,Amazon hatchet herring
PRU,Raconda russeliana,Raconda
DCX,Clupeoidei,Diadromous clupeoids nei
LAU,Petromyzon marinus,Sea lamprey
LAR,Lampetra fluviatilis,River lamprey
IDK,Lampetra aepyptera,Least brook lamprey
IDL,Lampetra ayresii,Western American river lamprey
IDN,Lampetra planeri,European brook lamprey
IDO,Lampetra richardsoni,Western brook lamprey
IKQ,Lampetra lanceolata,Turkish brook lamprey
IKR,Lampetra pacifica,Pacific brook lamprey
LAY,Ichthyomyzon unicuspis,Silver lamprey
IDE,Ichthyomyzon bdellium,Ohio lamprey
IDG,Ichthyomyzon castaneus,Chestnut lamprey
IDH,Ichthyomyzon fossor,Northern brook lamprey
IDI,Ichthyomyzon gagei,Southern brook lamprey
IDJ,Ichthyomyzon greeleyi,Mountain brook lamprey
LAF,Eudontomyzon mariae,Ukrainian brook lamprey
ICJ,Eudontomyzon danfordi,Carpathian lamprey
IKG,Eudontomyzon graecus,NA
IKJ,Eudontomyzon hellenicus,Greek brook lamprey
IKL,Eudontomyzon morii,Korean lamprey
LAW,Caspiomyzon wagneri,Caspian lamprey
LSZ,Lethenteron camtschaticum,Arctic lamprey
IDQ,Lethenteron kessleri,Siberian lamprey
IDT,Lethenteron ninae,Western Transcaucasian lamprey
IDU,Lethenteron reissneri,Far Eastern brook lamprey
IDV,Lethenteron zanandreai,Lombardy brook lamprey
IKT,Lethenteron alaskense,Alaskan brook lamprey
IKU,Lethenteron appendix,American brook lamprey
LAO,Entosphenus tridentatus,Pacific lamprey
IJX,Entosphenus folletti,Northern California lamprey
IJY,Entosphenus hubbsi,Kern brook lamprey
IJZ,Entosphenus lethophagus,Pit–Klamath brook lamprey
IKD,Entosphenus macrostomus,Vancouver lamprey
IKE,Entosphenus minimus,Miller Lake lamprey
IKF,Entosphenus similis,Klamath lamprey
IKV,Tetrapleurodon geminis,Jacona lamprey
IKW,Tetrapleurodon spadiceus,Chapala lamprey
LAS,Petromyzontidae,Lampreys nei
ICE,Mordacia lapicida,Chilean lamprey
ICF,Mordacia praecox,NA
LAK,Mordacia mordax,Australian lamprey
LAE,Geotria australis,Pouched lamprey
MIL,Chanos chanos,Milkfish
GTA,Gasterosteus aculeatus,Three-spined stickleback
GUO,Gasterosteus crenobiontus,NA
GUW,Gasterosteus wheatlandi,Blackspotted stickleback
SKB,Gasterosteus spp,Sticklebacks
CUZ,Culaea inconstans,Brook stickleback
GPT,Pungitius pungitius,Ninespine stickleback
PNY,Pungitius platygaster,Southern ninespine stickleback
GSS,Spinachia spinachia,Sea stickleback
AQD,Apeltes quadracus,Fourspine stickleback
GHZ,Gasterosteidae,Sticklebacks nei
GIP,Lates calcarifer,Barramundi(=Giant seaperch)
STB,Morone saxatilis,Striped bass
PEW,Morone americana,White perch
BSA,Morone spp,Atlantic seabasses
DIA,Actinopterygii,Diadromous fishes nei
MSF,Arnoglossus laterna,Mediterranean scaldfish
RLI,Arnoglossus imperialis,Imperial scaldfish
RNH,Arnoglossus thori,Thor's scaldfish
RGK,Arnoglossus capensis,Cape scaldfish
RKZ,Arnoglossus kessleri,Scaldback
QXO,Arnoglossus aspilos,Spotless lefteye flounder
QXP,Arnoglossus tapeinosoma,Drab flounder
QFE,Arnoglossus rueppelii,Rüppell's scaldback
RGX,Arnoglossus spp,Scaldfishes nei
TOJ,Asterorhombus fijiensis,Angler flatfish
CBZ,Crossorhombus azureus,Blue flounder
EGS,Engyophrys sanctilaurentii,Speckled-tail flounder
JPD,Japonolaeops dentatus,NA
KAM,Kamoharaia megastoma,Wide-mouthed flounder
LFG,Lophonectes gallus,Crested flounder
NLM,Neolaeops microphthalmus,Crosseyed flounder
BPK,Parabothus coarctatus,NA
ESO,Perissias taeniopterus,Striped-fin flounder
BSV,Psettina brevirictis,NA
TPK,Taeniopsetta ocellata,NA
TBN,Tosarhombus neocaledonicus,NA
TSJ,Trichopsetta caribbaea,Caribbean flounder
OUB,Bothus podas,Wide-eyed flounder
OHT,Bothus constellatus,Pacific eyed flounder
OTL,Bothus lunatus,Peacock flounder
BWM,Bothus maculiferus,Mottled flounder
OUN,Bothus pantherinus,Leopard flounder
BTK,Bothus mancus,Flowery flounder
OUO,Bothus ocellatus,Eyed flounder
BKU,Chascanopsetta crumenalis,NA
NBG,Chascanopsetta lugubris,Pelican flounder
BML,Monolene antillarum,Slim flounder
BVJ,Monolene mertensi,Martens’ moonflounder
EGG,Engyprosopon grandisquama,Largescale flounder
LKU,Laeops clarus,Clear fin-base flounder
KZR,Laeops guentheri,Günther's flounder
GRH,Grammatobothus polyophthalmus,Threespot flounder
LEF,Bothidae,Lefteye flounders nei
NTJ,Acanthopsetta nadeshnyi,Scale-eye plaice
HAL,Hippoglossus hippoglossus,Atlantic halibut
HAP,Hippoglossus stenolepis,Pacific halibut
AZP,Azygopus pinnifasciatus,Banded-fin flounder
PLE,Pleuronectes platessa,European plaice
ALP,Pleuronectes quadrituberculatus,Alaska plaice
EOO,Pleuronectes orbignyana,NA
EOM,Pleuronectes putnami,NA
EOK,Pleuronectes schrenki,Cresthead flounder
RFE,Pleuronectes vetulus,English sole
GHL,Reinhardtius hippoglossoides,Greenland halibut
DXR,Dexistes rikuzenius,Rikuzen flounder
EBH,Embassichthys bathybius,Deep-sea sole
ARF,Atheresthes stomias,Arrowtooth flounder
KAF,Atheresthes evermanni,Kamchatka flounder
EOJ,Eopsetta jordani,Petrale sole
EPW,Eopsetta grigorjewi,Shotted halibut
WIT,Glyptocephalus cynoglossus,Witch flounder
GLZ,Glyptocephalus zachirus,Rex sole
TKA,Glyptocephalus kitaharai,Willowy flounder
MBC,Marleyella bicolorata,Comb flounder
PLA,Hippoglossoides platessoides,Amer. plaice(=Long rough dab)
HGD,Hippoglossoides dubius,Flathead flounder
FTS,Hippoglossoides elassodon,Flathead sole
NMH,Nematops chui,Narrow-body righteye flounder
LDK,Paralichthodes algoensis,Peppered flounder
EOL,Pelotretis flavilatus,Southern lemon sole
EOT,Peltorhamphus latus,Speckled sole
ZNZ,Peltorhamphus novaezeelandiae,New Zealand sole
MJR,Ammotretis lituratus,Tudor's flounder
MJO,Ammotretis rostratus,Longsnout flounder
YES,Limanda aspera,Yellowfin sole
YEL,Limanda ferruginea,Yellowtail flounder
DAB,Limanda limanda,Common dab
EOR,Limanda proboscidea,Longhead dab
EON,Limanda punctatissima,NA
LKQ,Limanda sakhalinensis,Sakhalin sole
YEX,Limanda spp,Limandas nei
CDJ,Clidoderma asperrimum,NA
DUO,Psammodiscus ocellatus,NA
ROS,Lepidopsetta bilineata,Rock sole
LSO,Lepidopsetta mochigarei,Dusky sole
KZC,Lepidopsetta polyxystra,Northern rock sole
LYW,Lyopsetta exilis,Slender sole
MJC,Microstomus achne,Slime flounder
MIP,Microstomus pacificus,Dover sole
LEM,Microstomus kitt,Lemon sole
TDW,Taratretis derwentensis,Derwent flounder
FLE,Platichthys flesus,European flounder
KAB,Platichthys bicoloratus,Stone flounder
PWQ,Platichthys stellatus,Starry flounder
BWP,Platichthys solemdali,Baltic flounder
BZQ,Platichthys spp,Righteye flounders
YSE,Psettichthys melanostictus,Pacific sand sole
YFL,Pseudopleuronectes herzenst.,Yellow striped flounder
FLW,Pseudopleuronectes americanus,Winter flounder
LNY,Pseudopleuronectes yokohamae,Marbled flounder
IOO,Pseudopleuronectes obscurus,NA
ONW,Oncopterus darwinii,Remo flounder
RMP,Rhombosolea plebeia,Sand flounder
ROP,Rhombosolea tapirina,Greenback flounder
ROF,Rhombosolea leporina,Yellowbelly flounder
FSA,Rhombosolea spp,Sand flounders nei
VSM,Verasper moseri,Barfin flounder
VSV,Verasper variegatus,Spotted halibut
NYC,Pleuronichthys cornutus,Ridged-eye flounder
NYD,Pleuronichthys decurrens,Curlfin sole
NYV,Pleuronichthys verticalis,Hornyhead turbot
EOE,Pleuronichthys coenosus,C-O sole
HGL,Pleuronichthys guttulatus,Diamond turbot
CJJ,Cleisthenes pinetorum,Sôhachi
HZJ,Cleisthenes herzensteini,Pointhead flounder
ISI,Isopsetta isolepis,Butter sole
OIG,Colistium guntheri,NA
OIN,Colistium nudipinnis,NA
OIO,Poecilopsetta albomaculata,NA
OCF,Poecilopsetta colorata,Coloured righteye flounder
EOG,Liopsetta glacialis,Arctic flounder
PLZ,Pleuronectidae,Righteye flounders nei
YOL,Bathysolea lactea,NA
YNW,Bathysolea polli,NA
YMW,Bathysolea profundicola,Deep water sole
GSM,Buglossidium luteum,Solenette
DAK,Dagetichthys lakdoensis,NA
YNU,Dagetichthys lusitanicus,Portuguese sole
DXU,Dexillus muelleri,Tufted sole
LKE,Liachirus melanospilus,NA
SOL,Solea solea,Common sole
OLJ,Solea humilis,NA
OAO,Solea ovata,Ovate sole
OAL,Solea senegalensis,Senegalese sole
OLK,Solea bleekeri,Blackhand sole
EGY,Solea aegyptiaca,Egyptian sole
SZI,Solea elongata,Elongate sole
QFQ,Solea stanalandi,Stanaland's sole
SOO,Solea spp,NA
HUX,Parachirus xenicus,Dwarf sole
YCP,Phyllichthys punctatus,Spotted sole
UDJ,Pseudaesopia japonica,Wavyband sole
ILY,Achiroides leucorhynchos,NA
IME,Achiroides melanorhynchus,NA
RNK,Rhinosolea microlepidota,NA
CET,Dicologlossa cuneata,Wedge sole
DHZ,Dicologlossa hexophthalma,Ocellated wedge sole
SLJ,Soleichthys siammakuti,NA
YFA,Typhlachirus caecus,NA
MHH,Monochirus hispidus,Whiskered sole
VNC,Vanstraelenia chirophthalmus,African solenette
ADJ,Pardachirus pavoninus,Peacock sole
ADT,Pardachirus marmoratus,Finless sole
ZBF,Zebrias fasciatus,NA
ZBZ,Zebrias zebra,Zebra sole
ZBQ,Zebrias quagga,Fringefin zebra sole
ZMA,Zebrias captivus,Convict zebra sole
ZMH,Zebrias synapturoides,Indian zebra sole
OIC,Aesopia cornuta,Unicorn sole
HJO,Heteromycteris japonica,Bamboo sole
HMP,Heteromycteris capensis,Cape sole
ICI,Heteromycteris proboscideus,True sole
GGK,Aseraggodes kaianus,NA
RGO,Aseraggodes kobensis,NA
RGY,Aseraggodes macleayanus,Narrowbanded sole
QDZ,Aseraggodes cyaneus,NA
FFE,Aseraggodes haackeanus,Southern sole
YNC,Synaptura commersonnii,Commerson's sole
YNG,Synaptura marginata,White-margined sole
YNB,Synaptura albomaculata,NA
YNY,Synaptura cadenati,Guinean sole
SOW,Austroglossus microlepis,West coast sole
SOE,Austroglossus pectoralis,Mud sole
SOA,Austroglossus spp,Southeast Atlantic soles nei
MIA,Microchirus azevia,NA
MRK,Microchirus ocellatus,Foureyed sole
MKG,Microchirus variegatus,Thickback sole
MZT,Microchirus theophila,Bastard sole
QOI,Microchirus boscanion,Lusitanian sole
QOJ,Microchirus frechkopi,Frechkop’s sole
QOK,Microchirus wittei,Banded sole
THS,Microchirus spp,Thickback soles nei
KSY,Synapturichthys kleinii,Klein's sole
WIO,Pegusa triophthalma,Cyclope sole
WZA,Pegusa cadenati,Cadenat's sole
SOS,Pegusa lascaris,Sand sole
OAM,Pegusa impar,Adriatic sole
OAS,Pegusa nasuta,Snouted sole
WLL,Brachirus orientalis,Oriental sole
HNG,Brachirus nigra,Black sole
SOX,Soleidae,Soles nei
YOT,Cynoglossus robustus,NA
YOB,Cynoglossus bilineatus,Fourlined tonguesole
YOD,Cynoglossus dubius,Carrot tonguesole
YOG,Cynoglossus lingua,Long tongue sole
YOY,Cynoglossus cynoglossus,Bengal tongue sole
YOO,Cynoglossus microlepis,NA
YOP,Cynoglossus puncticeps,Speckled tonguesole
YON,Cynoglossus interruptus,Genko sole
YOR,Cynoglossus arel,Largescale tonguesole
YOF,Cynoglossus semifasciatus,Bengal toungesole
YOJ,Cynoglossus joyneri,Red tonguesole
YOM,Cynoglossus macrostomus,Malabar tonguesole
YOV,Cynoglossus semilaevis,NA
YOI,Cynoglossus canariensis,Canary tonguesole
YOA,Cynoglossus abbreviatus,Three-lined tounge sole
YOE,Cynoglossus senegalensis,Senegalese tonguesole
YOS,Cynoglossus lida,Roughscale tonguesole
YOZ,Cynoglossus zanzibarensis,Zanzibar tonguesole
YOW,Cynoglossus browni,Nigerian tonguesole
YQF,Cynoglossus cadenati,Ghanian tonguesole
YQG,Cynoglossus monodi,Guinean tonguesole
YOX,Cynoglossus spp,Tonguesole nei
GSJ,Paraplagusia blochii,NA
KSV,Paraplagusia bilineata,Doublelined tonguesole
YFK,Symphurus strictus,Blackbelly tonguesole
YFE,Symphurus orientalis,NA
YFR,Symphurus atricaudus,California tonguefish
YFS,Symphurus plagusia,Duskycheek tonguefish
YFI,Symphurus ginsburgi,Ginsburg's tonguefish
YFU,Symphurus ligulatus,Elongate tonguesole
YFP,Symphurus plagiusa,Blackcheek tonguefish
YFJ,Symphurus tessellatus,NA
YQI,Symphurus vanmelleae,Vanmelle’s tonguefish
YZU,Symphurus macrophthalmus,NA
YWS,Symphurus ocellatus,Double-spot tonguesole
YVL,Symphurus nigrescens,NA
TZJ,Symphurus atramentatus,Inkspot tonguefish
UEG,Symphurus chabanaudi,Chabanaud's tonguefish
VVB,Symphurus elongatus,Elongate tonguefish
VVE,Symphurus undecimplerus,Dark cheek tongue
TOX,Cynoglossidae,Tonguefishes
FRN,Phrynorhombus norvegicus,Norwegian topknot
MEG,Lepidorhombus whiffiagonis,Megrim
LDB,Lepidorhombus boscii,Four-spot megrim
LEZ,Lepidorhombus spp,Megrims nei
ZGP,Zeugopterus punctatus,Topknot
ZLR,Zeugopterus regius,Eckström's topknot
BLL,Scophthalmus rhombus,Brill
FLD,Scophthalmus aquosus,Windowpane flounder
TUR,Scophthalmus maximus,Turbot
SCF,Scophthalmidae,Turbots nei
CIL,Citharus linguatula,Spotted flounder
RYZ,Brachypleura novaezeelandiae,Yellow-dabbled flounder
ITX,Citharoides axillaris,NA
ITR,Citharoides macrolepidotus,Branched ray flounder
ITO,Citharoides macrolepis,Twospot largescale flounder
LDF,Lepidoblepharon ophthalmolepis,Scale-eyed flounder
CIT,Citharidae,Citharids nei
HAI,Psettodes erumei,Indian halibut
SOT,Psettodes belcheri,Spottail spiny turbot
PSB,Psettodes bennettii,Spiny turbot
HPX,Psettodidae,Spiny turbots nei
NYL,Ancylopsetta cycloidea,Cyclope flounder
NYR,Ancylopsetta dendritica,Three-spot flounder
GPF,Gastropsetta frontalis,Shrimp flounder
TFE,Tarphops elegans,NA
TFS,Tephrinectes sinensis,NA
XYL,Xystreurys liolepis,Fantail flounder
IYI,Citharichthys gilberti,Bigmouth sanddab
IYO,Citharichthys sordidus,Pacific sanddab
IYM,Citharichthys stigmaeus,Speckled sanddab
IYT,Citharichthys stampflii,Smooth flounder
IYR,Citharichthys arctifrons,Gulf Stream flounder
IYE,Citharichthys arenaceus,Sand whiff
IYY,Citharichthys gymnorhinus,Anglefin whiff
IYP,Citharichthys spilopterus,Bay whiff
FNQ,Citharichthys platophrys,Small sanddab
YLQ,Cyclopsetta querna,Toothed flounder
YLP,Cyclopsetta panamensis,God's flounder
YLZ,Cyclopsetta chittendeni,Mexican flounder
UCO,Etropus crossotus,Fringed flounder
UPE,Etropus peruvianus,Peruvian flounder
UMI,Etropus microstomus,Smallmouth flounder
HGO,Hippoglossina macrops,Bigeye flounder
HJS,Hippoglossina stomata,Bigmouth flounder
KWI,Hippoglossina bollmani,NA
IPF,Hippoglossina spp,Large-tooth flounders
BAH,Paralichthys olivaceus,Bastard halibut
YSL,Paralichthys brasiliensis,Brazilian flounder
YSF,Paralichthys californicus,California flounder
YSW,Paralichthys woolmani,Speckled flounder
FLS,Paralichthys dentatus,Summer flounder
YSO,Paralichthys oblongus,Fourspot flounder
YSB,Paralichthys albigutta,Gulf flounder
YSH,Paralichthys lethostigma,Southern flounder
RIE,Paralichthys adspersus,Fine flounder
QPP,Paralichthys patagonicus,Patagonian flounder
YSV,Paralichthys isosceles,NA
RJZ,Paralichthys tropicus,Tropical flounder
BAX,Paralichthys spp,Bastard halibuts nei
UHE,Pseudorhombus elevatus,Deep flounder
UHO,Pseudorhombus oligodon,Roughscale flounder
UHA,Pseudorhombus arsius,Largetooth flounder
UHJ,Pseudorhombus javanicus,Javan flounder
CIF,Pseudorhombus cinnamoneus,Cinnamon flounder
UHP,Pseudorhombus pentophthalmus,Fivespot flounder
UHT,Pseudorhombus triocellatus,Three spotted flounder
UHG,Pseudorhombus malayanus,Malayan flounder
QYM,Pseudorhombus diplospilus,Four twin-spot flounder
UKX,Pseudorhombus spp,NA
YAG,Syacium gunteri,Shoal flounder
YAL,Syacium latifrons,Beach flounder
YAM,Syacium micrurum,Channel flounder
YZS,Syacium papillosum,Dusky flounder
YGL,Syacium guineensis,Papillose flounder
YDY,Cephalopsetta ventrocellatus,NA
HIK,Achirus achirus,Drab sole
ULI,Achirus lineatus,Lined sole
UMZ,Achirus mazatlanus,Mazatlan sole
UTV,Achirus scutum,Network sole
GHM,Gymnachirus melas,NA
TMT,Trinectes maculatus,Hogchoker
ZDU,Trinectes fimbriatus,Fringed sole
IYD,Apionichthys dumerili,Longtail sole
UYC,Catathyridium jenynsii,NA
HOV,Achiropsetta slavae,NA
HHJ,Achiropsetta tricholepis,Prickly flounder
MMM,Mancopsetta maculata,Antarctic armless flounder
UMA,Pseudomancopsetta andriashevi,Pigmy flounder
PAZ,Neoachiropsetta milfordi,Finless flounder
LGG,Plagiopsetta glossa,Tongue flatfish
ISS,Samaris cristatus,Cockatoo righteye flounder
IUH,Samariscus huysmani,Huysman's righteye flounder
FLX,Pleuronectiformes,Flatfishes nei
MOY,Muraenolepis microps,Smalleye moray cod
MVC,Muraenolepis marmorata,Marbled moray cod
MWO,Muraenolepis orangiensis,Patagonian moray cod
QMZ,Muraenolepis andriashevi,NA
EZK,Muraenolepis evseenkoi,NA
MRL,Muraenolepis spp,Moray cods nei
MWS,Notomuraenobathys microcephalus,Smallhead moray cod
AEU,Auchenoceros punctatus,Ahuru
AIM,Austrophycis marginata,Dwarf codling
EEH,Eeyorius hutchinsi,Tasmanian codling
GDI,Gadella imberbis,Beardless codling
GDL,Gadella maraldi,Gadella
MHJ,Halargyreus johnsonii,Slender codling
LMG,Laemonema longipes,Longfin codling
LML,Laemonema laureysi,Guinean codling
KZT,Laemonema yarrelli,Codling
LTP,Lotella phycis,Beardie
MLV,Microlepidium verecundum,Bighead mora
MMG,Momonatira globosus,Tadpole cod
RIB,Mora moro,Common mora
PSW,Physiculus dalwigki,Black codling
PSJ,Physiculus japonica,Japanese codling
JPS,Physiculus fulvus,Metallic codling
JPA,Physiculus huloti,Brown codling
JKO,Physiculus natalensis,NA
PQO,Physiculus spp,NA
NEC,Pseudophycis bachus,Red codling
PBR,Pseudophycis barbata,Southern bastard codling
PBV,Pseudophycis breviuscula,Northern bastard codling
RYT,Rhynchogadus hepaticus,NA
SVL,Svetovidovia lucullus,NA
TPG,Tripterophycis gilchristi,Grenadier cod
LPJ,Lepidion lepidion,Mediterranean codling
LPS,Lepidion eques,North Atlantic codling
LPH,Lepidion guentheri,NA
LPE,Lepidion ensiferus,Patagonian codling
LMF,Lepidion microcephalus,Small-headed cod
LEV,Lepidion spp,Lepidion codlings nei
ANT,Antimora rostrata,Blue antimora
SAO,Salilota australis,Tadpole codling
IOW,Guttigadus latifrons,NA
MOR,Moridae,Moras nei
UNC,Bregmaceros mcclellandi,Unicorn cod
BMA,Bregmaceros atlanticus,Antenna codlet
BVQ,Bregmaceros nectabanus,Smallscale codlet
UGS,Bregmaceros rarisquamosus,Big-eye unicorn-cod
VKX,Bregmaceros spp,NA
USK,Brosme brosme,Tusk(=Cusk)
COD,Gadus morhua,Atlantic cod
PCO,Gadus macrocephalus,Pacific cod
GRC,Gadus ogac,Greenland cod
ALK,Gadus chalcogrammus,Alaska pollock(=Walleye poll.)
CDZ,Gadus spp,Northern cods nei
GFB,Phycis blennoides,Greater forkbeard
FOR,Phycis phycis,Forkbeard
GPE,Phycis chesteri,Longfin hake
FOX,Phycis spp,Forkbeards nei
HKU,Urophycis brasiliensis,Brazilian codling
HKR,Urophycis chuss,Red hake
HKW,Urophycis tenuis,White hake
URE,Urophycis earllii,Carolina hake
URF,Urophycis floridana,Southern codling
URG,Urophycis regia,Spotted codling
URI,Urophycis cirrata,Gulf hake
URZ,Urophycis spp,Urophycis nei
HAD,Melanogrammus aeglefinus,Haddock
RCR,Raniceps raninus,Tadpole fish
COW,Eleginus nawaga,Navaga(=Wachna cod)
SAF,Eleginus gracilis,Saffron cod
MGX,Microgadus proximus,Pacific tomcod
TOM,Microgadus tomcod,Atlantic tomcod
POK,Pollachius virens,Saithe(=Pollock)
POL,Pollachius pollachius,Pollack
TEF,Theragra finnmarchica,Norwegian pollock
POC,Boreogadus saida,Polar cod
ATG,Arctogadus glacialis,Artic cod
ATV,Arctogadus borisovi,East Siberian cod
GDG,Gadiculus argenteus,Silvery pout
LCM,Ciliata mustela,Fivebeard rockling
GCS,Ciliata septentrionalis,Northern rockling
GCQ,Ciliata spp,NA
NOP,Trisopterus esmarkii,Norway pout
POD,Trisopterus minutus,Poor cod
BIB,Trisopterus luscus,Pouting(=Bib)
XOD,Trisopterus spp,Trisopterus nei
WHB,Micromesistius poutassou,Blue whiting(=Poutassou)
POS,Micromesistius australis,Southern blue whiting
WHG,Merlangius merlangus,Whiting
ENC,Enchelyopus cimbrius,Fourbeard rockling
LYB,Lyconus brachycolus,NA
KXP,Lyconus pinnatus,NA
LYG,Lyconodes argenteus,NA
HKE,Merluccius merluccius,European hake
HKM,Merluccius senegalensis,Senegalese hake
HKN,Merluccius australis,Southern hake
HKS,Merluccius bilinearis,Silver hake
PHA,Merluccius gayi,South Pacific hake
HKP,Merluccius hubbsi,Argentine hake
NHA,Merluccius productus,North Pacific hake
HKB,Merluccius polli,Benguela hake
HKO,Merluccius paradoxus,Deep-water Cape hake
HOF,Merluccius albidus,Offshore silver hake
MRG,Merluccius angustimanus,Panama hake
HKK,Merluccius capensis,Shallow-water Cape hake
HVP,Merluccius patagonicus,Patagonian hake
HKX,Merluccius spp,Hakes nei
HKC,"Merluccius capensis, M.paradoxus",Cape hakes
SIG,Steindachneria argentea,Luminous hake
GRM,Macruronus magellanicus,Patagonian grenadier
GRN,Macruronus novaezelandiae,Blue grenadier
MRC,Macruronus capensis,Cape grenadier
HKZ,Merlucciidae,Merluccid hakes nei
RHG,Macrourus berglax,Roughhead grenadier
WGR,Macrourus whitsoni,Whitson's grenadier
MCC,Macrourus carinatus,Ridge scaled rattail
MCH,Macrourus holotrachys,Bigeye grenadier
QMC,Macrourus caml,Caml grenadier
GRV,Macrourus spp,Grenadiers nei
MRI,Macrouroides inflaticeps,NA
HYS,Hymenocephalus italicus,Glasshead grenadier
RNG,Coryphaenoides rupestris,Roundnose grenadier
CNK,Coryphaenoides guentheri,Günther's grenadier
CPJ,Coryphaenoides macrolophus,NA
MRT,Coryphaenoides thelestomus,NA
CKE,Coryphaenoides acrolepis,Pacific grenadier
CKN,Coryphaenoides anguliceps,Loosescale grenadier
CKK,Coryphaenoides ariommus,Humboldt grenadier
CKH,Coryphaenoides armatus,Abyssal grenadier
CKF,Coryphaenoides carminifer,Carmine grenadier
CKJ,Coryphaenoides cinereus,Popeye grenadier
CDR,Coryphaenoides delsolari,Trident grenadier
CLY,Coryphaenoides longifilis,Longfin grenadier
CKG,Coryphaenoides marginatus,Amami grenadier
CPX,Coryphaenoides mexicanus,Mexican grenadier
MCM,Coryphaenoides murrayi,Abyssal rattail
MHN,Coryphaenoides nasutus,Largenose grenadier
MCR,Coryphaenoides serrulatus,Serrulate whiptail
MCS,Coryphaenoides subserrulatus,Longrayed whiptail
MRZ,Coryphaenoides zaniophorus,Thickbeard grenadier
CZF,Coryphaenoides ferrieri,NA
CZL,Coryphaenoides lecointei,NA
CVY,Coryphaenoides spp,"Grenadiers, whiptails nei"
CQA,Coelorinchus acanthiger,Surgeon grenadier
CQC,Coelorinchus aconcagua,Aconcagua grenadier
CQN,Coelorinchus anatirostris,Duckbill grenadier
CQR,Coelorinchus argentatus,Silver whiptail
CQG,Coelorinchus argus,Eyespot grenadier
CQS,Coelorinchus aspercephalus,Rough-head whiptail
CQU,Coelorinchus australis,Javelin
CQB,Coelorinchus biclinozonalis,Two-barred whiptail
CQE,Coelorinchus braueri,Shovelnose grenadier
CQH,Coelorinchus canus,Clearsnout grenadier
CQI,Coelorinchus caribbaeus,Blackfin grenadier
CQO,Coelorinchus chilensis,Chilean grenadier
CQL,Coelorinchus caelorhincus,Hollowsnout grenadier
CQD,Coelorinchus denticulatus,Filesnout grenadier
CQF,Coelorinchus fasciatus,Banded whiptail
CQM,Coelorinchus formosanus,Formosa grenadier
CQX,Coelorinchus hexafasciatus,Six-band grenadier
CQT,Coelorinchus innotabilis,Notable whiptail
CQJ,Coelorinchus japonicus,Japanese grenadier
MCK,Coelorinchus kaiyomaru,Campbell whiptail
CQK,Coelorinchus kamoharai,Kamohara grenadier
CQQ,Coelorinchus karrerae,Karrer's whiptail
MCE,Coelorinchus kermadecus,Kermadec rattail
CQY,Coelorinchus kishinouyei,Mugura grenadier
CQV,Coelorinchus labiatus,Spearsnouted grenadier
CQP,Coelorinchus longicephalus,Longhead grenadier
CQW,Coelorinchus macrochir,Longarm grenadier
CEH,Coelorinchus marinii,Marini's grenadier
MCT,Coelorinchus matamua,Mahia whiptail
CKU,Coelorinchus multispinulosus,Spearnose grenadier
CKO,Coelorinchus occa,Swordsnout grenadier
CKV,Coelorinchus oliverianus,Hawknose grenadier
CKR,Coelorinchus parallelus,Spiny grenadier
CKD,Coelorinchus productus,Unicorn grenadier
CKS,Coelorinchus scaphopsis,Shoulderspot grenadier
CKX,Coelorinchus ventrilux,Firebelly grenadier
QCL,Coelorinchus geronimo,NA
QDS,Coelorinchus trunovi,NA
CWX,Coelorinchus spp,NA
AIP,Albatrossia pectoralis,Giant grenadier
AFG,Asthenomacrurus fragilis,Fragile grenadier
TYH,Trachyrincus helolepis,Armourhead grenadier
TSU,Trachyrincus scabrus,Roughsnout grenadier
TWF,Trachyrincus murrayi,Roughnose grenadier
BGO,Bathygadus macrops,Bullseye grenadier
BGN,Bathygadus melanobranchus,Vaillant's grenadier
BFZ,Bathygadus favosus,NA
SUQ,Squalogadus modificatus,NA
CKC,Cetonurus crassiceps,Globosehead rattail
CKP,Cetonurus globiceps,NA
MNI,Cynomacrurus piriei,Dogtooth grenadier
ODU,Odontomacrurus murrayi,Roundhead grenadier
TNS,Trachonurus sulcatus,Bristly grenadier
SGG,Sphagemacrurus grenadae,NA
NZB,Nezumia bairdii,Marlin-spike grenadier
NZA,Nezumia aequalis,Common Atlantic grenadier
NZC,Nezumia condylura,NA
NZO,Nezumia convergens,Peruvian grenadier
NZD,Nezumia duodecim,Twelve-rayed grenadier
NZL,Nezumia latirostrata,Broadsnout grenadier
NZI,Nezumia liolepis,Smooth grenadier
NZR,Nezumia loricata,Parrot grenadier
NZM,Nezumia micronychodon,Smalltooth grenadier
NZT,Nezumia orbitalis,Spectacled grenadier
NZP,Nezumia proxima,Short-tail grenadier
NZS,Nezumia sclerorhynchus,Roughtip grenadier
NZE,Nezumia stelgidolepis,California grenadier
QMX,Nezumia spp,NA
MLL,Malacocephalus laevis,Softhead grenadier
MLO,Malacocephalus occidentalis,Western softhead grenadier
QKX,Malacocephalus spp,NA
GAC,Gadomus arcuatus,Doublethread grenadier
GXK,Gadomus longifilis,NA
GXN,Gadomus dispar,NA
HLN,Haplomacrourus nudirostris,Naked snout rattail
IDA,Idiolophorhynchus andriashevi,Pineapple rattail
KUC,Kumba calvifrons,NA
KUB,Kuronezumia bubonis,Bulbous rattail
KSR,Kuronezumia leonis,Snubnose whiptail
LDE,Lepidorhynchus denticulatus,Thorntooth grenadier
MLE,Mataeocephalus acipenserinus,Sturgeon grenadier
MLT,Mataeocephalus tenuicauda,Slendertail grenadier
MSN,Mesobius antipodum,Bathypelagic rattail
PDK,Pseudonezumia cetonuropsis,NA
VEA,Ventrifossa atherodon,Arrowtooth grenadier
VEE,Ventrifossa ctenomelas,Hawaiian grenadier
VED,Ventrifossa divergens,Plainfin grenadier
VEG,Ventrifossa garmani,Sagami grenadier
VEM,Ventrifossa macropogon,Longbeard grenadier
VEI,Ventrifossa nigrodorsalis,Spinaker grenadier
VES,Ventrifossa petersoni,Peterson's grenadier
VFT,Ventrifossa nasuta,Conesnout grenadier
RTX,Macrouridae,"Grenadiers, rattails nei"
MLG,Melanonus gracilis,Pelagic cod
MZY,Melanonus zugmayeri,Arrowtail
EUY,Euclichthys polynemus,Eucla cod
LIN,Molva molva,Ling
BLI,Molva dypterygia,Blue ling
SLI,Molva macrophthalma,Spanish ling
LNZ,Molva spp,Lings nei
GDT,Gaidropsarus argentatus,Arctic rockling
GGY,Gaidropsarus biscayensis,Mediterranean bigeye rockling
GGR,Gaidropsarus macrophthalmus,Bigeye rockling
GGD,Gaidropsarus mediterraneus,Shore rockling
GGU,Gaidropsarus vulgaris,Three-bearded rockling
GZE,Gaidropsarus guttatus,NA
GDE,Gaidropsarus ensis,Threadfin rockling
ROL,Gaidropsarus spp,Rocklings nei
GAD,Gadiformes,Gadiformes nei
MYP,Paramyxine atami,Brown hagfish
MYG,Myxine glutinosa,Hagfish
MYE,Nemamyxine elongata,NA
MYB,Eptatretus burgeri,Inshore hagfish
MYU,Eptatretus stoutii,Pacific hagfish
MWC,Eptatretus cirrhatus,Broadgilled hagfish
MYX,Myxinidae,Hagfishes nei
GGG,Gonorynchus gonorynchus,Beaked salmon
CEW,Elops hawaiensis,Hawaiian ladyfish
LAD,Elops saurus,Ladyfish
CEI,Elops affinis,Pacific ladyfish
CEC,Elops lacerta,West African ladyfish
CEG,Elops senegalensis,Senegalese ladyfish
CEV,Elops machnata,Tenpounder
FQF,Elops smithi,Malacho
JZX,Elops spp,Ladyfishes nei
TAR,Megalops atlanticus,Tarpon
TAI,Megalops cyprinoides,Indo-Pacific tarpon
BOF,Albula vulpes,Bonefish
BGV,Albula glossodonta,Roundjaw bonefish
DGY,Albula argentea,NA
BNF,Pterothrissus belloci,Longfin bonefish
ALU,Albulidae,Bonefishes nei
HIJ,Hime japonicus,Japanese thread-sail fish
ULF,Aulopus filamentosus,Royal flagfin
UJA,Aulopus cadenati,Guinean flagfin
ALX,Alepisaurus ferox,Long snouted lancetfish
ALO,Alepisaurus brevirostris,Short snouted lancetfish
ALI,Alepisaurus spp,Lancetfishes nei
ANP,Anotopterus pharao,Daggertooth
AVT,Anotopterus vorax,Southern ocean daggertooth
PSV,Pseudotrichonotus altivelis,NA
BUC,Harpadon nehereus,Bombay-duck
BHF,Bathysaurus ferox,Deep-sea lizardfish
MZG,Bathysaurus mollis,Highfin lizardfish
SYV,Synodus evermanni,Inotted lizardfish
SYL,Synodus lucioceps,California lizardfish
SDR,Synodus saurus,Atlantic lizardfish
SYW,Synodus variegatus,Variegated lizardfish
DYZ,Synodus synodus,Redbarred lizardfish
DFZ,Synodus dermatogenys,Sand lizardfish
DGC,Synodus macrops,Triplecross lizardfish
DQM,Synodus jaculum,NA
BXE,Synodus foetens,Inshore lizardfish
DZP,Synodus intermedius,NA
TXA,Trachinocephalus myops,Snakefish
LIG,Saurida tumbil,Greater lizardfish
LZL,Saurida brasiliensis,Brazilian lizardfish
LIB,Saurida undosquamis,Brushtooth lizardfish
IEM,Saurida gracilis,Gracile lizardfish
IEN,Saurida longimanus,Longfin lizardfish
IEP,Saurida nebulosa,Clouded lizardfish
GXJ,Saurida elongata,Slender lizardfish
RLW,Saurida lessepsianus,NA
SZX,Saurida spp,NA
LIX,Synodontidae,Lizardfishes nei
AHV,Ancharius brevibarbis,NA
OSA,Ariopsis assimilis,Mayan sea catfish
VAS,Ariopsis seemanni,Tete sea catfish
VGT,Ariopsis guatemalensis,Blue sea catfish
BHN,Batrachocephalus mino,Beardless sea catfish
THI,Cathorops fuerthii,Congo sea catfish
TWS,Cathorops spixii,Madamango sea catfish
VRY,Cathorops mapale,NA
FII,Cathorops dasycephalus,Big-bellied sea catfish
LSE,Cephalocassis melanochir,NA
AUJ,Arius jella,Blackfin sea catfish
AUI,Arius arius,Threadfin sea catfish
AUQ,Arius manillensis,NA
AUW,Arius sona,Sona sea catfish
AUA,Arius leptaspis,Salmon catfish
AUN,Arius nasutus,Giant seacatfish
AUG,Arius gigas,Giant sea catfish
AUY,Arius platystomus,Flatmouth sea catfish
AUR,Arius latiscutatus,Rough-head sea catfish
AUV,Arius venosus,Veined catfish
CAO,Arius maculatus,Spotted catfish
ASG,Arius sagor,Sagor catfish
AUF,Arius felis,Hardhead sea catfish
AWJ,Arius parkii,Guinean sea catfish
IQH,Arius madagascariensis,Madagascar sea catfish
FUR,Arius africanus,African sea catfish
AWX,Arius spp,NA
DUF,Cinetodus froggatti,Smallmouthed salmon catfish
CFD,Cochlefelis danielsi,Daniel's catfish
DYV,Doiichthys novaeguineae,Spoon-snouted catfish
GEG,Genidens genidens,Guri sea catfish
KTY,Ketengus typus,NA
NYY,Nedystoma dayi,Day's catfish
TYN,Tachysurus nenga,NA
TSY,Tetranesodon conorhynchus,Lorentz catfish
BEM,Bagre marinus,Gafftopsail sea catfish
BEI,Bagre panamensis,Chilhuil sea catfish
BEC,Bagre pinnimaculatus,Red sea catfish
BEB,Bagre bagre,Coco sea catfish
FFO,Bagre spp,NA
GYP,Galeichthys peruvianus,Peruvian sea catfish
GAT,Galeichthys feliceps,White barbel
FMX,Galeichthys spp,NA
HPB,Hemipimelodus bicolor,NA
NUB,Netuma barba,White sea catfish
AUX,Netuma thalassina,Giant catfish
AUT,Netuma bilineata,Bronze catfish
QKW,Occidentarius platypogon,Cominate sea catfish
OGM,Osteogeneiosus militaris,Soldier catfish
NGZ,Notarius grandicassis,Thomas sea catfish
SDT,Notarius troschelii,Chili sea catfish
BVN,Notarius bonillai,New Granada sea catfish
WNR,Notarius spp,Catfish nei
QKE,Notarius insculptus,NA
QKJ,Notarius kessleri,Sculptured sea catfish
QKQ,Notarius planiceps,Flathead sea catfish
AWR,Amphiarius rugispinis,Softhead sea catfish
AWY,Amphiarius phrygiatus,Kukwari sea catfish
AZS,Aspistor quadriscutis,Bressou sea catfish
SDW,Sciades dowii,Brown sea catfish
SSZ,Sciades herzbergii,Pemecou sea catfish
CVQ,Sciades passany,Passany sea catfish
CVE,Sciades couma,Couma sea catfish
AWP,Sciades parkeri,Gillbacker sea catfish
AXP,Sciades proops,Crucifix sea catfish
AUD,Plicofollis dussumieri,Blacktip sea catfish
UKY,Plicofollis layardi,Thinspine sea catfish
UKW,Plicofollis polystaphylodon,Mozambique sea catfish
QRO,Plicofollis tonggol,Roughback sea catfish
JJT,Neoarius midgleyi,Silver cobbler
QKC,Neoarius graeffei,Blue salmon catfish
IMW,Hexanematichthys spp,NA
AUC,Nemapteryx caelatus,Engraved catfish
SMC,Carlarius heudelotii,Smoothmouth sea catfish
CAX,Ariidae,Sea catfishes nei
CNM,Cnidoglanis macrocephalus,Cobbler
EHL,Euristhmus lepturus,Long-tailed catfish
GWJ,Euristhmus microceps,Smallhead catfish
PUN,Plotosus canius,Gray eel-catfish
PII,Plotosus lineatus,Striped eel catfish
PPQ,Plotosus papuensis,Papuan eel-catfish
PNK,Plotosus nkunga,Stinging eel catfish
POJ,Plotosus limbatus,Darkfin eel catfish
CAE,Plotosus spp,Eeltail catfishes
PLB,Paraplotosus albilabris,Whitelipped eel catfish
AMA,Anarchias allardicei,Allardice's moray
AGT,Gymnothorax meleagris,Turkey moray
DLJ,Gymnothorax mareei,Spotjaw moray
AGU,Gymnothorax rueppelliae,Banded moray
AMV,Gymnothorax dovii,Speckled moray
AMI,Gymnothorax funebris,Green moray
AGX,Gymnothorax mordax,California moray
AGG,Gymnothorax moringa,Spotted moray
AMW,Gymnothorax ocellatus,Ocellated moray
AGY,Gymnothorax porphyreus,NA
AMG,Gymnothorax flavimarginatus,Yellow-edged moray
AMZ,Gymnothorax undulatus,Undulated moray
AMT,Gymnothorax vicinus,Purplemouth moray
AGO,Gymnothorax pseudothyrsoideus,Highfin moray
AGD,Gymnothorax maderensis,Sharktooth moray
AGI,Gymnothorax polygonius,Polygon moray
AGK,Gymnothorax unicolor,Brown moray
AWG,Gymnothorax afer,Dark moray
AWB,Gymnothorax bacalladoi,Canary moray
BWL,Gymnothorax kidako,Kidako moray
BWO,Gymnothorax phasmatodes,Ghost moray
FBA,Gymnothorax nudivomer,Starry moray
FBB,Gymnothorax favagineus,Laced moray
GHY,Gymnothorax equatorialis,Spottail moray
GWP,Gymnothorax phalarus,NA
KBH,Gymnothorax miliaris,Goldentail moray
JEV,Gymnothorax conspersus,Saddled moray
KLW,Gymnothorax javanicus,Giant moray
AXZ,Gymnothorax spp,NA
AMH,Channomuraena vittata,Broadbanded moray
MMH,Muraena helena,Mediterranean moray
MMP,Muraena pavonina,NA
MMR,Muraena retifera,Reticulate moray
MMO,Muraena robusta,Stout moray
MMU,Muraena argus,White-spotted moray
MML,Muraena lentiginosa,Jewel moray
MME,Muraena melanotis,Honeycomb moray
MMS,Muraena australiae,NA
MMC,Muraena clepsydra,Hourglass moray
MWK,Muraena augusti,NA
MDZ,Muraena spp,NA
AMF,Cirrimaxilla formosa,NA
AMK,Enchelycore bayeri,Bayer's moray
AMR,Enchelycore pardalis,Leopard moray eel
AWM,Enchelycore anatina,Fangtooth moray
DLI,Enchelycore nigricans,Viper moray
AMQ,Enchelynassa canina,Longfang moray
AMO,Gymnomuraena zebra,Zebra moray
AGH,Gymnotus pantherinus,NA
AMD,Echidna catenata,Chain moray
AME,Echidna nebulosa,Snowflake moray
AMY,Echidna polyzona,Barred moray
AMP,Echidna peli,Pebbletooth moray
EXK,Echidna spp,Moray eels nei
MMA,Monopenchelys acuta,NA
MPU,Pseudechidna brummeri,White ribbon eel
MRQ,Rhinomuraena quaesita,Ribbon moray
MST,Siderea thyrsoidea,Greyface moray
MSA,Siderea picta,Peppered moray
MSS,Strophidon sathete,Slender giant moray
RZK,Strophidon dorsalis,NA
MTH,Thyrsoidea macrura,Giant slender moray
MUH,Uropterygius macrocephalus,Needle-tooth moray
MZE,Uropterygius wheeleri,Jigsaw moray
MUI,Muraenidae,"Morays eels, etc. nei"
AHP,Panturichthys isognathus,NA
DKW,Panturichthys longus,Slender shortfaced eel
DKY,Panturichthys mauritanicus,Mauritanian shortfaced eel
AHY,Pythonichthys sanguineus,NA
DLE,Pythonichthys macrurus,Longtailed shortfaced eel
DLH,Pythonichthys microphthalmus,Shorttailed shortfaced eel
VHX,Heterenchelyidae,NA
AMN,Neoconger tuberculatus,NA
AMM,Moringua edwardsi,Spaghetti eel
IVX,Moringuidae,Spaghetti eels nei
OOZ,Ophichthus ophis,Spotted snake-eel
OQK,Ophichthus regius,Ornate snake-eel
OOR,Ophichthus rufus,Rufus snake-eel
OOH,Ophichthus remiger,Punctuated snake-eel
OOG,Ophichthus gomesii,Shrimp eel
NZU,Ophichthus apicalis,Bluntnose snake-eel
OZQ,Ophichthus zophochir,Yellow snake-eel
OZF,Ophichthus frontalis,Death-banded snake-eel
QLI,Ophichthus triserialis,Pacific snake-eel
OOS,Ophisurus serpens,Serpent eel
OOM,Ophisurus macrorhynchus,NA
OXR,Xyrias revulsus,NA
OSM,Scytalichthys miurus,Short-tailed viper-eel
OSC,Schultzidia johnstonensis,Johnston snake-eel
OSL,Schismorhynchus labialis,NA
OQP,Quassiremus polyclitellum,NA
OPO,Phaenomonas cooperae,Short-maned sand-eel
OPA,Paraletharchus pacificus,Sailfin eel
OPR,Pisodonophis boro,Rice-paddy eel
OPI,Pisodonophis cancrivorus,Longfin snake-eel
OJW,Pisodonophis semicinctus,NA
QQM,Pisodonophis hoeveni,Hoeven's snake eel
OND,Neenchelys daedalus,NA
MHY,Mystriophis porphyreus,NA
MZA,Mystriophis crosnieri,Spoon-nose eel
MZB,Mystriophis rostellatus,African spoon-nose eel
MHU,Myrophis punctatus,Speckled worm-eel
MXZ,Myrophis plumbeus,Leaden worm eel
OMF,Muraenichthys gymnotus,Indo-Pacific slender worm-eel
OVY,Muraenichthys schultzei,Maimed snake eel
MOQ,Malvoliophis pinguis,NA
OLL,Leuropharus lasiops,Acned snake-eel
ALW,Leptenchelys vermiformis,Slender worm-eel
AOZ,Leiuranus semicinctus,Saddled snake-eel
AOQ,Lamnostoma polyophthalma,NA
KZO,Lamnostoma orientalis,Oriental worm-eel
AOX,Ichthyapus acuticeps,Sharpnose sand-eel
AOF,Herpetoichthys fossatus,Mustachioed snake-eel
AOH,Hemerorhinus opici,NA
AOT,Caecula pterygera,Finny snake eel
AOG,Gordiichthys irretitus,Horsehair eel
AOS,Evips percinctus,NA
AOR,Ethadophis byrnei,Ordinary eel
EKF,Ethadophis epinepheli,NA
AOV,Elapsopis versicolor,NA
AOU,Echiophis punctifer,Stippled spoon-nose eel
EVF,Echiophis creutzbergi,NA
EWH,Echiophis brunneus,Pacific spoon-nose eel
AOM,Echelus myrus,Painted eel
EVW,Echelus pachyrhynchus,NA
AOD,Dalophis obtusirostris,NA
NVD,Dalophis boulengeri,NA
NVF,Dalophis cephalopeltis,NA
NVG,Dalophis multidentatus,NA
AWW,Dalophis imberbis,Armless snake eel
OPS,Pseudomyrophis atlanticus,NA
AOJ,Cirricaecula johnsoni,NA
AOL,Caralophia loxochila,Slantlip eel
ALY,Letharchus velifer,NA
MHK,Myrichthys aki,NA
MXU,Myrichthys pardalis,Leopard eel
QJH,Myrichthys tigrinus,Tiger snake-eel
AOO,Callechelys catostomus,NA
NQW,Callechelys guineensis,Shorttail snake eel
NQZ,Callechelys leucoptera,NA
AOY,Brachysomophis crocodilinus,Crocodile snake eel
NLZ,Brachysomophis atlanticus,NA
AOK,Apterichtus kendalli,NA
NIC,Apterichtus gracilis,NA
NIF,Apterichtus monodi,NA
AOP,Aprognathodon platyventris,Stripe eel
AOC,Aplatophis chauliodus,Fangtooth snake-eel
AOE,Ahlia egmontis,Key worm eel
AOB,Bascanichthys bascanoides,Sooty sand-eel
NIH,Bascanichthys ceciliae,NA
AOI,Cirrhimuraena inhacae,Inhaca fringelip
OPX,Phyllophichthus xenodontus,Flappy snake-eel
OWX,Ophichthidae,Snake eels nei
ACP,Chilorhinus platyrhynchus,Flatnose xenocongrid eel
ACD,Chlopsis dentatus,Mottled false moray
AZB,Chlopsis olokun,NA
ACK,Kaupichthys hyoproroides,False moray
JGB,Hirundichthys speculiger,Mirrorwing flyingfish
AJP,Aulichthys japonicus,NA
AFV,Aulorhynchus flavidus,Tube-snout
EYC,Eurypegasus draconis,Short dragonfish
PGV,Pegasus volitans,Longtail seamouth
KLA,Hypoptychus dybowskii,Korean sandlance
AGQ,Aulostomus strigosus,NA
FFN,Aulostomus chinensis,Chinese trumpetfish
FUC,Fistularia corneta,Pacific cornetfish
FUT,Fistularia tabacaria,Cornetfish
FIO,Fistularia commersonii,Bluespotted cornetfish
FIP,Fistularia petimba,Red cornetfish
FIT,Fistularia spp,Flutemouth
CUW,Centriscus cristatus,Smooth razorfish
FHS,Centriscus scutatus,Grooved razor-fish
AOW,Aeoliscus punctulatus,Speckled shrimpfish
SLY,Solenostomus cyanopterus,Ghost pipefish
SXS,Solenostomus paradoxus,Harlequin ghost pipefish
SAQ,Anarchopterus criniger,Fringed pipefish
AYE,Apterygocampus epinnulatus,NA
SGQ,Syngnathus acus,Greater pipefish
STQ,Syngnathus typhle,Broadnosed pipefish
SHQ,Syngnathus abaster,Black-striped pipefish
SGP,Syngnathus phlegon,NA
SFR,Syngnathus rostellatus,Nilsson's pipefish
SSJ,Syngnathus schmidti,NA
SUZ,Syngnathus taenionotus,NA
STX,Syngnathus tenuirostris,Narrow-snouted pipefish
SVR,Syngnathus variegatus,NA
SWY,Syngnathus spp,Pipefishes nei
BHT,Bhanotia fasciolata,NA
HPY,Hippocampus fuscus,Sea pony
HPH,Hippocampus hippocampus,Short snouted seahorse
HPI,Hippocampus guttulatus,Long-snouted seahorse
HWF,Hippocampus comes,Tiger tail seahorse
HZI,Hippocampus algiricus,West African seahorse
HVH,Hippocampus kuda,Spotted seahorse
HVK,Hippocampus trimaculatus,Longnose seahorse
HVN,Hippocampus histrix,Thorny seahorse
HIC,Hippocampus spp,Seahorses nei
NRM,Nerophis maculatus,NA
NRO,Nerophis ophidion,Straightnose pipefish
NRL,Nerophis lumbriciformis,Worm pipefish
DBJ,Doryichthys boaja,NA
CBJ,Choeroichthys brachysoma,Short-bodied pipefish
SGH,Stigmatopora argus,Spotted pipefish
SGJ,Syngnathoides biaculeatus,Alligator pipefish
SGD,Solegnathus dunckeri,NA
AQA,Acentronura australe,Southern little pipehorse
DJP,Acentronura tentaculata,Shortpouch pygmy pipehorse
PXT,Phyllopteryx taeniolatus,Common seadragon
PCQ,Phycodurus eques,Leafy seadragon
BXY,Bryx analicarens,Pink pipefish
BLN,Bulbonaricus brauni,Pugheaded pipefish
CGL,Campichthys galei,Gale's pipefish
CFV,Corythoichthys flavofasciatus,Network pipefish
DBY,Corythoichthys haematopterus,Messmate pipefish
CPZ,Cosmocampus arctus,Snubnose pipefish
DDE,Cosmocampus retropinnis,NA
DDN,Cosmocampus investigatoris,NA
ENQ,Entelurus aequoreus,Snake pipefish
DBW,Doryrhamphus baldwini,NA
DCQ,Doryrhamphus excisus,Bluestripe pipefish
ENK,Enneacampus kaupi,NA
FXE,Festucalex erythraeus,NA
FXW,Festucalex wassi,NA
FLG,Filicampus tigris,Tiger pipefish
HBK,Halicampus brocki,Brock's pipefish
HYF,Haliichthys taeniophorus,Ribboned pipefish
HRU,Heraldia nocturna,NA
HCY,Hippichthys cyanospilus,Blue-spotted pipefish
GZR,Hippichthys penicillus,Beady pipefish
HSI,Histiogamphelus cristatus,Macleay's crested pipefish
HYH,Hypselognathus horridus,Prickly pipefish
IYC,Ichthyocampus carce,NA
KUU,Kaupus costatus,NA
KUS,Kimblaeus bassensis,Trawl pipefish
LTF,Leptoichthys fistularius,Brush-tailed pipefish
LNB,Leptonotus blainvilleanus,Deep-bodied pipefish
LSW,Lissocampus bannwarthi,NA
MBY,Maroubra yasudai,Orange pipefish
MID,Micrognathus andersonii,Shortnose pipefish
MIG,Microphis argulus,Flat-nosed pipefish
QBV,Microphis brachyurus,Short-tailed pipefish
MIY,Minyichthys myersi,Myers' pipefish
MIO,Mitotichthys mollisoni,Mollison's pipefish
NAL,Nannocampus elegans,Elegant pipefish
NIR,Notiocampus ruber,Red pipefish
PXU,Penetopteryx nanus,NA
PXL,Phoxocampus belcheri,Rock pipefish
PFK,Pseudophallus starksii,NA
PGQ,Pugnaso curtirostris,Pug-nosed pipefish
SKU,Siokunichthys bentuviai,NA
STK,Stipecampus cristatus,Ring-backed pipefish
TYF,Trachyrhamphus bicoarctatus,Double-ended pipefish
URN,Urocampus carinirostris,NA
VCM,Vanacampus margaritifer,Mother-of-pearl pipefish
VUX,Syngnathidae,"Pipefishes, seahorses nei"
DIV,Disparichthys fluviatilis,NA
ECI,Echiodon cryomargarites,Messmate
UJQ,Echiodon drummondii,Pearlfish
ENB,Encheliophis boraborensis,Pinhead pearlfish
EUW,Eurypleuron owasianum,NA
OXF,Onuxodon fowleri,NA
PYJ,Pyramodon punctatus,Dogtooth pearlfish
SNB,Snyderidia bothrops,NA
CPW,Carapus acus,Pearl fish
YXX,Carapidae,Pearlfishes nei
BDC,Bidenichthys capensis,Freetail brotula
BDP,Brosmodorsalis persicinus,Pink brotula
BRY,Brotulina erythrea,NA
CXI,Calamopteryx goslinei,Longarm brotula
DTC,Dermatopsis macrodon,Fleshfish
DTK,Dermatopsoides kasougae,Orange brotula
DCG,Diancistrus longifilis,NA
DMD,Dinematichthys dasyrhynchus,NA
DMS,Dinematichthys iluocoeteoides,Yellow pigmy brotula
DUC,Dipulus caecus,NA
GMO,Grammonoides opisthodon,Bighead brotula
GMT,Grammonus ater,NA
BPS,Grammonus diagrammus,Purple brotula
GTL,Gunterichthys longipenis,Gold brotula
LUX,Lucifuga dentatus,Toothed Cuban cusk-eel
MXM,Monothrix mizolepis,NA
OGY,Ogilbia cayorum,Key brotula
SGE,Stygnobrotula latebricola,NA
HOO,Holocentrus adscensionis,Squirrelfish
JIU,Holocentrus rufus,Longspine squirrelfish
MJA,Myripristis jacobus,Blackbar soldierfish
HMJ,Myripristis murdjan,Pinecone soldierfish
YJW,Myripristis berndti,Blotcheye soldierfish
YJZ,Myripristis kuntee,Shoulderbar soldierfish
YJR,Myripristis botche,Blacktip soldierfish
YJY,Myripristis chryseres,Yellowfin soldierfish
YKB,Myripristis hexagona,Doubletooth soldierfish
YKC,Myripristis vittata,Whitetip soldierfish
YDX,Myripristis spp,Soldierfishes nei
HNA,Neoniphon argenteus,Clearfin squirrelfish
NHS,Neoniphon sammara,Sammara squirrelfish
QVI,Neoniphon marianus,Longjaw squirrelfish
HOH,Ostichthys acanthorhinus,NA
HWJ,Ostichthys japonicus,Japanese soldierfish
HWK,Ostichthys kaianus,Kai soldierfish
HPS,Plectrypops lima,Shy soldier
HPO,Pristilepis oligolepis,Spinyface soldier
HSU,Sargocentron caudimaculatum,Silverspot squirrelfish
HVS,Sargocentron spiniferum,Sabre squirrelfish
HWD,Sargocentron diadema,Crown squirrelfish
AXH,Sargocentron hastatum,Red squirrelfish
HWH,Sargocentron rubrum,Redcoat
IFC,Sargocentron violaceum,Violet squirrelfish
ZSZ,Sargocentron suborbitalis,Tinsel squirrelfish
HCZ,Holocentridae,Squirrelfishes nei
KZS,Mugil bananensis,Banana mullet
MUF,Mugil cephalus,Flathead grey mullet
MUB,Mugil liza,Lebranche mullet
MGU,Mugil curema,White mullet
MGI,Mugil incilis,Parassi mullet
MMW,Mugil trichodon,NA
MYZ,Mugil soiuy,So-iuy mullet
MUO,Mugil capurrii,Leaping African mullet
QIO,Mugil hospes,Hospe mullet
MGS,Mugil spp,NA
MBP,Chelon bispinosus,NA
MLR,Chelon labrosus,Thicklip grey mullet
LZP,Chelon parsia,Gold-spot mullet
LZT,Chelon planiceps,Tade gray mullet
LZM,Chelon macrolepis,Largescale mullet
MGA,Chelon auratus,Golden grey mullet
MGC,Chelon ramada,Thinlip grey mullet
MAD,Aldrichetta forsteri,Yellow-eye mullet
MAJ,Agonostomus telfairii,Fairy mullet
AJW,Agonostomus monticola,Mountain mullet
FOG,Agonostomus catalai,Comoro mullet
MCW,Cestraeus oxyrhynchus,Sharp-nosed river mullet
GHS,Cestraeus goldiei,Goldie river mullet
GPY,Cestraeus plicatilis,Lobed river mullet
GXE,Cestraeus spp,River mullets nei
MUA,Joturus pichardi,Bobo mullet
MHE,Crenimugil heterocheilus,Half fringelip mullet
VCC,Crenimugil crenilabis,Fringelip mullet
LZR,Liza richardsonii,South African mullet
LZU,Liza tricuspidens,NA
LZS,Liza saliens,Leaping mullet
KZW,Liza grandisquamis,Largescaled mullet
LZD,Liza dumerili,Grooved mullet
LZV,Liza vaigiensis,Squaretail mullet
LZK,Liza klunzingeri,Klunzinger's mullet
KZY,Liza falcipinnis,Sicklefin mullet
LZH,Liza abu,Abu mullet
IDY,Liza alata,Diamond mullet
MPK,Liza persicus,Persian mullet
SOY,Liza haematocheilus,So-iny (redlip) mullet
LZZ,Liza spp,NA
MGK,Moolgarda pedaraki,Longfin mullet
RIC,Rhinomugil corsula,Corsula
MCQ,Chaenomugil proboscideus,Snouted mullet
MXE,Myxus elongatus,Sand grey mullet
NML,Neomyxus leuciscus,Acute-jawed mullet
ODL,Oedalechilus labeo,Boxlip mullet
ODZ,Oedalechilus labiosus,Hornlip mullet
VMC,Valamugil cunnesius,Longarm mullet
VMH,Valamugil seheli,Bluespot mullet
VMP,Valamugil speigleri,Speigler's mullet
VMX,Valamugil spp,NA
MSJ,Sicamugil hamiltonii,NA
XET,Xenomugil thoburni,Thoburn's mullet
IEH,Paramugil parmatus,Broad-mouthed mullet
QPE,Planiliza melinopterus,Otomebora mullet
LZI,Planiliza subviridis,Greenback mullet
MUL,Mugilidae,Mullets nei
DTB,Dipterygonotus balteatus,Mottled fusilier
GMY,Gymnocaesio gymnoptera,Slender fusilier
TEC,Pterocaesio chrysozona,Goldband fusilier
TED,Pterocaesio digramma,Double-lined fusilier
TEI,Pterocaesio pisang,Banana fusilier
TET,Pterocaesio tessellata,One-stripe fusilier
UDH,Pterocaesio capricornis,Capricorn fusilier
UDK,Pterocaesio tile,Dark-banded fusilier
TZX,Pterocaesio spp,NA
CJC,Caesio caerulaurea,Blue and gold fusilier
CJU,Caesio cuning,Redbelly yellowtail fusilier
CJV,Caesio varilineata,Variable-lined fusilier
CJZ,Caesio lunaris,Lunar fusilier
FJR,Caesio suevica,Suez fusilier
IFK,Caesio teres,Yellow and blueback fusilier
IHA,Caesio xanthonota,Yellowback fusilier
FUS,Caesio spp,Fusiliers Caesio nei
CJX,Caesionidae,Fusiliers nei
EPJ,Centropomus unionensis,Union snook
EPU,Centropomus armatus,Armed snook
EPN,Centropomus ensiferus,Swordspine snook
EPD,Centropomus medius,Blackfin snook
EPG,Centropomus nigrescens,Black snook
EPP,Centropomus parallelus,Fat snook
EPS,Centropomus pectinatus,Tarpon snook
EPL,Centropomus robalito,Yellowfin snook
SNO,Centropomus undecimalis,Common snook
JPV,Centropomus viridis,White snook
JPM,Centropomus mexicanus,Largescale fat snook
ROB,Centropomus spp,Snooks(=Robalos) nei
HYK,Hypopterus macropterus,NA
PWG,Psammoperca waigiensis,Waigieu seaperch
EHG,Aethaloperca rogaa,Redmouth grouper
AYG,Anyperodon leucogrammicus,Slender grouper
OSB,Aporops bilinearis,NA
UFT,Aulacocephalus temmincki,Goldribbon soapfish
BMX,Bathyanthias mexicanus,Yellowtail bass
BPH,Belonoperca chabanaudi,Arrowhead soapfish
IPL,Caesioperca lepidoptera,Butterfly perch
ITH,Caesioscorpis theagenes,NA
RNL,Caprodon longimanus,Pink maomao
HDD,Chelidoperca hirundinacea,NA
RTZ,Cratinus agassizii,Graery threadfin seabass
DLB,Diploprion bifasciatum,Barred soapfish
EKJ,Ellerkeldia jamesoni,NA
EFU,Epinephelides armatus,NA
MAB,Mycteroperca bonaci,Black grouper
MTI,Mycteroperca acutirostris,Comb grouper
MKJ,Mycteroperca jordani,Gulf grouper
MKM,Mycteroperca microlepis,Gag
MKC,Mycteroperca cidi,Venezuelan grouper
MKH,Mycteroperca phenax,Scamp
MKU,Mycteroperca rubra,Mottled grouper
MKT,Mycteroperca tigris,Tiger grouper
MKV,Mycteroperca venenosa,Yellowfin grouper
GBS,Mycteroperca xenarcha,Broomtail grouper
MKF,Mycteroperca fusca,Island grouper
MKN,Mycteroperca interstitialis,Yellowmouth grouper
MKR,Mycteroperca rosacea,Leopard grouper
GPB,Mycteroperca spp,Brazilian groupers nei
GPD,Epinephelus marginatus,Dusky grouper
GPW,Epinephelus aeneus,White grouper
EIU,Epinephelus undulosus,Wavy-lined grouper
EPA,Epinephelus akaara,Hong Kong grouper
ELD,Epinephelus diacanthus,Spinycheek grouper
EEN,Epinephelus lanceolatus,Giant grouper
EEC,Epinephelus maculatus,Highfin grouper
EER,Epinephelus merra,Honeycomb grouper
EIF,Epinephelus septemfasciatus,Convict grouper
EFX,Epinephelus sexfasciatus,Sixbar grouper
EPZ,Epinephelus stoliczkae,Epaulet grouper
EPT,Epinephelus tauvina,Greasy grouper
GPN,Epinephelus striatus,Nassau grouper
EFD,Epinephelus adscensionis,Rock hind
GPS,Epinephelus analogus,Spotted grouper
EED,Epinephelus drummondhayi,Speckled hind
EEU,Epinephelus guttatus,Red hind
EEB,Epinephelus labriformis,Starry grouper
GPR,Epinephelus morio,Red grouper
EEQ,Epinephelus quernus,Hawaiian grouper
EFJ,Epinephelus caninus,Dogtooth grouper
EEA,Epinephelus fasciatus,Blacktip grouper
EEG,Epinephelus goreensis,Dungat grouper
EEP,Epinephelus morrhua,Comet grouper
EFB,Epinephelus albomarginatus,White-edged grouper
EFN,Epinephelus andersoni,Catface grouper
EPR,Epinephelus areolatus,Areolate grouper
EET,Epinephelus itajara,Atlantic goliath grouper
MAR,Epinephelus malabaricus,Malabar grouper
EPV,Epinephelus rivulatus,Halfmoon grouper
EEV,Epinephelus flavocaeruleus,Blue-and-yellow grouper
EFY,Epinephelus amblycephalus,Banded grouper
EFW,Epinephelus awoara,Yellow grouper
EFK,Epinephelus bleekeri,Duskytail grouper
EFE,Epinephelus bruneus,Longtooth grouper
EFH,Epinephelus chlorostigma,Brownspotted grouper
EPF,Epinephelus cifuentesi,Olive grouper
ENI,Epinephelus coioides,Orange-spotted grouper
EPK,Epinephelus costae,Goldblotch grouper
EPY,Epinephelus cyanopodus,Speckled blue grouper
ESE,Epinephelus daemelii,Saddletail grouper
EEF,Epinephelus fasciatomaculosus,Rock grouper
EEE,Epinephelus heniochus,Bridled grouper
EEX,Epinephelus hexagonatus,Starspotted grouper
EES,Epinephelus latifasciatus,Striped grouper
EEM,Epinephelus macrospilos,Snubnose grouper
EEJ,Epinephelus magniscuttis,Speckled grouper
EEK,Epinephelus polyphekadion,Camouflage grouper
EFQ,Epinephelus quoyanus,Longfin grouper
EIT,Epinephelus stictus,Black-dotted grouper
EIR,Epinephelus trimaculatus,Threespot grouper
EWC,Epinephelus coeruleopunctatus,Whitespotted grouper
EWF,Epinephelus fuscoguttatus,Brown-marbled grouper
EWI,Epinephelus irroratus,Marquesan grouper
EWM,Epinephelus miliaris,Netfin grouper
EWU,Epinephelus multinotatus,White-blotched grouper
EWP,Epinephelus poecilonotus,Dot-dash grouper
EWR,Epinephelus retouti,Red-tipped grouper
EWT,Epinephelus tuamotuensis,Reticulate grouper
EWL,Epinephelus tukula,Potato grouper
EWE,Epinephelus epistictus,Dotted grouper
EWY,Epinephelus polylepis,Smallscaled grouper
EWS,Epinephelus summana,Summan grouper
EZR,Epinephelus radiatus,Oblique-banded grouper
EWG,Epinephelus posteli,Striped-fin grouper
EWV,Epinephelus faveatus,Barred-chest grouper
EWW,Epinephelus longispinis,Longspine grouper
EZO,Epinephelus spilotoceps,Foursaddle grouper
EZP,Epinephelus melanostigma,One-blotch grouper
EWZ,Epinephelus chabaudi,Moustache grouper
EZQ,Epinephelus quinquefasciatus,Pacific goliath grouper
GPX,Epinephelus spp,Groupers nei
EXF,E. fuscoguttatus x E. lanceolatus,"Tiger-dragon grouper, hybrid"
CBR,Serranus cabrilla,Comber
SRK,Serranus scriba,Painted comber
SRJ,Serranus hepatus,Brown comber
RNB,Serranus atrobranchus,Blackear bass
RNF,Serranus psittacinus,Barred serrano
ERB,Serranus subligarius,Belted sandfish
WSA,Serranus atricauda,Blacktail comber
WLJ,Serranus accraensis,Ghanian comber
WLK,Serranus africanus,NA
DGK,Serranus huascarii,Flag serrano
BAS,Serranus spp,Combers nei
GGJ,Giganthias immaculatus,NA
GSE,Grammistes sexlineatus,Goldenstriped soapfish
GMA,Grammistops ocellatus,Ocellate soapfish
HNE,Hemanthias aureorubens,Streamer bass
KSI,Hemanthias signifer,Damsel bass
IIM,Hemanthias peruanus,Splittail bass
HHN,Hypoplectrodes huntii,Redbanded perch
JBG,Jeboehlkia gladifer,NA
LDP,Lepidoperca pulchella,Orange perch
LZE,Luzonichthys earlei,NA
MIF,Mirolabrichthys flavoguttatus,NA
AHN,Anthias anthias,Swallowtail seaperch
DDW,Anthias noeli,Rosy jewelfish
BSB,Centropristis striata,Black seabass
FHC,Centropristis philadelphica,Rock sea bass
LSF,Alphestes afer,Mutton hamlet
LST,Alphestes multiguttatus,Rivulated mutton hamlet
LWV,Alphestes immaculatus,Pacific mutton hamlet
OTE,Othos dentex,NA
CFL,Cephalopholis cruentata,Graysby
CFJ,Cephalopholis fulva,Coney
CFF,Cephalopholis argus,Peacock hind
EFT,Cephalopholis sonnerati,Tomato hind
EFA,Cephalopholis taeniops,Bluespotted seabass
CFQ,Cephalopholis nigri,Niger hind
CFY,Cephalopholis cyanostigma,Bluespotted hind
CFH,Cephalopholis hemistiktos,Yellowfin hind
CFM,Cephalopholis microprion,Freckled hind
CFI,Cephalopholis miniata,Coral hind
CFX,Cephalopholis sexmaculata,Sixblotch hind
CFZ,Cephalopholis aurantia,Golden hind
CWI,Cephalopholis igarashiensis,Garish hind
CWR,Cephalopholis spiloparaea,Strawberry hind
CWU,Cephalopholis urodeta,Darkfin hind
CVK,Cephalopholis boenak,Chocolate hind
UKR,Cephalopholis leopardus,Leopard hind
CZU,Cephalopholis nigripinnis,Duskyfin hind
CZO,Cephalopholis formosa,Bluelined hind
DVF,Cephalopholis polleni,Harlequin hind
FJI,Cephalopholis aitha,Rusty hind
FJL,Cephalopholis panamensis,Pacific graysby
IIX,Cephalopholis spp,NA
MPV,Cromileptes altivelis,Humpback grouper
ODF,Odontanthias flagris,NA
HNB,Odontanthias borbonius,Checked swallowtail
DED,Dermatolepis dermatolepis,Leather bass
DEV,Dermatolepis striolata,Smooth grouper
DMI,Dermatolepis inermis,Marble grouper
PES,Diplectrum formosum,Sand perch
DLM,Diplectrum macropoma,Mexican sand perch
DLX,Diplectrum maximum,Torpedo sand perch
DLA,Diplectrum pacificum,Inshore sand perch
DLD,Diplectrum radiale,Pond perch
DLK,Diplectrum labarum,Highfin sand perch
DLY,Diplectrum euryplectrum,Bighead sand perch
FSW,Diplectrum conceptione,NA
FTW,Diplectrum eumelum,Orange-spotted sand perch
DVP,Diplectrum spp,NA
DUI,Dules auriga,NA
LNG,Planctanthias longifilis,NA
GOH,Gonioplectrus hispanus,Spanish flag
TIF,Paranthias furcifer,Creole-fish
FNI,Paranthias colonus,Pacific creole-fish
PLM,Plectropomus maculatus,Spotted coralgrouper
EME,Plectropomus areolatus,Squaretail coralgrouper
EML,Plectropomus laevis,Blacksaddled coralgrouper
EMO,Plectropomus leopardus,Leopard coralgrouper
EMU,Plectropomus pessuliferus,Roving coralgrouper
EMN,Plectropomus punctatus,Marbled coralgrouper
EMW,Plectropomus oligacanthus,Highfin coralgrouper
IWX,Plectropomus spp,Coralgroupers nei
RYC,Rypticus saponaceus,Greater soapfish
QZZ,Rypticus subbifrenatus,Spotted soapfish
OGE,Pronotogrammus eos,Bigeye bass
QXG,Pronotogrammus multifasciatus,Threadfin bass
EDB,Pseudanthias bimaculatus,Two-spot basslet
EDF,Pseudanthias fasciata,NA
EDP,Pseudanthias parvirostris,NA
EDS,Pseudanthias squamipinnis,Sea goldie
DVZ,Pseudanthias townsendi,Townsend's anthias
RLL,Rabaulichthys altipinnis,Sailfin anthias
RIO,Rainfordia opercularis,Flathead perch
OOW,Saloptia powelli,Golden grouper
UZB,Schultzea beta,School bass
NHN,Selenanthias analis,Pearl-spotted fairy basslet
RLP,Serraniculus pumilio,Pygmy sea bass
RCU,Serranocirrhitus latus,Hawkfish anthias
TSR,Triso dermopterus,Oval grouper
TSI,Tosana niwae,Threadtail anthias
BSZ,Acanthistius brasilianus,Argentine seabass
KGL,Acanthistius sebastoides,Koester
QHP,Acanthistius patachonicus,Patagonian seabass
TSF,Tosanoides filamentosus,NA
HCO,Hypoplectrus chlorurus,Yellowtail hamlet
HUN,Hypoplectrus unicolor,Butter hamlet
HNP,Hypoplectrus nigricans,Black hamlet
NMR,Nemanthias carberryi,Threadfin anthias
OGP,Pogonoperca punctata,Bearded soapfish
NFS,Niphon spinosus,Ara
TPR,Trachypoma macracanthus,Toadstool groper
AXN,Paralabrax nebulifer,Barred sand bass
PXF,Paralabrax maculatofasciatus,Spotted sand bass
PXK,Paralabrax clathratus,Kelp bass
PXM,Paralabrax albomaculatus,Camotillo
BAP,Paralabrax humeralis,Peruvian rock seabass
PZZ,Paralabrax callaensis,Southern rock bass
LXW,Paralabrax loro,Parrot sand bass
XBX,Paralabrax spp,NA
EDG,Pseudogramma gregoryi,Reef bass
GCA,Gracila albomarginata,Masked grouper
VRL,Variola louti,Yellow-edged lyretail
VRA,Variola albimarginata,White-edged lyretail
YHP,Hyporthodus ergastularius,Sevenbar grouper
EEY,Hyporthodus mystacinus,Misty grouper
YJN,Hyporthodus niphobles,Star-studded grouper
EFC,Hyporthodus acanthistius,Rooster hind
EEL,Hyporthodus flavolimbatus,Yellowedge grouper
EFV,Hyporthodus niveatus,Snowy grouper
ELG,Hyporthodus nigritus,Warsaw grouper
EEI,Hyporthodus haifensis,Haifa grouper
EWO,Hyporthodus octofasciatus,Eightbar grouper
JLT,Meganthias natalensis,Gorgeous swallowtail
YVY,Hemilutjanus macrophthalmos,Grape-eye seabass
BSX,Serranidae,"Groupers, seabasses nei"
LFU,Liopropoma africanum,African basslet
LMK,Liopropoma eukrines,Wrasse bass
NWF,Liopropoma randalli,NA
NCA,Plectranthias altipinnatus,NA
QRJ,Plectranthias retrofasciatus,NA
UAB,Sacura boulengeri,Boulenger's anthias
QZC,Sacura parva,Little fairy basslet
GLH,Glaucosoma hebraicum,Westralian jewfish
GLU,Glaucosoma scapulare,NA
LGM,Lagusia micracanthus,NA
MER,Mesopristes argenteus,Silver grunter
DEO,Mesopristes elongatus,Plain terapon
PLV,Pelsartia humeralis,NA
RYX,Rhynchopelates oxyrhynchus,NA
KNZ,Helotes sexlineatus,NA
TJB,Terapon jarbua,Jarbua terapon
TEU,Terapon puta,Small-scaled terapon
TEH,Terapon theraps,Largescaled terapon
THO,Terapon spp,Terapon perches nei
PQD,Pelates quadrilineatus,Fourlined terapon
THE,Terapontidae,Tigerperches nei
TEJ,Stereolepis gigas,Giant seabass
SPU,Dicentrarchus punctatus,Spotted seabass
BSS,Dicentrarchus labrax,European seabass
BSE,Dicentrarchus spp,Seabasses nei
AIF,Acanthoclinus fuscus,NA
AWH,Acanthoplesiops hiatti,NA
AFW,Assessor flavissimus,Yellow devilfish
BXK,Beliops xanthokrossos,NA
BEF,Belonepterygion fasciolatum,NA
CAW,Calloplesiops altivelis,Comet
FRC,Fraudella carassiops,NA
PBE,Paraplesiops bleekeri,NA
TEP,Steeneichthys plesiopsus,NA
TIU,Trachinops brauni,NA
KUV,Kuhlia sandvicensis,Hawaiian flagtail
HTU,Heteropriacanthus cruentatus,Glasseye
PJY,Pristigenys meyeri,NA
QIK,Pristigenys niphonia,Japanese bigeye
QVQ,Pristigenys alta,Short bigeye
PQY,Priacanthus tayenus,Purple-spotted bigeye
PQR,Priacanthus arenatus,Atlantic bigeye
BIR,Priacanthus macracanthus,Red bigeye
BWH,Priacanthus hamrur,Moontail bullseye
QDC,Priacanthus blochii,Paeony bulleye
BIG,Priacanthus spp,Bigeyes nei
CJN,Cookeolus japonicus,Longfinned bullseye
PRI,Priacanthidae,"Bigeyes,glasseyes,bulleyes nei"
OGS,Apogon semilineatus,Half-lined cardinal
OGT,Apogon imberbis,Cardinal fish
QCC,Apogon coccineus,Ruby cardinalfish
QCM,Apogon truncatus,Flagfin cardinalfish
QUU,Apogon nigripes,Blackfoot cardinal
QLX,Apogon spp,NA
OGX,Apogonichthys perdix,Perdix cardinalfish
RMZ,Archamia zosterophora,Blackbelted cardinalfish
QLY,Archamia fucata,Orangelined cardinalfish
TOU,Astrapogon alutus,Bronze cardinalfish
HDA,Cheilodipterus alleni,NA
HWW,Cheilodipterus arabicus,Tiger cardinal
HWY,Cheilodipterus macrodon,Large toothed cardinalfish
HWZ,Cheilodipterus novemstriatus,Twospot cardinalfish
HZB,Cheilodipterus persicus,Persian cardinalfish
OHY,Coranthus polyacanthus,NA
FOB,Foa brachygramma,Weed cardinalfish
FWU,Fowleria aurita,Crosseyed cardinalfish
FWB,Fowleria vaiulae,Mottled cardinalfish
FWC,Fowleria variegata,Variegated cardinalfish
GSG,Glossamia gjellerupi,Gjellerup's mouth almighty
GNF,Gymnapogon africanus,Crystal cardinal
HGX,Holapogon maximus,Titan cardinalfish
LHF,Lachneratus phasmaticus,NA
MNS,Mionorus bombonensis,NA
NMT,Neamia octospina,Eightspine cardinalfish
FXC,Phaeoptyx conklini,Freckled cardinalfish
UDZ,Pseudamia zonata,Paddlefish cardinalfish
UAM,Pseudamia tarri,Tarr's cardinalfish
UDG,Pseudamiops gracilicauda,Graceful-tailed cardinalfish
TGK,Pterapogon kauderni,NA
RBG,Rhabdamia gracilis,Luminous cardinalfish
QGS,Rhabdamia cypselurus,Swallowtail cardinalfish
FMV,Siphamia versicolor,Sea urchin cardinalfish
FMN,Sphaeramia nematoptera,Pajama cardinalfish
VIC,Vincentia chrysura,NA
QCN,Apogonichthyoides nigripinnis,Bullseye
QCO,Apogonichthyoides pseudotaeniatus,Doublebar cardinalfish
QCP,Apogonichthyoides taeniatus,Twobelt cardinal
FER,Apogonichthyoides melas,Black cardinalfish
QCR,Jaydia queketti,Spotfin cardinal
QUV,Pristiapogon kallopterus,Iridescent cardinalfish
QCH,Pristiapogon fraenatus,NA
QBZ,Ostorhinchus aureus,Ring-tailed cardinalfish
OGF,Ostorhinchus fasciatus,Broadbanded cardinalfish
QCD,Ostorhinchus cookii,Cook's cardinalfish
QCF,Ostorhinchus cyanosoma,NA
QCG,Ostorhinchus fleurieu,NA
QCI,Ostorhinchus gularis,NA
APO,Apogonidae,"Cardinalfishes, etc. nei"
SIV,Sillaginodes punctata,Spotted sillago
SIJ,Sillaginopsis panijus,Flathead sillago
ILM,Sillago maculata,Trumpeter sillago
ILS,Sillago sihama,Silver sillago
SLK,Sillago ciliata,Sand sillago
ILQ,Sillago flindersi,Flinders' sillago
IIS,Sillago arabica,Arabian sillago
IIT,Sillago attenuata,Slender sillago
IIU,Sillago chondropus,Clubfoot sillago
IJG,Sillago japonica,Japanese sillago
RWR,Sillago bassensis,NA
RWU,Sillago robusta,Stout whiting
ILX,Sillago spp,NA
WHS,Sillaginidae,Sillago-whitings
HLY,Hoplolatilus chlupatyi,Chameleon sand tilefish
HPK,Hoplolatilus starcki,Stark's tilefish
MBV,Malacanthus brevirostris,Quakerfish
MWP,Malacanthus plumieri,Sand tilefish
AKE,Anisochromis kenyae,NA
BMS,Blennodesmus scapularis,NA
CDB,Chlidichthys bibulus,Nosey dottyback
CGC,Congrogadus amplimaculatus,NA
CFR,Cypho purpurascens,Oblique-lined dottyback
HDC,Halidesmus coccus,NA
HMH,Halimuraena hexagonata,NA
HMS,Halimuraenoides isostigma,NA
HLE,Haliophis aethiopus,NA
LCF,Labracinus cyclophthalmus,Fire-tail devil
NLL,Natalichthys leptus,Pencil snakelet
PVA,Pseudochromis aldabraensis,Orange dottyback
PVU,Pseudochromis olivaceus,Olive dottyback
UAN,Pseudochromis caudalis,NA
UAO,Pseudochromis dutoiti,Dutoiti
UAP,Pseudochromis linda,Yellowtail dottyback
UAR,Pseudochromis nigrovittatus,Blackstripe dottyback
UAT,Pseudochromis persicus,Bluespotted dottyback
PLW,Pseudoplesiops howensis,NA
RSU,Rusichthys plesiomorphus,NA
NMP,Nematistius pectoralis,Roosterfish
BJB,Banjos banjos,NA
MOO,Mene maculata,Moonfish
RUF,Arripis georgianus,Ruff
ASA,Arripis trutta,Australian salmon
ZWT,Arripis truttacea,Western Australian salmon
IEA,Emmelichthyops atlanticus,Bonnetmouth
RES,Lutjanus argentimaculatus,Mangrove red snapper
LJD,Lutjanus decussatus,Checkered snapper
LJT,Lutjanus erythropterus,Crimson snapper
LJF,Lutjanus fulviflamma,Dory snapper
LJV,Lutjanus fulvus,Blacktail snapper
LJH,Lutjanus johnii,John's snapper
LJL,Lutjanus lutjanus,Bigeye snapper
LJK,Lutjanus monostigma,One-spot snapper
LUV,Lutjanus rivulatus,Blubberlip snapper
MAL,Lutjanus malabaricus,Malabar blood snapper
LUB,Lutjanus sebae,Emperor red snapper
LUJ,Lutjanus vitta,Brownstripe red snapper
LJN,Lutjanus analis,Mutton snapper
LJP,Lutjanus apodus,Schoolmaster snapper
LJR,Lutjanus aratus,Mullet snapper
HUS,Lutjanus argentiventris,Yellow snapper
SNC,Lutjanus purpureus,Southern red snapper
LJU,Lutjanus buccanella,Blackfin snapper
SNR,Lutjanus campechanus,Northern red snapper
LJC,Lutjanus colorado,Colorado snapper
LJY,Lutjanus cyanopterus,Cubera snapper
LJI,Lutjanus griseus,Grey snapper
LJS,Lutjanus guttatus,Spotted rose snapper
LJJ,Lutjanus jocu,Dog snapper
LJM,Lutjanus mahogoni,Mahogany snapper
LJW,Lutjanus novemfasciatus,Pacific dog snapper
SNL,Lutjanus synagris,Lane snapper
LTJ,Lutjanus vivanus,Silk snapper
LJA,Lutjanus agennes,African red snapper
LJE,Lutjanus dentatus,African brown snapper
SNU,Lutjanus russellii,Russell's snapper
LJO,Lutjanus goreensis,Gorean snapper
LJB,Lutjanus bohar,Two-spot red snapper
LJG,Lutjanus gibbus,Humpback red snapper
LUF,Lutjanus rufolineatus,Yellow-lined snapper
LVN,Lutjanus fulgens,Golden African snapper
LDW,Lutjanus adetii,Yellow-banded snapper
LVK,Lutjanus kasmira,Common bluestripe snapper
LWL,Lutjanus lemniscatus,Yellowstreaked snapper
LWT,Lutjanus timorensis,Timor snapper
LWQ,Lutjanus quinquelineatus,Five-lined snapper
LWN,Lutjanus coeruleolineatus,Blueline snapper
LWE,Lutjanus ehrenbergii,Blackspot snapper
LVG,Lutjanus goldiei,Papuan black snapper
LWP,Lutjanus peru,Pacific red snapper
LWJ,Lutjanus jordani,Jordan's snapper
LZJ,Lutjanus sanguineus,Humphead snapper
QFM,Lutjanus endecacanthus,Guinea snapper
QIT,Lutjanus bengalensis,Bengal snapper
QIU,Lutjanus lunulatus,Lunartail snapper
QKU,Lutjanus notatus,Bluestriped snapper
QGM,Lutjanus stellatus,Star snapper
QIB,Lutjanus indicus,NA
GVJ,Lutjanus guilcheri,Yellowfin red snapper
LXI,Lutjanus inermis,Golden snapper
NYF,Lutjanus viridis,Blue and gold snapper
SNA,Lutjanus spp,Snappers nei
SNY,Ocyurus chrysurus,Yellowtail snapper
ARQ,Aphareus rutilans,Rusty jobfish
AYF,Aphareus furca,Small toothed jobfish
AZX,Aphareus spp,NA
AVR,Aprion virescens,Green jobfish
AVY,Aprion spp,NA
ASX,Apsilus dentatus,Black snapper
AFK,Apsilus fuscus,African forktail snapper
LIR,Lipocheilus carnolabrum,Tang's snapper
LRC,Paracaesio caerulea,Japanese snapper
LRG,Paracaesio gonzalesi,Vanuatu snapper
LRK,Paracaesio kusakarii,Saddle-back snapper
LRX,Paracaesio xanthura,Yellowtail blue snapper
LWR,Paracaesio stonei,Cocoa snapper
QNE,Paracaesio brevidentata,NA
EEO,Etelis oculatus,Queen snapper
ETA,Etelis carbunculus,Deep-water red snapper
ETC,Etelis coruscans,Deepwater longtail red snapper
EEW,Etelis radiosus,Pale snapper
MLN,Macolor niger,Black and white snapper
PQM,Parapristipomoides squamimaxillaris,Scalemouth jobfish
LRY,Pristipomoides argyrogrammicus,Ornate jobfish
PFM,Pristipomoides filamentosus,Crimson jobfish
PQI,Pristipomoides aquilonaris,Wenchman
LRI,Pristipomoides multidens,Goldbanded jobfish
LRB,Pristipomoides sieboldii,Lavender jobfish
LRU,Pristipomoides typus,Sharptooth jobfish
LWA,Pristipomoides auricilla,Goldflag jobfish
LWF,Pristipomoides flavipinnis,Golden eye jobfish
LWZ,Pristipomoides zonatus,Oblique-banded snapper
UPZ,Pristipomoides macrophthalmus,Cardinal snapper
LWX,Pristipomoides spp,Jobfishes nei
RPU,Rhomboplites aurorubens,Vermilion snapper
HLG,Hoplopagrus guentherii,Mexican barred snapper
RAI,Randallichthys filamentosus,Randall's snapper
SJS,Symphorichthys spilurus,Sailfin snapper
SJE,Symphorus nematophorus,Chinamanfish
PJP,Pinjalo pinjalo,Pinjalo
QQE,Pinjalo lewisi,Red pinjalo
SNX,Lutjanidae,"Snappers, jobfishes nei"
NPS,Parascolopsis aspinosa,Smooth dwarf monocle bream
NJH,Parascolopsis baranesi,NA
NJF,Parascolopsis eriomma,Rosy dwarf monocle bream
NIZ,Parascolopsis townsendi,Scaly dwarf monocle bream
QNU,Parascolopsis inermis,Unarmed dwarf monocle bream
NPC,Pentapodus caninus,Small-toothed whiptail
NPY,Pentapodus emeryii,Double whiptail
NPD,Pentapodus paradiseus,Paradise whiptail
QPK,Pentapodus setosus,Butterfly whiptail
QPZ,Pentapodus trivittatus,Three-striped whiptail
NQX,Pentapodus spp,NA
NSV,Scaevius milii,Green-striped coral bream
NNM,Nemipterus marginatus,Red filament threadfin bream
NNH,Nemipterus hexodon,Ornate threadfin bream
NNJ,Nemipterus japonicus,Japanese threadfin bream
THG,Nemipterus virgatus,Golden threadfin bream
NNO,Nemipterus mesoprion,Mauvelip threadfin bream
NNF,Nemipterus nematophorus,Doublewhip threadfin bream
NNQ,Nemipterus nemurus,Redspine threadfin bream
NNK,Nemipterus peronii,Notchedfin threadfin bream
NND,Nemipterus tambuloides,Fivelined threadfin bream
NNI,Nemipterus balinensis,Balinese threadfin bream
NNT,Nemipterus bathybius,Yellowbelly threadfin bream
NNC,Nemipterus celebicus,Celebes threadfin bream
NNR,Nemipterus gracilis,Graceful threadfin bream
NNZ,Nemipterus randalli,Randall's threadfin bream
KZJ,Nemipterus bipunctatus,Delagoa threadfin bream
KZI,Nemipterus zysron,Slender threadfin bream
QJT,Nemipterus furcosus,Forktailed threadfin bream
THB,Nemipterus spp,Threadfin breams nei
NSP,Scolopsis vosmeri,Whitecheek monocle bream
NSI,Scolopsis bimaculata,Thumbprint monocle bream
NSG,Scolopsis ghanam,Arabian monocle bream
NSC,Scolopsis bilineata,Two-lined monocle bream
NSO,Scolopsis monogramma,Monogrammed monocle bream
NSE,Scolopsis taenioptera,Lattice monocle bream
NWS,Scolopsis taeniata,Black-streaked monocle bream
NQG,Scolopsis lineata,Striped monocle bream
JBI,Scolopsis aurata,Yellowstripe monocle bream
JBJ,Scolopsis frenata,Bridled monocle bream
RVL,Scolopsis affinis,Peters' monocle bream
RWD,Scolopsis xenochrous,Oblique-barred monocle bream
MOB,Scolopsis spp,Monocle breams
THD,Nemipteridae,Threadfin and dwarf breams nei
GZM,Gazza minuta,Toothpony
GZX,Gazza spp,Toothponies nei
LGP,Eubleekeria splendens,Splendid ponyfish
LGL,Leiognathus blochii,Twoblotch ponyfish
LGA,Leiognathus daura,Goldstripe ponyfish
LGU,Leiognathus dussumieri,Dussumier's ponyfish
LGE,Leiognathus equulus,Common ponyfish
LCZ,Leiognathus leuciscus,Whipfin ponyfish
LCQ,Leiognathus oblongus,Oblong ponyfish
KZN,Leiognathus brevirostris,Shortnose ponyfish
KZM,Leiognathus lineolatus,Ornate ponyfish
POY,Leiognathus spp,Ponyfishes(=Slipmouths)
LCV,Photopectoralis bindus,Orangefin ponyfish
LGS,Aurigequula fasciata,Striped ponyfish
UTI,Secutor insidiator,Pugnose ponyfish
UTR,Secutor ruconius,Deep pugnose ponyfish
UTX,Secutor spp,NA
KZL,Nuchequula gerreoides,Decorated ponyfish
KZK,Equulites elongatus,Slender ponyfish
FXD,Equulites laterofenestra,NA
PON,Leiognathidae,Ponyfishes(=Slipmouths) nei
BDG,Boridia grossidens,Borriqueta porgy
DGP,Diagramma pictum,Painted sweetlips
XEZ,Xenichthys agassizi,NA
ZFB,Xenichthys xanti,Longfin salema
XEC,Xenistius californiensis,NA
XEJ,Xenocys jessiae,NA
HND,Anisotremus davidsonii,Xantic sargo
HNO,Anisotremus dovii,Spotted head sargo
HNI,Anisotremus interruptus,Burrito grunt
HNS,Anisotremus scapularis,NA
HNU,Anisotremus surinamensis,Black margate
HNR,Anisotremus virginicus,Porkfish
FEN,Anisotremus caesius,Silvergrey grunt
IHM,Anisotremus spp,NA
HLU,Haemulon album,White margate
HLO,Haemulon bonariense,Black grunt
HLC,Haemulon carbonarium,Caesar grunt
HLF,Haemulon flaviguttatus,Yellowspotted grunt
HLV,Haemulon flavolineatum,French grunt
HLS,Haemulon macrostomum,Spanish grunt
HLD,Haemulon maculicauda,Spottail grunt
HLH,Haemulon melanurum,Cottonwick grunt
HLP,Haemulon parra,Sailor's grunt
HLI,Haemulon plumierii,White grunt
HHI,Haemulon sciurus,Bluestriped grunt
HHD,Haemulon scudderii,Grey grunt
HHX,Haemulon sexfasciatum,Greybar grunt
HHE,Haemulon steindachneri,Chere-chere grunt
HLL,Haemulon aurolineatum,Tomtate grunt
HWG,Haemulon boschmae,Bronzestripe grunt
KEG,Haemulon chrysargyreum,Smallmouth grunt
KFI,Haemulon striatum,Striped grunt
IIV,Haemulon vittatum,Boga
HWX,Haemulon spp,Grunts nei
PMX,Haemulopsis axillaris,Yellowstripe grunt
PKU,Haemulopsis leuciscus,Raucous grunt
FHI,Haemulopsis corvinaeformis,Roughneck grunt
HZQ,Haemulopsis nitidus,Shining grunt
IPV,Haemulopsis spp,NA
PIG,Orthopristis chrysoptera,Pigfish
OTR,Orthopristis ruber,Corocoro grunt
DVO,Orthopristis chalceus,Brassy grunt
GEU,Genyatremus luteus,Torroto grunt
GVP,Genyatremus pacifici,Carruco sargo
GRP,Isacia conceptionis,Cabinza grunt
HTR,Parapristipoma trilineatum,NA
GRA,Parapristipoma octolineatum,African striped grunt
PNH,Plectorhinchus cinctus,Crescent sweetlips
PKP,Plectorhinchus pictus,Trout sweetlips
PKF,Plectorhinchus schotaf,Minstrel sweetlips
GBL,Plectorhinchus macrolepis,Biglip grunt
GBR,Plectorhinchus mediterraneus,Rubberlip grunt
PFV,Plectorhinchus flavomaculatus,Lemonfish
GQT,Plectorhinchus gaterinus,Blackspotted rubberlip
GQD,Plectorhinchus sordidus,Sordid rubberlip
GQV,Plectorhinchus orientalis,Oriental sweetlips
GQW,Plectorhinchus playfairi,Whitebarred rubberlip
GFH,Plectorhinchus lessonii,Lesson's thicklip
IEW,Plectorhinchus gibbosus,Harry hotlips
IEY,Plectorhinchus lineatus,Yellowbanded sweetlips
IJI,Plectorhinchus chubbi,Dusky rubberlip
QRI,Plectorhinchus albovittatus,Two-striped sweetlips
PBX,Plectorhinchus spp,"Sweetlips, rubberlips nei"
PKS,Pomadasys stridens,Striped piggy
HDH,Pomadasys commersonnii,Smallspotted grunter
GRL,Pomadasys argenteus,Silver grunt
PKL,Pomadasys maculatus,Saddle grunt
PKV,Pomadasys olivaceus,Olive grunt
PKO,Pomadasys opercularis,Smallspotted grunt
PBJ,Pomadasys bayanus,Purplemouth grunt
PBI,Pomadasys branickii,Sand grunt
PKR,Pomadasys crocro,Burro grunt
PKN,Pomadasys macracanthus,Longspine grunt
BGR,Pomadasys incisus,Bastard grunt
BUR,Pomadasys jubelini,Sompat grunt
PKE,Pomadasys perotaei,Parrot grunt
PKT,Pomadasys multimaculatum,Cock grunter
PKK,Pomadasys suillus,NA
KAH,Pomadasys kaakan,Javelin grunter
YSZ,Pomadasys panamensis,Panama grunt
BGZ,Pomadasys rogerii,Pigsnout grunt
QCZ,Pomadasys argyreus,Bluecheek silver grunt
QCY,Pomadasys furcatus,Banded grunter
QDA,Pomadasys taeniatus,Bronzestriped grunt
BGX,Pomadasys spp,NA
GRB,Brachydeuterus auritus,Bigeye grunt
PKC,Parakuhlia macrophthalmus,Dara
HGM,Hapalogenys mucronatus,NA
QOL,Hapalogenys nigripinnis,Short barbeled velvetchin
BRG,Conodon nobilis,Barred grunt
BWG,Conodon serrifer,Armed grunt
BZK,Conodon macrops,Lemoneye grunt
MIN,Microlepidotus inornatus,Wavyline grunt
FIB,Microlepidotus brevipinnis,Humpback grunt
GRX,Haemulidae (=Pomadasyidae),"Grunts, sweetlips nei"
USO,Austronibea oedogenys,Yellowtail croaker
BOM,Boesemania microlepis,Boeseman croaker
OVM,Corvula macrops,Vacuocua croaker
TEG,Ctenosciaena gracilicirrhus,Barbel drum
WEM,Totoaba macdonaldi,Totoaba
CBM,Sciaena umbra,Brown meagre
AXW,Sciaena deliciosa,Lorna drum
IAY,Sciaena bathytatos,Deep-water drum
DRU,Sciaena spp,Sciaenas nei
YNA,Cynoscion acoupa,Acoupa weakfish
YNL,Cynoscion albus,Whitefin weakfish
WEP,Cynoscion analis,Peruvian weakfish
YNR,Cynoscion arenarius,Sand weakfish
YNJ,Cynoscion jamaicensis,Jamaica weakfish
YNE,Cynoscion leiarchus,Smooth weakfish
SWF,Cynoscion nebulosus,Spotted weakfish
YNM,Cynoscion microlepidotus,Smallscale weakfish
YNO,Cynoscion othonopterum,Gulf weakfish
YNP,Cynoscion parvipinnis,Shortfin weakfish
YNH,Cynoscion phoxocephalus,Cachema weakfish
STG,Cynoscion regalis,Squeteague(=Gray weakfish)
YNT,Cynoscion reticulatus,NA
WKB,Cynoscion steindachneri,Smalltooth weakfish
WKS,Cynoscion striatus,Striped weakfish
YNV,Cynoscion virescens,Green weakfish
YNX,Cynoscion xanthulum,Orangemouth weakfish
YNN,Cynoscion nothus,Silver seatrout
YNS,Cynoscion similis,Tonkin weakfish
YNZ,Cynoscion stolzmanni,Stolzmann's weakfish
YGC,Cynoscion guatucupa,Stripped weakfish
YQW,Cynoscion squamipinnis,Scalyfin weakfish
WKX,Cynoscion spp,Weakfishes nei
LER,Lepipterus francisci,San Francisco croaker
LIK,Lepipterus schomburgkii,Amazon croaker
LNL,Lonchurus lanceolatus,Longtail croaker
RLE,Lonchurus elegans,Blackfin croaker
MNJ,Macrospinosa cuja,NA
MGF,Megalonibea fusca,NA
MIH,Miichthys miiuy,Mi-iuy (brown) croaker
MIV,Miracorvina angolensis,Angola croaker
YUB,Pachyurus bonariensis,La Plata croaker
RNI,Paranibea semiluctuosa,Half-mourning croaker
PQF,Pareques fuscovittatus,Fusco drum
EQA,Pareques acuminatus,High-hat
QOQ,Pareques lanfeari,Royal highhat
MIK,Micropogonias ectenes,Slender croaker
CKM,Micropogonias furnieri,Whitemouth croaker
CKA,Micropogonias undulatus,Atlantic croaker
MIT,Micropogonias altipinnis,Tallfin croaker
KMZ,Micropogonias megalops,Bigeye croaker
CRX,Micropogonias spp,Croakers nei
KGB,Menticirrhus americanus,Southern kingcroaker
MEU,Menticirrhus nasus,Highfin king croaker
MEO,Menticirrhus ophicephalus,Snakehead kingcroaker
MEM,Menticirrhus panamensis,Panama kingcroaker
MED,Menticirrhus undulatus,California kingcroaker
KGF,Menticirrhus saxatilis,Northern kingfish
KGG,Menticirrhus littoralis,Gulf kingcroaker
QEM,Menticirrhus elongatus,Pacific kingcroaker
QGJ,Menticirrhus paitensis,Paita kingcroaker
KIX,Menticirrhus spp,Kingcroakers nei
THZ,Pentheroscion mbizi,NA
OTW,Protosciaena trewavasae,New Grenada drum
SXF,Sonorolux fluminis,Estuary croaker
COB,Umbrina cirrosa,Shi drum
CKY,Umbrina canosai,Argentine croaker
UMC,Umbrina coroides,Sand drum
UMR,Umbrina roncador,Yellowfin drum
UMX,Umbrina xanti,Polla drum
UCA,Umbrina canariensis,Canary drum(=Baardman)
UMO,Umbrina ronchus,Fusca drum
UMS,Umbrina steindachneri,Steindachner's drum
UMB,Umbrina broussonnetii,Striped drum
UBS,Umbrina spp,Drums nei
JOB,Johnius belangerii,Belanger's croaker
JOC,Johnius coitor,Coitor croaker
JOU,Johnius dussumieri,Sin croaker
JOT,Johnius trachycephalus,Leaftail croaker
JOA,Johnius amblycephalus,Bearded croaker
JCS,Johnius borneensis,Sharpnose hammer croaker
JCT,Johnius carutta,Karut croaker
JOX,Johnius spp,NA
WKK,Macrodon ancylodon,King weakfish
WMO,Macrodon mordax,Dogteeth weakfish
MGR,Argyrosomus regius,Meagre
RYJ,Argyrosomus japonicus,Japanese meagre
KOB,Argyrosomus hololepidotus,Southern meagre(=Mulloway)
RGH,Argyrosomus thorpei,Squaretail kob
RYY,Argyrosomus amoyensis,Amoy croaker
QXN,Argyrosomus heinii,Arabian sea meagre
RXY,Argyrosomus spp,Meagres nei
AWE,Atractoscion aequidens,Geelbek croaker
WEW,Atractoscion nobilis,White weakfish
ELH,Elattarchus archidium,Bluestreak drum
EQL,Eques lanceolatus,Jack-knifefish
KIC,Genyonemus lineatus,White croaker
LRV,Larimus acclivis,Steeplined drum
LRR,Larimus argenteus,Silver drum
LRJ,Larimus breviceps,Shorthead drum
LRF,Larimus effulgens,Shining drum
LSI,Larimus pacificus,Pacific drum
LXM,Larimus spp,NA
DRS,Pteroscion peli,Boe drum
NBM,Nebris microps,Smalleye croaker
NBO,Nebris occidentalis,Pacific smalleye croaker
OHD,Ophioscion adustus,NA
OHP,Ophioscion punctatissimus,Spotted croaker
QLN,Ophioscion vermicularis,Vermiculated croaker
LKR,Otolithes ruber,Tigertooth croaker
OTB,Otolithoides biauritus,Bronze croaker
OTD,Otolithoides pama,Pama croaker
RLB,Paralonchurus brasiliensis,Banded croaker
PDR,Paralonchurus peruanus,Peruvian banded croaker
RLQ,Paralonchurus dumerilii,Suco croaker
QNI,Paralonchurus goodei ,Goode croaker
QNJ,Paralonchurus petersii,Peters' banded croaker
QNL,Paralonchurus rathbuni,Bearded banded croaker
BDM,Pogonias cromis,Black drum
EFF,Stellifer fuerthii,White stardrum
EFL,Stellifer lanceolatus,American stardrum
EFM,Stellifer microps,Smalleye stardrum
EFI,Stellifer minor,Minor stardrum
EFO,Stellifer oscitans,Yawning stardrum
EFS,Stellifer stellifer,NA
FFY,Stellifer ericymba,Hollow stardrum
EFR,Stellifer rastrifer,Rake stardrum
EBY,Stellifer pizarroensis,Pizzaro stardrum
EZC,Stellifer zestocarus,Softhead stardrum
RXF,Stellifer illecebrosus,Silver stardrum
FYX,Stellifer spp,NA
BIH,Bairdiella ronchus,Ground croaker
BVT,Bairdiella chrysoura,Goldtail croaker
BZE,Bairdiella ensifera,Swordspine croaker
ODX,Odontoscion xanthops,Yelloweye croaker
YED,Nibea albiflora,Yellow drum
NBA,Nibea maculata,Blotched croaker
HOC,Nibea mitsukurii,Honnibe croaker
NBS,Nibea semifasciata,Sharpnose croaker
NDK,Nibea soldado,Soldier croaker
ZND,Nibea coibor,NA
OLD,Collichthys lucidus,NA
OLN,Collichthys niveatus,NA
LYC,Larimichthys croceus,Large yellow croaker
CRY,Larimichthys polyactis,Yellow croaker
ISR,Isopisthus remifer,Silver weakfish
ISA,Isopisthus parvipinnis,Bigtooth corvina
SPT,Leiostomus xanthurus,Spot croaker
HIS,Cheilotrema saturnum,Black croaker
YPD,Pachypops adspersus,Brazilian croaker
YPT,Pachypops trifilis,NA
YPF,Pachypops fourcroi,Guyanan croaker
RCS,Roncador stearnsii,Spotfin croaker
RDM,Sciaenops ocellatus,Red drum
EHU,Seriphus politus,Queen croaker
CKL,Pseudotolithus senegallus,Law croaker
PSS,Pseudotolithus senegalensis,Cassava croaker
PTY,Pseudotolithus typus,Longneck croaker
UDM,Pseudotolithus moorii,Cameroon croaker
PSE,Pseudotolithus elongatus,Bobo croaker
QCK,Pseudotolithus epipercus,Guinea croaker
CKW,Pseudotolithus spp,West African croakers nei
ENU,Dendrophysa russelii,Goatee croaker
ERJ,Aspericorvina jubata,Prickly croaker
CRL,Atrobucca nibe,Blackmouth croaker
ZMV,Atrobucca marleyi,African blackmouth croaker
BHC,Bahaba chaptis,Chaptis bahaba
BHJ,Bahaba taipingensis,Chinese bahaba
HRR,Chrysochir aureus,Reeve's croaker
AYI,Daysciaena albida,Bengal corvina
KAA,Kathala axillaris,Kathala croaker
NAM,Panna microdon,Panna croaker
CRV,Pennahia argentata,Silver croaker
NHM,Pennahia macrocephalus,Big-head pennah croaker
NHW,Pennahia pawak,Pawak croaker
NHK,Pennahia anea,Donkey croaker
NHX,Pennahia spp,NA
OTI,Protonibea diacanthus,Blackspotted croaker
USL,Pterotolithus lateoides,Bigmouth croaker
USM,Pterotolithus maculatus,Blotched tiger-toothed croaker
IAG,Cilus gilberti,Corvina drum
CDX,Sciaenidae,"Croakers, drums nei"
WTM,Wattsia mossambica,Mozambique large-eye bream
GXR,Gnathodentex aureolineatus,Striped large-eye bream
GMR,Gymnocranius griseus,Grey large-eye bream
GME,Gymnocranius frenatus,Yellowsnout large-eye bream
GMQ,Gymnocranius euanus,Japanese large-eye bream
GMW,Gymnocranius grandoculis,Blue-lined large-eye bream
KKB,Gymnocranius elongatus,Forktail large-eye bream
LBR,Gymnocranius spp,Largeeye breams
LHN,Lethrinus nebulosus,Spangled emperor
LTN,Lethrinus atlanticus,Atlantic emperor
LTY,Lethrinus erythropterus,Longfin emperor
LTK,Lethrinus harak,Thumbprint emperor
LTQ,Lethrinus mahsena,Sky emperor
LHR,Lethrinus reticulatus,Red snout emperor
LHV,Lethrinus variegatus,Slender emperor
LTT,Lethrinus atkinsoni,Pacific yellowtail emperor
LTE,Lethrinus enigmaticus,Blackeye emperor
LTI,Lethrinus laticaudis,Grass emperor
LTS,Lethrinus lentjan,Pink ear emperor
LEN,Lethrinus microdon,Smalltooth emperor
LHI,Lethrinus miniatus,Trumpet emperor
LHO,Lethrinus olivaceus,Longface emperor
LHB,Lethrinus rubrioperculatus,Spotcheek emperor
LLB,Lethrinus amboinensis,Ambon emperor
LXE,Lethrinus erythracanthus,Orange-spotted emperor
LWO,Lethrinus obsoletus,Orange-striped emperor
LQO,Lethrinus ornatus,Ornate emperor
LXN,Lethrinus xanthochilus,Yellowlip emperor
LBW,Lethrinus borbonicus,Snubnose emperor
ICZ,Lethrinus crocineus,Yellowtail emperor
IDW,Lethrinus genivittatus,Longspine emperor
JBO,Lethrinus conchyliatus,Redaxil emperor
LZX,Lethrinus spp,NA
MXG,Monotaxis grandoculis,Humpnose big-eye bream
EMP,Lethrinidae,Emperors(=Scavengers) nei
BOJ,Boopsoidea inornata,Fransmadam
GMV,Gymnocrotaphus curvidens,Janbruin
VXA,Virididentex acromegalus,Bulldog dentex
SBR,Pagellus bogaraveo,Blackspot seabream
PAC,Pagellus erythrinus,Common pandora
SBA,Pagellus acarne,Axillary seabream
PAR,Pagellus bellottii,Red pandora
SXB,Pagellus affinis,Arabian pandora
QVO,Pagellus natalensis,Natal pandora
PAX,Pagellus spp,Pandoras nei
DIG,Diplodus argenteus,South American silver porgy
ANN,Diplodus annularis,Annular seabream
SWA,Diplodus sargus,White seabream
CTB,Diplodus vulgaris,Common two-banded seabream
SBZ,Diplodus cervinus,Zebra seabream
SHR,Diplodus puntazzo,Sharpsnout seabream
DIH,Diplodus holbrooki,Spottail seabream
DIJ,Diplodus fasciatus,Banded seabream
SWJ,Diplodus noct,Red Sea seabream
DHQ,Diplodus bellottii,Senegal seabream
DHY,Diplodus prayensis,Two-banded seabream
FQE,Diplodus caudimacula,Silver porgy
SRG,Diplodus spp,Sargo breams nei
CFT,Calamus taurinus,Galapagos porgy
CFN,Calamus arctifrons,Grass porgy
CBD,Calamus bajonado,Jolthead porgy
CKQ,Calamus brachysomus,Pacific porgy
CMV,Calamus calamus,Saucereye porgy
CFO,Calamus proridens,Littlehead porgy
CFE,Calamus penna,Sheepshead porgy
JKQ,Calamus pennatula,Pluma porgy
PRG,Calamus spp,Porgies
DEP,Dentex gibbosus,Pink dentex
DEL,Dentex macrophthalmus,Large-eye dentex
DEN,Dentex canariensis,Canary dentex
DEC,Dentex dentex,Common dentex
DEA,Dentex angolensis,Angolan dentex
DNC,Dentex congoensis,Congo dentex
DEM,Dentex maroccanus,Morocco dentex
DTT,Dentex tumifrons,Yellowback seabream
DTF,Dentex barnardi,Barnard dentex
DEX,Dentex spp,Dentex nei
BRB,Spondyliosoma cantharus,Black seabream
STJ,Spondyliosoma emarginatum,Steentjie seabream
SBS,Oblada melanura,Saddled seabream
SPH,Archosargus probatocephalus,Sheepshead
AVB,Archosargus rhomboidalis,Western Atlantic seabream
KBR,Argyrops spinifer,King soldier bream
KBB,Argyrops bleekeri,Taiwan tai
KBK,Argyrops filamentosus,Soldierbream
SLF,Argyrozona argyrozona,Carpenter seabream
SLD,Cheimerius nufar,Santer seabream
CYM,Cymatoceps nasutus,Black musselcracker
BSC,Pagrus caeruleostictus,Bluespotted seabream
RPG,Pagrus pagrus,Red porgy
REA,Pagrus auriga,Redbanded seabream
GSU,Pagrus auratus,Silver seabream
REV,Pagrus major,Red seabream
QCQ,Pagrus africanus,Southern common seabream
SBP,Pagrus spp,Pargo breams nei
RER,Petrus rupestris,Red steenbras
OTA,Porcostoma dentata,Dane seabream
PGA,Pterogymnus laniarius,Panga seabream
WSN,Rhabdosargus globiceps,White stumpnose
RSS,Rhabdosargus sarba,Goldlined seabream
ROH,Rhabdosargus holubi,Cape stumpnose
RTH,Rhabdosargus thorpei,Bigeye stumpnose
RXS,Rhabdosargus haffara,Haffara seabream
UZX,Rhabdosargus spp,Stumpnoses nei
SDE,Sparodon durbanensis,Musselcracker seabream
SBG,Sparus aurata,Gilthead seabream
BOG,Boops boops,Bogue
DAR,Chrysoblephus cristiceps,Daggerhead seabream
ROM,Chrysoblephus laticeps,Roman seabream
RSN,Chrysoblephus gibbiceps,Red stumpnose seabream
ENG,Chrysoblephus anglicus,Englishman seabream
SLL,Chrysoblephus puniceus,Slinger seabream
QUT,Chrysoblephus lophus,False red stumpnose
RSX,Chrysoblephus spp,Daggerhead breams nei
CWC,Crenidens crenidens,Karanteen seabream
SNW,Lithognathus lithognathus,White steenbras
SSB,Lithognathus mormyrus,Sand steenbras
SBW,Lithognathus aureti,West coast seabream
STW,Lithognathus spp,Steenbrasses nei
HOT,Pachymetopon aeneum,Blue hottentot
YTG,Pachymetopon grande,Bronze seabream
HOB,Pachymetopon blochii,Hottentot seabream
CPP,Pachymetopon spp,Copper breams(=Hottentots) nei
SCM,Polysteganus praeorbitalis,Scotsman seabream
SEV,Polysteganus undulosus,Seventyfour seabream
SBU,Polysteganus coeruleopunctatus,Blueskin seabream
QXR,Polysteganus baissaci,Frenchman seabream
PLY,Polysteganus spp,Polystegan seabreams nei
SLM,Sarpa salpa,Salema
EVD,Evynnis cardinalis,Threadfin porgy
ENJ,Evynnis japonica,Crimson seabream
EVY,Evynnis spp,NA
SZH,Sparidentex hasta,Sobaity seabream
MLB,Acanthopagrus berda,Goldsilk seabream
AKU,Acanthopagrus australis,Surf bream
AKB,Acanthopagrus butcheri,NA
MLM,Acanthopagrus schlegeli,Blackhead seabream
YWF,Acanthopagrus latus,Yellowfin seabream
AAB,Acanthopagrus bifasciatus,Twobar seabream
AWU,Acanthopagrus arabicus,Arabian yellowfin seabream
AWV,Acanthopagrus sheim,Spotted yellowfin seabream
SCP,Stenotomus chrysops,Scup
SOH,Stenotomus caprinus,Longspine porgy
LGO,Lagodon rhomboides,Pinfish
OYE,Polyamblyodon germanum,German seabream
QDL,Polyamblyodon gibbosum,Knife-back seabream
SBX,Sparidae,"Porgies, seabreams nei"
BPI,Spicara maena,Blotched picarel
SPC,Spicara smaris,Picarel
TAC,Spicara melanurus,Blackspot picarel
QZU,Spicara alta,Bigeye picarel
QLJ,Spicara nigricauda,Blacktail picarel
LXQ,Spicara flexuosa,NA
PIC,Spicara spp,Picarels nei
EHI,Centracanthus cirrus,Curled picarel
CEZ,Centracanthidae,"Picarels, etc. nei"
UPL,Upeneichthys lineatus,Blue-striped mullet
ZER,Upeneichthys vlamingii,Bluespotted goatfish
MUR,Mullus surmuletus,Surmullet
MUT,Mullus barbatus,Red mullet
MWU,Mullus argentinae,Argentine goatfish
NEW,Mullus auratus,Northern goatfish
MUX,Mullus spp,Surmullets(=Red mullets) nei
MUV,Mulloidichthys flavolineatus,Yellowstripe goatfish
YJG,Mulloidichthys vanicolensis,Yellowfin goatfish
YMZ,Mulloidichthys martinicus,Yellow goatfish
YYP,Mulloidichthys pfluegeri,Orange goatfish
QIY,Mulloidichthys dentatus,Mexican goatfish
RPB,Parupeneus trifasciatus,Doublebar goatfish
RPY,Parupeneus cyclostomus,Gold-saddle goatfish
RPF,Parupeneus forsskali,Red Sea goatfish
RPO,Parupeneus macronema,Long-barbel goatfish
RPK,Parupeneus multifasciatus,Manybar goatfish
RPL,Parupeneus pleurostigma,Sidespot goatfish
RPH,Parupeneus porphyreus,NA
RFQ,Parupeneus indicus,Indian goatfish
RFP,Parupeneus barberinus,Dash-and-dot goatfish
RQF,Parupeneus heptacanthus,Cinnabar goatfish
QZJ,Parupeneus margaritatus,Pearly goatfish
QZI,Parupeneus ciliatus,Whitesaddle goatfish
QZH,Parupeneus rubescens,Rosy goatfish
RPX,Parupeneus spp,NA
UPM,Upeneus moluccensis,Goldband goatfish
UPS,Upeneus sulphureus,Sulphur goatfish
UPU,Upeneus sundaicus,Ochrebanded goatfish
UPT,Upeneus tragula,Freckled goatfish
UPI,Upeneus vittatus,Yellowstriped goatfish
UPP,Upeneus parvus,Dwarf goatfish
UPG,Upeneus arge,Band-tail goatfish
UPH,Upeneus pori,Por's goatfish
UBZ,Upeneus asymmetricus,Asymmetrical goatfish
UCV,Upeneus doriae,Gilded goatfish
UCW,Upeneus japonicus,Bensasi goatfish
UMQ,Upeneus taeniopterus,Finstripe goatfish
GOX,Upeneus spp,Goatfishes
GOA,Pseudupeneus prayensis,West African goatfish
UDU,Pseudupeneus maculatus,Spotted goatfish
FPV,Pseudupeneus grandisquamis,Bigscale goatfish
MUM,Mullidae,"Goatfishes, red mullets nei"
GAJ,Dichistius capensis,Galjoen
JCU,Dichistius multifasciatus,Banded galjoen
COT,Dichistiidae,Galjoens nei
MOU,Monodactylus argenteus,Silver moony
QBS,Monodactylus sebae,African moony
QNV,Monodactylus falciformis,Full moony
HVT,Schuettea scalaripinnis,Eastern pomfred
PQE,Parequula melbournensis,Silverbelly
GEH,Gerres setifer,NA
GEV,Gerres erythrourus,Deep-bodied mojarra
GEF,Gerres filamentosus,Whipfin silver-biddy
GET,Gerres poieti,Strongspine silver-biddy
GEN,Gerres cinereus,Yellow fin mojarra
GEJ,Gerres oyena,Common silver-biddy
GEO,Gerres oblongus,Slender silver-biddy
GEZ,Gerres nigri,Guinean striped mojarra
GFF,Gerres methueni,Striped silver biddy
GTV,Gerres longirostris,Longtail silverbiddy
GTZ,Gerres limbatus,Saddleback silver-biddy
GXQ,Gerres simillimus,NA
IIW,Gerres subfasciatus,Common silver belly
MOJ,Gerres spp,Mojarras(=Silver-biddies) nei
DUT,Diapterus auratus,Irish mojarra
DUH,Diapterus peruvianus,Peruvian mojarra
DZR,Diapterus rhombeus,Caitipa mojarra
FRY,Diapterus brevirostris,NA
DUX,Diapterus spp,NA
FQO,Deckertichthys aureolus,Golden mojarra
ECW,Eucinostomus dowii,Dow's mojarra
UUZ,Eucinostomus currani,Pacific flagfin mojarra
MFF,Eucinostomus melanopterus,Flagfin mojarra
NXZ,Eucinostomus havana,Bigeye mojarra
FQG,Eucinostomus argenteus,Silver mojarra
JHT,Eucinostomus gula,Jenny mojarra
EDX,Eucinostomus spp,NA
EGX,Eugerres axillaris,Black axillary mojarra
EXZ,Eugerres plumieri,Striped mojarra
FYG,Eugerres lineatus,Streaked mojarra
IPQ,Ulaema lefroyi,Mottled mojarra
PJL,Pentaprion longimanus,Longfin mojarra
GDJ,Gerreidae,"Mojarras, etc. nei"
YPU,Atypichthys latus,Eastern footballer
YSC,Bathystethus cultratus,Grey knifefish
GIM,Girella simplicidens,Gulf opal eye
GIY,Girella tricuspidata,Parore
GIQ,Girella nigricans,Opaleye
GJN,Girella punctata,Largescale blackfish
LAV,Labracoglossa argentiventris,NA
MDA,Medialuna californiensis,Halfmoon
MIR,Microcanthus strigatus,Stripey
NYO,Neatypus obliquus,Western footballer
VIX,Vinculum sexfasciatum,Moonlighter
KYC,Kyphosus cinerascens,Blue sea chub
KIN,Kyphosus analogus,Blue-bronze sea chub
KYE,Kyphosus elegans,Cortez sea chub
KYI,Kyphosus incisor,Yellow sea chub
KYS,Kyphosus sectatrix,Bermuda sea chub
KYB,Kyphosus bigibbus,Brown chub
KYV,Kyphosus vaigiensis,Brassy chub
HRZ,Kyphosus azureus,Zebra-perch sea chub
ECO,Kyphosus ocyurus,Bluestriped chub
KYP,Kyphosus spp,Kyphosus sea chubs nei
NSH,Neoscorpis lithophilus,Stone-bream
KYX,Kyphosidae,Sea chubs nei
RCE,Parapriacanthus elongatus,Slender bullseye
MHD,Pempheris adspersus,NA
MHL,Pempheris oualensis,Silver sweeper
MHI,Pempheris poeyi,Curved sweeper
MHV,Pempheris vanicolensis,Vanikoro sweeper
BAJ,Lateolabrax japonicus,Japanese seabass
SPS,Drepane punctata,Spotted sicklefish
SIC,Drepane africana,African sicklefish
DRL,Drepane longimana,Concertina fish
DRZ,Drepane spp,Sicklefishes nei
MPH,Amphichaetodon howensis,Lord Howe Island butterflyfish
HLJ,Chelmon muelleri,Blackfin coralfish
HNT,Chelmon rostratus,Copperband butterflyfish
HNK,Chelmonops truncatus,Truncate coralfish
CDV,Coradion altivelis,Highfin coralfish
HTJ,Hemitaurichthys polylepis,Pyramid butterflyfish
JON,Johnrandallia nigrirostris,Blacknosed butterflyfish
RCC,Parachaetodon ocellatus,Sixspine butterflyfish
ROD,Prognathodes dichrous,Bicolor butterflyfish
QZF,Prognathodes marcellae,NA
HTP,Chaetodon capistratus,Foureye butterflyfish
HTI,Chaetodon humeralis,Threebanded butterflyfish
HTS,Chaetodon striatus,Banded butterflyfish
HTH,Chaetodon hoefleri,Four-banded butterflyfish
HTE,Chaetodon aureofasciatus,Golden butterflyfish
IBM,Chaetodon speculum,Mirror butterflyfish
IBT,Chaetodon trifascialis,Chevron butterflyfish
IVW,Chaetodon collare,Redtail butterflyfish
IVY,Chaetodon gardineri,Gardner's butterflyfish
IWA,Chaetodon melapterus,Arabian butterflyfish
IWB,Chaetodon nigropunctatus,Black-spotted butterflyfish
IWC,Chaetodon vagabundus,Vagabond butterflyfish
IWZ,Chaetodon lunula,Raccoon butterflyfish
IWP,Chaetodon auriga,Threadfin butterflyfish
ION,Chaetodon sedentarius,Reef butterflyfish
IHX,Chaetodon spp,Butterflyfishes nei
HNM,Heniochus acuminatus,Pennant coralfish
GZS,Heniochus monoceros,Masked bannerfish
KVS,Heniochus singularius,Singular bannerfish
FGF,Forcipiger flavissimus,Longnose butterfly fish
IVZ,Roa jayakari,Indian barred butterflyfish
BUS,Chaetodontidae,Butterflyfishes
EOA,Enoplosus armatus,Old wife
ESQ,Enoplosus spp,Old wife fishes
OLF,Oplegnathus fasciatus,NA
QUP,Oplegnathus conwayi,Cape knifejaw
QVL,Oplegnathus robinsoni,Natal knifejaw
QOP,Oplegnathus punctatus,Spotted knifejaw
OJX,Oplegnathus spp,NA
BFE,Brachyistius frenatus,Kelp perch
HUA,Hypsurus caryi,Rainbow seaperch
MJU,Micrometrus aurora,Reef perch
FRU,Phanerodon furcatus,White seaperch
ZAR,Zalembius rosaceus,Pink seaperch
EBJ,Embiotoca jacksoni,Black perch
HSK,Hysterocarpus traski,Russian river tule perch
YGG,Cymatogaster aggregata,Shiner perch
DMV,Ditrema viridis,NA
MFA,Amphistichus argenteus,Barred surfperch
HRE,Hyperprosopon anale,Spotfin surfperch
RCX,Rhacochilus toxotes,Rubberlip seaperch
NDA,Neoditrema ransonneti,NA
AIL,Acanthochromis polyacanthus,Spiny chromis
ADH,Amblyglyphidodon aureus,Golden damselfish
AYJ,Amblypomacentrus breviceps,Black-banded demoiselle
AZE,Azurina eupalama,Galapagos damsel
LNT,Cheiloprion labiatus,Big-lip damsel
HRK,Chrysiptera biocellata,Twinspot damselfish
HSJ,Chrysiptera caeruleolineata,Blueline demoiselle
YSR,Chrysiptera rapanui,Easter damselfish
YYK,Chrysiptera sheila,Sheila's damselfish
YYM,Chrysiptera unimaculata,Onespot demoiselle
DIK,Dischistodus chrysopoecilus,White-spot damsel
HGP,Hemiglyphidodon plagiometopon,Lagoon damselfish
MHM,Mecaenichthys immaculatus,Immaculate damsel
MDB,Microspathodon bairdii,Bumphead damselfish
QBI,Microspathodon frontatus,Guinean damselfish
QUO,Microspathodon chrysurus,Yellowtail damselfish
NDB,Neoglyphidodon bonang,Ocellated damsel
NPZ,Neopomacentrus azysron,Yellowtail demoiselle
NFV,Neopomacentrus cyanomos,Regal demoiselle
NFQ,Neopomacentrus sindensis,Arabian demoiselle
NXF,Nexilosus latifrons,Coquito sergeant
PKD,Parma kermadecensis,Kermadec scalyfin
LGK,Plectroglyphidodon dickii,Blackbar devil
OHJ,Pomachromis fuscidorsalis,Tahitian reef-damsel
EMB,Premnas biaculeatus,Spinecheek anemonefish
PJD,Pristotis jerdoni,Gulf damselfish
CMK,Chromis chromis,Damselfish
HUR,Chromis crusma,Valparaiso chromis
HRC,Chromis intercrusma,Peruvian chromis
HRJ,Chromis punctipinnis,Blacksmith
HSS,Chromis analis,Yellow chromis
HZL,Chromis limbata,Azores chromis
IBO,Chromis cadenati,Cadenat's chromis
IBV,Chromis margaritifer,Bicolor chromis
IIB,Chromis flavaxilla,Arabian chromis
IID,Chromis weberi,Weber's chromis
IIE,Chromis xanthopterygia,Yellowfin chromis
IZJ,Chromis dimidiata,Chocolatedip chromis
IZI,Chromis viridis,Blue green damselfish
IPA,Chromis multilineata,Brown chromis
TEK,Stegastes apicalis,Australian gregory
TGD,Stegastes dorsopunicans,Dusky damselfish
TAF,Stegastes fasciolatus,Pacific gregory
TGE,Stegastes leucostictus,Beaugregory
UAF,Stegastes imbricatus,Cape Verde gregory
TXO,Teixeirichthys jordani,Jordan's damsel
SJM,Similiparma hermani,Cape damsel
ABU,Abudefduf saxatilis,Sergeant-major
AUU,Abudefduf luridus,Canary damsel
DJJ,Abudefduf taurus,Night sergeant
DDA,Abudefduf sordidus,Blackspot sergeant
DDD,Abudefduf vaigiensis,Indo-Pacific sergeant
DMA,Abudefduf sexfasciatus,Scissortail sergeant
DWZ,Abudefduf bengalensis,Bengal sergeant
HOD,Hypsypops rubicundus,Garibaldi damselfish
DAA,Dascyllus albisella,Hawaiian dascyllus
DAU,Dascyllus aruanus,Whitetail dascyllus
DBV,Dascyllus reticulatus,Reticulate dascyllus
DCJ,Dascyllus trimaculatus,Threespot dascyllus
PCZ,Pomacentrus agassizi,Creole damsel
OMK,Pomacentrus bankanensis,Speckled damselfish
OVH,Pomacentrus moluccensis,Lemon damsel
QFJ,Pomacentrus aquilus,Dark damsel
QFK,Pomacentrus leptus,Slender damsel
QFL,Pomacentrus trichrourus,Paletail damsel
QFN,Pomacentrus trilineatus,Threeline damsel
QFO,Pomacentrus tripunctatus,Threespot damsel
AFP,Amphiprion akallopisos,Skunk clownfish
AFY,Amphiprion akindynos,Barrier reef anemonefish
FAP,Amphiprion clarkii,Yellowtail clownfish
IED,Amphiprion sebae,Sebae anemonefish
JIO,Amphiprion allardi,Twobar anemonefish
LZA,Lepidozygus tapeinosoma,Fusilier damselfish
DSF,Pomacentridae,Damselfishes
AKL,Acantholabrus palloni,Scale-rayed wrasse
AKG,Achoerodus gouldii,Western blue groper
NCT,Anchichoerops natalensis,Natal wrasse
USA,Austrolabrus maculatus,NA
USB,Labrus bergylta,Ballan wrasse
USI,Labrus mixtus,Cuckoo wrasse
WRM,Labrus merula,Brown wrasse
WRV,Labrus viridis,Green wrasse
WRX,Labrus spp,Labrus wrasses nei
ILN,Cheilio inermis,Cigar wrasse
CJE,Cirrhilabrus balteatus,Girdled wrasse
CXQ,Cirrhilabrus exquisitus,Exquisite wrasse
USP,Clepticus parrae,Creole wrasse
NLP,Conniella apterygia,Mutant wrasse
YML,Cymolutes lecluse,Sharp-headed wrasse
DCN,Decodon grandisquamis,Largescale wrasse
DRX,Diproctacanthus xanthurus,Yellowtail tubelip
DRE,Doratonotus megalepis,Dwarf wrasse
DTL,Dotalabrus alleni,NA
EBI,Epibulus insidiator,Sling-jaw wrasse
EYN,Eupetrichthys angustipes,NA
FRE,Frontilabrus caeruleus,NA
HGN,Hologymnosus annulatus,Ring wrasse
BJU,Labrichthys unilineatus,Tubelip wrasse
RSI,Labropsis alleni,Allen's tubelip
LFA,Lappanella fasciata,NA
LRQ,Larabicus quadrilineatus,NA
JUH,Leptojulis chrysotaenia,NA
JUP,Leptojulis cyanopleura,Shoulder-spot wrasse
MFB,Macropharyngodon bipartitus,Rare wrasse
MBS,Minilabrus striatus,Minute wrasse
NBC,Notolabrus celidotus,Spotty
QKT,Notolabrus tetricus,Blue-throated wrasse
NVM,Novaculichthys macrolepidotus,Seagrass wrasse
OXE,Oxycheilinus arenatus,Speckled maori wrasse
OVJ,Oxycheilinus digramma,Cheeklined wrasse
RKG,Paracheilinus angulatus,Angular flasher
QYQ,Paracheilinus mccoskeri,McCosker's flasher
ICV,Pictilabrus laticlavius,NA
YPR,Polylepion cruentum,Bleeding wrasse
DCI,Pseudocheilinops ataenia,Pelvic-spot wrasse
DCV,Pseudocheilinus evanidus,Striated wrasse
DCF,Pseudocoris aurantiofasciatus,Rust-banded wrasse
DXM,Pseudodax moluccanus,Chiseltooth wrasse
DJV,Pseudojuloides atavai,Polynesian wrasse
TGB,Pteragogus amboinensis,NA
UHI,Pteragogus flagellifer,Cocktail wrasse
SJV,Stethojulis albovittata,Bluelined wrasse
QDF,Stethojulis interrupta,Cutribbon wrasse
SZQ,Suezichthys arquatus,Rainbow slender wrasse
QDG,Suezichthys caudavittatus,Spottail wrasse
QDJ,Suezichthys gracilis,Slender wrasse
WEA,Wetmorella albofasciata,Whitebanded sharpnose wrasse
XJM,Xenojulis margaritaceus,Finspot wrasse
XFT,Xiphocheilus typus,Blue-banded wrasse
ENX,Centrolabrus exoletus,Rock cook
JCN,Centrolabrus trutta,Emerald wrasse
COU,Coris julis,Rainbow wrasse
RII,Coris gaimard,African coris
JCZ,Coris aygula,Clown coris
JDA,Coris formosa,Queen coris
TBR,Ctenolabrus rupestris,Goldsinny-wrasse
XYN,Xyrichtys novacula,Pearly razorfish
NAF,Anampses geographicus,Geographic wrasse
NBD,Anampses meleagrides,Spotted wrasse
JIP,Anampses caeruleopunctatus,Bluespotted wrasse
BDR,Bodianus rufus,Spanish hogfish
BDI,Bodianus diplotaenia,Mexican hogfish
BDE,Bodianus eclancheri,Harlequin wrasse
BDT,Bodianus perditio,Golden-spot hogfish
BDQ,Bodianus axillaris,Axilspot hogfish
BZD,Bodianus speciosus,Blackbar hogfish
BZV,Bodianus vulpinus,Western Australia pigfish
FBC,Bodianus diana,Diana's hogfish
IQU,Bodianus bilunulatus,Tarry hogfish
IVD,Bodianus scrofa,Barred hogfish
BDY,Bodianus spp,NA
HIF,Cheilinus fasciatus,Redbreasted wrasse
HUU,Cheilinus trilobatus,Tripletail wrasse
HVM,Cheilinus undulatus,Humphead wrasse
HWT,Cheilinus lunulatus,Broomtail wrasse
JBK,Cheilinus chlorourus,Floral wrasse
ODJ,Choerodon schoenleinii,Blackspot tuskfish
OEZ,Choerodon azurio,NA
OFD,Choerodon robustus,Robust tuskfish
FMU,Choerodon anchorago,Orange-dotted tuskfish
OFW,Choerodon spp,Tuskfishes nei
LCX,Lachnolaimus maximus,Hogfish
OJC,Oxyjulis californica,Señorita
TAU,Tautoga onitis,Tautog
TMP,Thalassoma pavo,Ornate wrasse
TMF,Thalassoma bifasciatum,Bluehead
TMD,Thalassoma duperrey,Saddle wrasse
TWO,Thalassoma lunare,Moon wrasse
QKB,Thalassoma purpureum,Surge wrasse
QPL,Thalassoma hebraicum,Goldbar wrasse
TWX,Thalassoma spp,NA
CVF,Tautogolabrus brandaonis,NA
CUN,Tautogolabrus adspersus,Cunner
DBB,Pseudolabrus biserialis,NA
MFE,Semicossyphus reticulatus,NA
YFH,Semicossyphus pulcher,California sheephead
GFV,Gomphosus varius,Bird wrasse
GFR,Gomphosus caeruleus,Green birdmouth wrasse
HJA,Halichoeres adustus,Black wrasse
HJX,Halichoeres leucoxanthus,Canarytop wrasse
GZZ,Halichoeres leptotaenia,NA
GZY,Halichoeres marginatus,Dusky wrasse
GZW,Halichoeres nigrescens,Bubblefin wrasse
GZU,Halichoeres stigmaticus,U-spot wrasse
JKI,Halichoeres poeyi,Blackear wrasse
JKJ,Halichoeres iridis,NA
JLR,Halichoeres scapularis,Zigzag wrasse
JLD,Halichoeres hortulanus,Checkerboard wrasse
JJB,Halichoeres radiatus,Puddingwife wrasse
JEO,Halichoeres cyanocephalus,Yellowcheek wrasse
YFC,Symphodus cinereus,Grey wrasse
YFM,Symphodus melops,Corkwing wrasse
YFO,Symphodus ocellatus,NA
YVT,Symphodus tinca,East Atlantic peacock wrasse
YVA,Symphodus bailloni,Baillon's wrasse
YVQ,Symphodus roissali,NA
YFX,Symphodus spp,Symphodus wrasses nei
LID,Labroides dimidiatus,Bluestreak cleaner wrasse
HGF,Hemigymnus fasciatus,Barred thicklip
IBW,Hemigymnus melapterus,Blackeye thicklip
ILG,Iniistius pavo,Peacock wrasse
IHH,Iniistius bimaculatus,Two-spot razorfish
IHJ,Iniistius pentadactylus,Fivefinger wrasse
WRA,Labridae,"Wrasses, hogfishes, etc. nei"
HEW,Haletta semifasciata,NA
NXB,Neoodax balteatus,NA
OXP,Odax pullus,"Butterfish, greenbone"
FGA,Siphonognathus argyrophanes,NA
USJ,Calotomus japonicus,Japanese parrotfish
ULG,Calotomus carolinus,Carolines parrotfish
ULY,Calotomus spinidens,Spinytooth parrotfish
UNV,Calotomus viridescens,Viridescent parrotfish
UUG,Chlorurus gibbus,Heavybeak parrotfish
UUS,Chlorurus sordidus,Daisy parrotfish
UUY,Chlorurus strongylocephalus,Steephead parrotfish
UUP,Chlorurus bleekeri,Bleeker's parrotfish
UUV,Chlorurus frontalis,Pacific slopehead parrotfish
UUD,Chlorurus bowersi,Bower's parrotfish
UKC,Chlorurus cyanescens,Blue humphead parrotfish
UWC,Chlorurus enneacanthus,Captain parrotfish
UKZ,Chlorurus japanensis,Palecheek parrotfish
FMD,Chlorurus microrhinos,Steephead parrots
NCD,Nicholsina denticulata,Loosetooth parrotfish
QCJ,Nicholsina usta,Emerald parrotfish
RMF,Sparisoma aurofrenatum,Redband parrotfish
RSY,Sparisoma chrysopterum,Redtail parrotfish
PRR,Sparisoma cretense,Parrotfish
QZV,Sparisoma rubripinne,Redfin parrotfish
QHI,Sparisoma atomarium,Greenblotch parrotfish
QRV,Sparisoma viride,Stoplight parrotfish
NKP,Sparisoma radians,Bucktooth parrotfish
XXV,Sparisoma frondosum,NA
USU,Scarus coeruleus,Blue parrotfish
UVT,Scarus vetula,Queen parrotfish
USF,Scarus forsteni,Forsten's parrotfish
USS,Scarus iserti,Striped parrotfish
USN,Scarus taeniopterus,Princess parrotfish
USW,Scarus persicus,Gulf parrotfish
USZ,Scarus frenatus,Bridled parrotfish
USY,Scarus ghobban,Blue-barred parrotfish
UVN,Scarus niger,Dusky parrotfish
UVB,Scarus hoefleri,Guinean parrotfish
UVD,Scarus psittacus,Common parrotfish
UVE,Scarus rubroviolaceus,Ember parrotfish
UVG,Scarus russelii,Eclipse parrotfish
UVH,Scarus tricolor,Tricolour parrotfish
UAW,Scarus arabicus,Arabian parrotfish
UBG,Scarus ferrugineus,Rusty parrotfish
UBJ,Scarus fuscopurpureus,Purple-brown parrotfish
UYS,Scarus caudofasciatus,Redbarred parrotfish
UKS,Scarus falcipinnis,Sicklefin parrotfish
UKV,Scarus festivus,Festive parrotfish
ULZ,Scarus globiceps,Globehead parrotfish
UME,Scarus scaber,Fivesaddle parrotfish
UMF,Scarus viridifucatus,Roundhead parrotfish
QUF,Scarus guacamaia,Rainbow parrotfish
MWD,Scarus coelestinus,Midnight parrotfish
RQW,Scarus compressus,Azure parrotfish
RQY,Scarus perrico,Bumphead parrotfish
USX,Scarus spp,NA
LOV,Leptoscarus vaigiensis,Marbled parrotfish
OUR,Cryptotomus roseus,Bluelip parrotfish
HJH,Hipposcarus harid,Candelamoa parrotfish
HJZ,Hipposcarus longiceps,Pacific longnose parrotfish
USR,Cetoscarus bicolor,Bicolour parrotfish
BMK,Bolbometopon muricatum,Green humphead parrotfish
PWT,Scaridae,Parrotfishes nei
AHZ,Apolemichthys guezei,Reunion angelfish
ENN,Centropyge acanthops,Orangeback angelfish
ENO,Centropyge joculator,Yellowhead angelfish
ENZ,Centropyge multispinis,Dusky angelfish
ENT,Centropyge multifasciata,Barred angelfish
HBL,Chaetodontoplus ballinae,Ballina angelfish
GEB,Genicanthus bellus,Ornate angelfish
GEI,Genicanthus spinus,Pitcairn angelfish
HLK,Holacanthus clarionensis,Clarion angelfish
HFW,Holacanthus africanus,Guinean angelfish
KGR,Holacanthus ciliaris,Queen angelfish
JHE,Holacanthus tricolor,Rock beauty
OAN,Pomacanthus annularis,Bluering angelfish
OAI,Pomacanthus imperator,Emperor angelfish
OAV,Pomacanthus asfur,Arabian angelfish
OAZ,Pomacanthus maculosus,Yellowbar angelfish
QFI,Pomacanthus semicirculatus,Semicircle angelfish
QPG,Pomacanthus paru,French angelfish
KHH,Pomacanthus arcuatus,Grey angel fish
YGD,Pygoplites diacanthus,Regal angelfish
UYV,Sumireyakko venustus,Purplemask angelfish
ANW,Pomacanthidae,Angelfishes nei
ACW,Amblycirrhitus earnshawi,NA
IRA,Cirrhitichthys aprinus,Spotted hawkfish
IRX,Cirrhitichthys oxycephalus,Coral hawkfish
IRF,Cirrhitops fasciatus,Redbarred hawkfish
IRV,Cirrhitus rivulatus,Giant hawkfish
IRO,Cirrhitus pinnulatus,Stocky hawkfish
YPO,Cyprinocirrhites polyactis,Swallowtail hawkfish
ISX,Isocirrhitus sexfasciatus,Sixband hawkfish
NCR,Neocirrhites armatus,Flame hawkfish
OXU,Oxycirrhites typus,Longnose hawkfish
RTC,Paracirrhites arcatus,Arc-eye hawkfish
RCI,Paracirrhites forsteri,Blackside hawkfish
YZX,Cirrhitidae,Hawkfishes nei
HIG,Chironemus georgianus,Tasseled kelpfish
HRM,Threpterius maculosus,Silver spot
LDJ,Aplodactylus etheridgii,Notchheaded marblefish
FPJ,Aplodactylus punctatus,NA
SXA,Stalix histrio,NA
OIU,Opistognathus aurifrons,Yellowhead jawfish
NZQ,Opistognathus muscatensis,Robust jawfish
NZJ,Opistognathus nigromarginatus,Birdled jawfish
LNH,Lonchopisthus higmani,NA
GML,Gramma loreto,Royal gramma
LGF,Lipogramma flavescens,Yellow basslet
ODS,Polydactylus plebeius,Striped threadfin
OLX,Polydactylus sexfilis,Sixfinger threadfin
OYO,Polydactylus approximans,Blue bobo
ODP,Polydactylus opercularis,Yellow bobo
OAX,Polydactylus sextarius,Blackspot threadfin
TGA,Polydactylus quadrifilis,Giant African threadfin
QRZ,Polydactylus bifurcus,Slender fivefinger threadfin
QSF,Polydactylus longipes,Long-limb threadfin
QSH,Polydactylus macrochir,King threadfin
QSJ,Polydactylus macrophthalmus,River threadfin
QSK,Polydactylus malagasyensis,African blackspot threadfin
QSQ,Polydactylus microstomus,Smallmouth threadfin
QSW,Polydactylus mullani,Arabian blackspot threadfin
QSY,Polydactylus multiradiatus,Australian threadfin
QSZ,Polydactylus nigripinnis,Blackfin threadfin
QTB,Polydactylus octonemus,Atlantic threadfin
QTC,Polydactylus oligodon,Littlescale threadfin
QTD,Polydactylus persicus,Persian blackspot threadfin
QTF,Polydactylus siamensis,Largemouth striped threadfin
QTG,Polydactylus virginicus,Barbu
QHX,Polydactylus spp,NA
FOT,Eleutheronema tetradactylum,Fourfinger threadfin
EHT,Eleutheronema tridactylum,Threefinger threadfin
QRQ,Eleutheronema rhadinum,E. Asian fourfinger threadfin
GAL,Galeoides decadactylus,Lesser African threadfin
PET,Pentanemus quinquarius,Royal threadfin
ONU,Polynemus paradiseus,Paradise threadfin
QTJ,Polynemus aquilonaris,Northern paradise fish
QTK,Polynemus dubius,Eastern paradise fish
QTM,Polynemus hornadayi,Hornaday’s paradise fish
QTR,Polynemus melanochir,Blackhand paradise fish
QTS,Polynemus multifilis,Elegant paradise fish
QTW,Polynemus kapuasensis,Kapuas elegant paradise fish
QTX,Polynemus spp,NA
OYD,Leptomelanosoma indicum,Indian threadfin
QRY,Parapolynemus verekeri,Dwarf paradise fish
FIH,Filimanus heptadactyla,Sevenfinger threadfin
QRR,Filimanus hexanema,Javanese threadfin
QRS,Filimanus perplexa,Splendid threadfin
QRT,Filimanus sealei,Eightfinger threadfin
QRU,Filimanus similis,Indian sevenfinger threadfin
QRW,Filimanus xanthonema,Yellowthread threadfin
THF,Polynemidae,"Threadfins, tasselfishes nei"
NGG,Notograptus guttatus,NA
PJT,Parascorpis typus,NA
ETG,Centrogenys vaigiensis,False scorpionfish
DLW,Dinolestes lewini,NA
LAJ,Callanthias japonicus,NA
ZBD,Callanthias ruber,Parrot sea-perch
ZBC,Callanthias spp,NA
GMC,Grammatonotus crosnieri,Long-tailed groppo
ENH,Centrarchops chapini,Barred seabass
DNP,Dinoperca petersi,Lampfish
BVE,Bovichtus elongatus,NA
PFP,Pseudaphritis porosus,NA
BVG,Cottoperca gobio,Channel bull blenny
YOQ,Cryothenia peninsulae,Pithead
NOR,Notothenia rossii,Marbled rockcod
NON,Notothenia neglecta,Yellowbelly rockcod
NOC,Notothenia coriiceps,Black rockcod
NYH,Notothenia cyanobrancha,Blue rockcod
NXO,Notothenia spp,Notothenia nei
NOA,Gobionotothen acuta,Triangular rockcod
NOF,Gobionotothen angustifrons,Narrowhead rockcod
NOG,Gobionotothen gibberifrons,Humped rockcod
NYM,Gobionotothen marionensis,Lobe-lip notothen
NOS,Lepidonotothen squamifrons,Striped-eyed rockcod
NOZ,Lindbergichthys mizops,Toad notie
NOD,Lindbergichthys nudifrons,Yellowfin notie
NOM,Paranotothenia magellanica,Magellanic rockcod
NHG,Paranotothenia angustata,Maori chief
NHJ,Paranotothenia microlepidota,Black cod
NHQ,Paranotothenia dewitti,NA
NHY,Paranotothenia spp,Paranotothenia nei
NOL,Nototheniops larseni,Painted notie
NNY,Nototheniops nybelini,NA
TRL,Trematomus eulepidotus,Blunt scalyhead
ERN,Trematomus bernacchii,Emerald rockcod
PTC,Trematomus pennellii,Sharp-spined notothenia
TRD,Trematomus lepidorhinus,Slender scalyhead
TLO,Trematomus loennbergii,Scaly rockcod
TRW,Trematomus newnesi,Dusky rockcod
TRN,Trematomus nicolai,Spotted notothen
TRM,Trematomus scotti,Crowned rockcod
TTK,Trematomus tokarevi,Bigeye notothen
TMW,Trematomus vicarius,Orange notothen
TRH,Trematomus hansoni,Striped rockcod
TRT,Trematomus spp,Trematomus nei
GTO,Pagothenia borchgrevinki,Bald notothen
PAB,Pagothenia brachysoma,Stocky rockcod
PGT,Pagothenia spp,Pagothenia nei
ANS,Pleuragramma antarctica,Antarctic silverfish
NOX,Nototheniidae,"Antarctic rockcods, noties nei"
DEB,Denariusa bandata,Pennyfish
GCF,Gymnochanda filamentosa,NA
DXP,Paradoxodacna piratica,NA
BSY,Parambassis altipinnis,High-finned glass perchlet
QNP,Parambassis spp,Glass perchlet
TMJ,Tetracentrum apogonoides,Four-spined glass perchlet
MBG,Ambassis gymnocephalus,Bald glassy
MBJ,Ambassis jacksoniensis,NA
MBN,Ambassis natalensis,Slender glassy
MSE,Ambassis commersoni,NA
MBR,Ambassis productus,Longspine glassy
HNN,Chanda nama,Elongate glass-perchlet
AIB,Ambassidae,Glassfishes
LLE,Leptobrama muelleri,Beachsalmon
BLP,Eleginops maclovinus,Patagonian blennie
OIE,Scorpis aequipinnis,Sea sweep
OIV,Scorpis violacea,Blue maomao
RWJ,Scorpis lineolata,Silver sweep
PRC,Percoidei,Percoids nei
BMF,Bathymaster caeruleofasciatus,Alaskan ronquil
RLY,Rathbunella hypoplecta,Stripefin ronquil
RQJ,Ronquilus jordani,Northern ronquil
AKM,Acantholumpenus mackayi,Pighead prickleback
LTU,Alectrias alectrolophus,Stone cockscomb
RIU,Alectridium aurantiacum,Lesser prickleback
LMH,Allolumpenus hypochromus,Y-prickleback
AIR,Anisarchus macrops,NA
NPU,Anoplarchus purpurescens,High cockscomb
AKV,Askoldia variegata,NA
BZJ,Bryozoichthys marjorius,Pearly prickleback
CVI,Cebidichthys violaceus,Monkeyface prickleback
HIN,Chirolophis nugator,Mosshead warbonnet
IFW,Chirolophis ascanii,Atlantic warbonnet
DCE,Dictyosoma burgeri,NA
EGH,Ernogrammus hexagrammus,NA
ELW,Eulophias owashii,NA
EMR,Eumesogrammus praecisus,Fourline snakeblenny
GMI,Gymnoclinus cristulatus,Trident prickleback
LMR,Lumpenella longirostris,Longsnout prickleback
LMV,Lumpenopsis pavlenkoi,NA
LMJ,Lumpenus fabricii,Slender eelblenny
FML,Lumpenus lampretaeformis,Snakeblenny
NLU,Neolumpenus unocellatus,NA
NZN,Neozoarces steindachneri,NA
OID,Opisthocentrus dybowskii,NA
PIK,Phytichthys chirus,Ribbon prickleback
PVD,Plectobranchus evides,Bluebarred prickleback
OCR,Poroclinus rothrocki,Whitebarred prickleback
SXL,Stichaeopsis epallax,NA
TIN,Stichaeopsis nana,NA
TIW,Stichaeus grigorjewi,NA
UVS,Ulvaria subbifurcata,Radiated shanny
XFA,Xiphister atropurpureus,Black prickleback
ZOG,Zoarchias glaber,NA
QKM,Leptoclinus maculatus,Daubed shanny
OFV,Apodichthys flavidus,Penpoint gunnel
RYD,Rhodymenichthys dolichogaster,Stippled gunnel
UVA,Ulvicola sanctaerosae,Kelp gunnel
XPF,Xererpes fucorum,Rockweed gunnel
EDN,Enedrias nebulosus,Tidepool gunnel
FGN,Pholis gunnellus,Rock gunnel
PJG,Ptilichthys goodei,Quillfish
ELP,Zoarces viviparus,Eelpout
OPT,Zoarces americanus,Ocean pout
AYZ,Austrolycus depressiceps,NA
BIN,Bilabria ornata,NA
CFA,Crossostomus fasciatus,NA
DAJ,Dadyanos insignis,NA
GYK,Gymnelopsis brashnikovi,NA
HDI,Hadropareia middendorffii,NA
ILB,Iluocoetes fimbriatus,NA
KRU,Krusensterniella maculata,NA
GHE,Gymnelus hemifasciatus,Halfbarred pout
MNU,Maynea puncta,NA
YTD,Scytalina cerdale,Graveldiver
RTL,Cryptacanthodes aleutensis,Dwarf wrymouth
RTI,Cryptacanthoides bergi,NA
PAS,Ammodytes personatus,Pacific sandlance
ABZ,Ammodytes tobianus,Small sandeel
AVM,Ammodytes americanus,American sand lance
BKG,Ammodytes gilli,Gill's sand lance
QLH,Ammodytes marinus,Lesser sand-eel
SAN,Ammodytes spp,Sandeels(=Sandlances) nei
YTE,Ammodytoides renniei,Scaly sandlance
GMP,Gymnammodytes capensis,Cape sandlance
ZGC,Gymnammodytes cicerelus,Mediterranean sand eel
ZGS,Gymnammodytes semisquamatus,Smooth sandeel
ZGX,Gymnammodytes spp,Gymnammodytes sandeels nei
YEI,Hyperoplus immaculatus,Greater sand-eel
YEZ,Hyperoplus lanceolatus,Great sandeel
YVU,Hyperoplus spp,Sandeels nei
XOX,Ammodytidae,Sandlances nei
NHT,Acanthaphritis barbata,NA
BMQ,Bembrops anatirostris,Duckbill flathead
DKT,Bembrops greyi,Roundtail duckbill
DKU,Bembrops heterurus,Squaretail duckbill
CJH,Chrionema chlorotaenia,NA
HRO,Hemerocoetes artus,NA
OOE,Osopsaron natalensis,NA
TSV,Pteropsaron evolans,NA
FLA,Percophis brasiliensis,Brazilian flathead
JIX,Percophidae,Duckbills nei
IHV,Cheimarrichthys fosteri,Torrent fish
KOF,Kochichthys flavofasciata,NA
ROJ,Prolatilus jugularis,Pacific sandperch
UPN,Pseudopercis numida,Namorado sandperch
UPR,Pseudopercis semifasciata,Argentinian sandperch
UYX,Pseudopercis spp,NA
NEB,Parapercis colias,New Zealand blue cod
RPI,Parapercis snyderi,U-mark sandperch
QZO,Parapercis alboguttata,Whitespot sandsmelt
QZN,Parapercis clathrata,Latticed sandperch
QZM,Parapercis hexophtalma,Speckled sandperch
QZL,Parapercis nebulosa,Barred sandperch
QZK,Parapercis robinsoni,Smallscale grubfish
QGL,Parapercis dockinsi,NA
PJR,Pinguipes brasilianus,Brazilian sandperch
JPC,Pinguipes chilensis,Chilean sandperch
TFI,Trichonotus filamentosus,NA
TKK,Trichonotus nikii,NA
QGV,Trichonotus setiger,Spotted sand-diver
QGW,Trichonotus arabicus,Arabian sand diver
OCV,Apodocreedia vanderhorsti,Longfin burrower
CXN,Chalixodytes chameleontoculis,Sand dart
IMD,Limnichthys donaldsoni,NA
TWC,Tewara cranwellae,NA
WEG,Trachinus draco,Greater weever
TZA,Trachinus araneus,Spotted weever
TZR,Trachinus radiatus,Starry weever
WVW,Trachinus armatus,Guinean weever
WVZ,Trachinus collignoni,Sailfin weever
WWA,Trachinus lineolatus,Striped weever
WWB,Trachinus pellegrini,Cape Verde weever
WEX,Trachinus spp,Weevers nei
TOZ,Echiichthys vipera,Lesser weever
TRA,Trachinidae,Weeverfishes nei
RAK,Crapatalus angusticeps,Slender stargazer
LEY,Leptoscopus macropygus,Estuary stargazer
AIN,Acentrogobius caninus,Tropical sand goby
AKD,Acentrogobius dayi,Day's goby
NGV,Acentrogobius viridipunctatus,NA
GBN,Gobius niger,Black goby
GON,Gobius paganellus,Rock goby
GCR,Gobius cruentatus,Red-mouthed goby
GTR,Gobius strictus,NA
GBC,Gobius cobitis,Giant goby
GBZ,Gobius ater,Bellotti's goby
GHB,Gobius bucchichi,Bucchich's goby
GXF,Gobius fallax,Sarato's goby
GWG,Gobius geniporus,Slender goby
GWR,Gobius roulei,Roule's goby
GWV,Gobius vittatus,Striped goby
GWX,Gobius xanthocephalus,NA
GWD,Gobius rubropunctatus,NA
GKJ,Gobius gasteveni,Steven's goby
GKW,Gobius auratus,Golden goby
GOB,Gobius spp,Atlantic gobies nei
FIM,Aphia minuta,Transparent goby
BJO,Bathygobius soporator,Frillfin goby
BGU,Bathygobius fuscus,Dusky frillgoby
DVC,Bathygobius burtoni,NA
DVD,Bathygobius casamancus,NA
MBI,Amblychaeturichthys sciistius,NA
MBU,Amblyeleotris aurora,Pinkbar goby
JXA,Amblyeleotris diagonalis,Diagonal shrimp goby
JXB,Amblyeleotris downingi,Downing's shrimpgoby
JXC,Amblyeleotris periophthalma,Periophthalma prawn-goby
JXD,Amblyeleotris triguttata,Triplespot shrimpgoby
MBL,Amblygobius albimaculatus,Butterfly goby
IEC,Amblygobius nocturnus,Nocturn goby
YAS,Amoya signatus,Tusk goby
LHH,Scartelaos histophorus,Walking goby
QDD,Scartelaos tenuis,Indian O. slender mudskipper
URY,Parachaeturichthys polynema,Taileyed goby
OAB,Pomatoschistus bathi,NA
OBD,Pomatoschistus microps,Common goby
OBZ,Pomatoschistus minutus,Sand goby
QMP,Pomatoschistus pictus,Painted goby
QEO,Pomatoschistus norvegicus,Norway goby
QEQ,Pomatoschistus lozanoi,Lozano's goby
QXS,Pomatoschistus spp,Sand gobies nei
OCB,Apocryptes bato,NA
MVP,Microgobius brevispinis,Balboa goby
EVR,Evorthodus lyricus,Lyre goby
YTI,Cryptocentrus albidorsus,NA
YTF,Cryptocentrus filifer,NA
YRZ,Cryptocentrus cryptocentrus,Ninebar prawn-goby
YSG,Cryptocentrus lutheri,Luther's prawn-goby
UMH,Aruma histrio,Slow goby
GCI,Gillichthys mirabilis,Longjaw mudsucker
EDE,Pseudaphya ferreri,Ferrer's goby
ONB,Odondebuenia balearica,Coralline goby
GLG,Lebetus guilleti,Guillet's goby
GVK,Lebetus scorpioides,Diminutive goby
YTN,Crystallogobius linearis,Crystal goby
HZO,Hazeus otakii,NA
HSD,Chasmichthys dolichognathus,NA
CVO,Clevelandia ios,Arrow goby
GSC,Asra turcomanus,NA
AXS,Asterropteryx ensiferus,Miller's damsel
FCQ,Asterropteryx semipunctata,Starry goby
TBL,Astrabe lactisella,NA
ULC,Aulopareia cyanomos,NA
TKH,Trypauchen raha,NA
QHA,Trypauchen vagina,NA
ARW,Austrolethops wardi,Small-eyed goby
EVX,Eviota abax,NA
FFP,Eviota guttata,NA
FFQ,Eviota pardalota,Leopard dwarfgoby
FFR,Eviota sebreei,NA
BFN,Barbulifer antennatus,Barbulifer
EVM,Evermannichthys metzelaari,Sponge goby
BAK,Barbuligobius boehlkei,NA
OFL,Coryphopterus alloides,Barfin goby
OCU,Apocryptodon madurensis,NA
TKE,Pterogobius elapoides,NA
BFB,Benthophiloides brauneri,NA
BFI,Boleophthalmus birdsongi,NA
BFP,Boleophthalmus pectinirostris,Great blue spotted mudskipper
FBD,Boleophthalmus dussumieri,NA
LBX,Lubricogobius exiguus,NA
BLQ,Bollmannia boqueronensis,White-eye goby
YAA,Bryaninops amplus,Large whip goby
YBE,Bryaninops yongei,Whip coral goby
BFR,Benthophilus baeri,NA
BIF,Buenia affinis,De Buen's goby
ZBJ,Buenia jeffreysii,Jeffrey's goby
CBQ,Chromogobius quadrivittatus,Chestnut goby
ZEZ,Zebrus zebrus,NA
DDK,Didogobius kochi,NA
AJL,Cabillus lacertops,NA
GBO,Zosterisessor ophiocephalus,Grass goby
FGH,Caffrogobius agulhensis,Agulhas goby
HTX,Chaeturichthys hexanema,NA
HFS,Chriolepis fisheri,NA
LGC,Clariger cosmurus,NA
OGL,Corcyrogobius liechtensteini,Liechtenstein's goby
OGI,Coryogalops adamsoni,Adamson's goby
QCT,Coryogalops anomolus,Anomolous goby
QCU,Coryogalops monospilus,Onespot goby
QCV,Coryogalops tessellatus,NA
OUU,Cotylopus acutipinnis,NA
RLM,Croilia mossambica,Burrowing goby
YPB,Cryptocentroides arabicus,Arabian goby
TGG,Ctenogobiops aurocingulus,Gold-streaked prawn-goby
TMU,Ctenotrypauchen microcephalus,Comb goby
DEQ,Deltentosteus quadrimaculatus,Four-spotted goby
DPR,Discordipinna griessingeri,Spikefin goby
EGO,Ego zebra,NA
EJS,Elacatinus janssi,Spotback goby
EIC,Eleotrica cableae,Cable's goby
EBW,Eucyclogobius newberryi,Tidewater goby
EXE,Exyrias belissimus,Mud reef-goby
FLL,Flabelligobius latruncularius,NA
FUD,Fusigobius duospilus,Barenape goby
FUE,Fusigobius inframaculatus,NA
GOZ,Gammogobius steinitzi,Steinitz's goby
GIV,Ginsburgellus novemlineatus,Nineline goby
GLF,Gladiogobius ensifer,Gladiator goby
GOL,Gobiodon acicularis,NA
GVB,Gobiodon citrinus,Poison goby
GVC,Gobiodon reticulatus,Reticulate goby
GVD,Gobiodon rivulatus,Rippled coralgoby
GOI,Gobiopsis aporia,NA
GVF,Gobiopsis canalis,Checkered goby
GVH,Gobiopsis macrostoma,Longjaw goby
GBF,Gobiusculus flavescens,Two-spotted goby
GBK,Gobulus crescentalis,Crescent goby
GOJ,Gorogobius nigricinctus,NA
GMD,Gymneleotris seminudus,Splitbanded goby
GMN,Gymnogobius raninus,NA
HJP,Hetereleotris apora,Poreless goby
HUB,Heteroplopomus barbatus,NA
IYG,Ilypnus gilberti,Cheekspot goby
KGC,Kelloggella cardinalis,Cardinal goby
GPL,Lepidogobius lepidus,Bay goby
GOF,Lesueurigobius friesii,Fries's goby
IBG,Lesueurigobius koumansi,NA
IPR,Lesueurigobius suerii,NA
IPS,Lesueurigobius sanzi,NA
IPM,Lesueurigobius spp,NA
GHO,Lethops connectens,Halfblind goby
GPP,Leucopsarion petersi,NA
LLI,Lobulogobius omanensis,Oman goby
LFR,Lophogobius bleekeri,NA
GOK,Lotilia graciliosa,Whitecap goby
UUU,Luposicya lupus,NA
YUF,Lythrypnus alphigena,NA
MDW,Macrodontogobius wilburi,Largetooth goby
MAY,Mahidolia mystacina,Flagfin prawn goby
MBD,Mauligobius maderensis,NA
NBN,Mauligobius nigri,NA
MBF,Mesogobius batrachocephalus,Knout goby
MJF,Millerigobius macrocephalus,NA
MNH,Myersina lachneri,NA
NMI,Nematogobius ansorgii,NA
NMO,Nematogobius maindroni,NA
NMZ,Nematogobius brachynemus,NA
NSN,Nes longus,Orangespotted goby
OFF,Ophiogobius ophicephalus,NA
OOD,Oplopomops diacanthus,Hole goby
OUC,Oplopomus caninoides,NA
NZG,Oplopomus oplopomus,Spinecheek goby
OUT,Opua atherinoides,NA
OUD,Oxuderces dentatus,NA
GGX,Palatogobius paradoxus,Mauve goby
GPI,Palutrus meteori,Meteor goby
RGE,Paragobiodon echinocephalus,Redhead goby
UEH,Paragobiodon xanthosoma,Emerald coral goby
OTU,Parapocryptes rictuosus,NA
IYB,Parasicydium bandama,NA
KRR,Parkraemeria ornata,NA
RLS,Parrella fusca,NA
FTF,Periophthalmodon freycineti,NA
FTA,Periophthalmus argentilineatus,Barred mudskipper
FTI,Periophthalmus barbarus,Atlantic mudskipper
QZE,Periophthalmus waltoni,Walton's mudskipper
YGK,Platygobiopsis akihito,NA
URD,Pleurosicya annandalei,Scalynape goby
YSI,Polyspondylogobius sinensis,NA
OGH,Porogobius schlegelii,NA
RLO,Priolepis boreus,NA
UAI,Priolepis cincta,Girdled goby
UAL,Priolepis randalli,Randall's goby
IGM,Psilogobius mainlandi,NA
ILJ,Psilotris alepis,NA
YCS,Pycnomma semisquamatum,Secret goby
QUY,Quietula y-cauda,NA
IGB,Signigobius biocellatus,Twinspot goby
EGT,Speleogobius trigloides,Grotto goby
TBD,Stonogobiops dracula,NA
UVL,Sueviota lachneri,NA
UFB,Sufflogobius bibarbatus,NA
UUF,Suruga fundicola,NA
RSB,Risor ruber,Tusked goby
GMJ,Sagamia geneionema,NA
TGN,Thorogobius angolensis,NA
QOG,Thorogobius rofeni,NA
UJH,Thorogobius ephippiatus,Leopard-spotted goby
TMN,Tomiyamichthys oni,NA
QFA,Tomiyamichthys latruncularius,Fan shrimp-goby
TVD,Trimma avidori,NA
TMK,Trimma okinawae,Okinawa rubble goby
QGY,Trimma winterbottomi,Winterbottom's goby
TOV,Trimmatom eviotops,Red-barred rubble goby
TFL,Typhlogobius californiensis,Blind goby
VAA,Valenciennea alleni,NA
VFV,Valenciennea persica,NA
VFW,Valenciennea sexguttata,Sixspot goby
VAM,Vanderhorstia ambanoro,Ambanoro prawn-goby
VAN,Vanneaugobius canariensis,NA
VAY,Varicus marilynae,Orangebelly goby
WHZ,Wheelerigobius maltzani,NA
WHV,Wheelerigobius wirtzi,Cameroon goby
YOC,Yongeichthys criniger,NA
YOK,Yongeichthys thomasi,NA
GPA,Gobiidae,Gobies nei
GOD,Gobitrichinotus radiocularis,NA
KRB,Kraemeria bryani,NA
IPN,Aioliops novaeguineae,NA
DFD,Cerdale floridana,Pugjaw wormfish
GLK,Gunnellichthys curiosus,Curious wormfish
GHK,Gunnellichthys viridescens,Yellowstripe wormfish
MDH,Microdesmus aethiopicus,NA
NME,Nemateleotris decora,Elegant firefish
IFQ,Nemateleotris magnifica,Fire goby
OYY,Oxymetopon compressus,NA
GLY,Paragunnellichthys seychellensis,NA
GSO,Parioglossus aporos,NA
IEK,Parioglossus raoi,Rao's hover goby
TKU,Ptereleotris arabica,NA
UHM,Ptereleotris microlepis,Blue gudgeon
JBX,Microdesmidae,Wormfishes nei
XAD,Allomicrodesmus dorotheae,NA
XPS,Paraxenisthmus springeri,NA
XTO,Tyson belos,NA
XXA,Xenisthmus africanus,Flathead wriggler
XMQ,Xenisthmus balius,NA
ZEF,Zebrasoma flavescens,Yellow tang
ZEV,Zebrasoma veliferum,Sailfin tang
ZEA,Zebrasoma scopas,Twotone tang
ZLV,Zebrasoma xanthurum,Yellowtail tang
ZML,Zebrasoma gemmatum,Spotted tang
AQB,Acanthurus bahianus,Barber surgeonfish
AQO,Acanthurus coeruleus,Blue tang surgeonfish
AQR,Acanthurus bariene,Black-spot surgeonfish
AQV,Acanthurus olivaceus,Orangespot surgeonfish
AQH,Acanthurus chirurgus,Doctorfish
AQT,Acanthurus triostegus,Convict surgeonfish
MDO,Acanthurus monroviae,Monrovia doctorfish
AQI,Acanthurus lineatus,Lined surgeonfish
AQN,Acanthurus nigrofuscus,Brown surgeonfish
AQQ,Acanthurus gahhm,Black surgeonfish
AVQ,Acanthurus sohal,Sohal surgeonfish
DGV,Acanthurus blochii,Ringtail surgeonfish
DGW,Acanthurus mata,Elongate surgeonfish
DMB,Acanthurus leucosternon,Powderblue surgeonfish
DVR,Acanthurus tractus,Ocean surgeonfish
DZI,Acanthurus auranticavus,Orange-socket surgeonfish
DZL,Acanthurus pyroferus,Mimic surgeonfish
DZU,Acanthurus xanthopterus,Yellowfin surgeonfish
AXQ,Acanthurus spp,NA
NAI,Naso lituratus,Orangespine unicornfish
NAS,Naso unicornis,Bluespine unicornfish
NAB,Naso brevirostris,Spotted unicornfish
NBH,Naso annulatus,Whitemargin unicornfish
NIQ,Naso vlamingii,Bignose unicornfish
QJR,Naso hexacanthus,Sleek unicornfish
NUH,Paracanthurus hepatus,Palette surgeonfish
TKB,Ctenochaetus binotatus,Twospot surgeonfish
TCV,Ctenochaetus striatus,Striated surgeonfish
UMN,Ctenochaetus strigosus,Spotted surgeonfish
NUF,Prionurus biafraensis,Biafra doctorfish
QXD,Prionurus chrysurus,Yellowtail sawtail
SUR,Acanthuridae,Surgeonfishes nei
TUF,Proteracanthus sarissophorus,NA
RIT,Rhinoprenes pentanemus,Threadfin scat
ZBV,Zabidius novemaculeatus,Ninespine batfish
HUO,Ephippus orbis,Orbfish
RSM,Parapsettus panamensis,Panama spadefish
LXR,Platax orbicularis,Orbicular batfish
BAO,Platax teira,Longfin batfish
IET,Platax pinnatus,Dusky batfish
QQH,Platax boersii,Golden spadefish
BAT,Platax spp,Batfishes
TDO,Tripterodon orbis,African spadefish
HRF,Chaetodipterus faber,Atlantic spadefish
HTZ,Chaetodipterus zonatus,Pacific spadefish
HRL,Chaetodipterus lippei,West African spadefish
SPA,Ephippidae,Spadefishes nei
TFG,Scatophagus argus,Spotted scat
SCT,Scatophagus spp,Scats
IGA,Siganus argenteus,Streamlined spinefoot
IGR,Siganus corallinus,Blue-spotted spinefoot
IGD,Siganus doliatus,Barred spinefoot
IGF,Siganus fuscescens,Mottled spinefoot
IGV,Siganus javus,Streaked spinefoot
SRI,Siganus rivulatus,Marbled spinefoot
IGL,Siganus labyrinthodes,Labyrinth spinefoot
SCN,Siganus canaliculatus,White-spotted spinefoot
SGU,Siganus guttatus,Goldlined spinefoot
IGI,Siganus lineatus,Golden-lined spinefoot
IGU,Siganus luridus,Dusky spinefoot
IGG,Siganus magnificus,Magnificent rabbitfish
IGN,Siganus niger,Black foxface
IGP,Siganus puelloides,Blackeye rabbitfish
IGE,Siganus puellus,Masked spinefoot
IGT,Siganus punctatissimus,Peppered spinefoot
IGC,Siganus punctatus,Goldspotted spinefoot
IUR,Siganus randalli,Variegated spinefoot
IUS,Siganus spinus,Little spinefoot
IUT,Siganus stellatus,Brown-spotted spinefoot
IUU,Siganus sutor,Shoemaker spinefoot
IUI,Siganus trispilos,Threeblotched rabbitfish
IUN,Siganus unimaculatus,Blotched foxface
IUP,Siganus uspi,Bicolored foxface
IUE,Siganus vermiculatus,Vermiculated spinefoot
IUG,Siganus virgatus,Barhead spinefoot
IUL,Siganus vulpinus,Foxface
SPI,Siganus spp,Spinefeet(=Rabbitfishes) nei
LVM,Luvarus imperialis,Luvar
ZAO,Zanclus cornutus,Moorish idol
FON,Pholidichthys anguis,NA
DAO,Dactyloscopus crossotus,Bigeye stargazer
GIO,Gillellus arenicola,Sandy stargazer
HUJ,Heteristius cinctus,NA
LKA,Leurochilus acon,Smoothlip stargazer
MXB,Myxodagnus belone,NA
PJV,Platygillellus altivelis,Sailfin stargazer
AIT,Apopterygion alta,Tasselled triplefin
AXA,Axoclinus carminalis,Carmine triplefin
BEY,Bellapiscis lesleyae,Mottled twister
BDO,Blennodon dorsale,Giant triplefin
BFA,Brachynectes fasciatus,Southern barred triplefin
EBA,Ceratobregma acanthops,Spotted spiny-eye triplefin
CGJ,Crocodilichthys gracilis,Lizard triplefin
YTJ,Cryptichthys jojettae,Cryptic triplefin
EAV,Enneanectes altivelis,Lofty triplefin
EAB,Enneapterygius abeli,Yellow triplefin
EAZ,Enneapterygius pusillus,Highcrest triplefin
EBO,Enneapterygius ventermaculus,Blotched triplefin
FOH,Forsterygion bathytaton,Chatham deep-water triplefin
GID,Gilloblennius abditus,Obscure triplefin
GBU,Gracilopterygion bapturum,Japanese blacktail triplefin
GHC,Grahamina capito,Spotted robust triplefin
HCQ,Helcogramma aquilum,NA
HGT,Helcogrammoides antarcticus,NA
KAS,Karalepis stewarti,Scaly headed triplefin
LLD,Lepidoblennius haplodactylus,Eastern jumping blenny
LNI,Lepidonectes bimaculata,Twinspot triplefin
NFB,Norfolkia brachylepis,Tropical scaly-headed triplefi
NCE,Notoclinops caerulepunctus,Blue-dot triplefin
OBA,Obliquichthys maryannae,Oblique-swimming triplefin
RND,Ruanoho decemdigitatus,Longfinned triplefin
TBU,Trianectes bucephalus,Bullhead triplefin
TFC,Trinorfolkia clarkei,Clarke's triplefin
TDA,Tripterygion delaisi,Black-faced blenny
UCX,Ucla xenogrammus,Largemouth triplefin
VVX,Tripterygiidae,Threefin blennies nei
BEK,Blennioclinus brachycephalus,Lace klipfish
BFG,Blennophis anguillaris,Snaky klipfish
AXB,Cancelloxus burrelli,Slender platanna-klipfish
LNS,Clinitrachus argentatus,Cline
NOJ,Clinoporus biporosus,Ladder klipfish
NUA,Clinus acuminatus,Sad klipfish
GFE,Cologrammus flavescens,NA
RSJ,Cristiceps aurantiacus,Golden weedfish
EIB,Ericentrus rubrus,Orange clinid
FUM,Fucomimus mus,Mousey klipfish
GBE,Gibbonsia elegans,Spotted kelpfish
HUE,Heteroclinus roseus,NA
MRD,Muraenoclinus dorsalis,Nosestripe klipfish
MXC,Myxodes cristatus,NA
PVG,Pavoclinus graminis,Grass klipfish
RCG,Ribeiroclinus eigenmanni,NA
SIF,Smithichthys fucorum,Leafy klipfish
SXN,Springeratus xanthosoma,NA
XEK,Xenopoclinus kochi,Platanna klipfish
XYX,Clinidae,Clinids fishes nei
AIX,Aidablennius sphynx,NA
AIV,Alloblennius parvus,Dwarf blenny
AIJ,Alticus kirkii,Kirk's blenny
NDR,Andamia reyi,NA
NUN,Antennablennius adenensis,Aden blenny
JEA,Antennablennius bifilum,Horned rockskipper
JEB,Antennablennius hypenetes,Arabian blenny
JEC,Antennablennius simonyi,Simony's blenny
JED,Antennablennius variopunctatus,Orangedotted blenny
NUO,Blennius ocellaris,Butterfly blenny
NVB,Blennius normani,NA
NUW,Blennius spp,NA
NUD,Aspidontus dussumieri,Lance blenny
AIS,Atrosalarias fuscus,NA
YBA,Bathyblennius antholops,NA
NLB,Blenniella bilitonensis,NA
HWN,Blenniella periophthalmus,Blue-dashed rockskipper
SJJ,Scartichthys gigas,Giant blenny
HDP,Chalaroderma capito,Looseskin blenny
HSB,Chasmodes bosquianus,Striped blenny
IRL,Cirripectes alboapicalis,NA
IRP,Cirripectes filamentosus,Filamentous blenny
YFG,Coryphoblennius galerita,Montagu's blenny
OOP,Crossosalarias macrospilus,Tripplespot blenny
ECQ,Ecsenius aequalis,Fourline blenny
ECV,Ecsenius lividanalis,NA
EBE,Ecsenius pulcher,NA
YUT,Enchelyurus ater,Black blenny
EOC,Entomacrodus cadenati,NA
EXR,Exallias brevis,Leopard blenny
GLJ,Glyptoparus jugularis,Jugular blenny
HUF,Hirculops cornifer,Highbrow rockskipper
HYQ,Hypleurochilus aequipinnis,Oyster blenny
HZV,Hypleurochilus langi,NA
HYV,Hypsoblennius brevipinnis,Barnaclebill blenny
ISL,Istiblennius bellus,Imspringer
IQJ,Istiblennius edentulus,Rippled rockskipper
IQK,Istiblennius lineatus,Lined rockskipper
IQP,Istiblennius pox,Scarface rockskipper
IQQ,Istiblennius spilotus,Spotted rockskipper
LFM,Laiphognathus multimaculatus,Spotty blenny
LWH,Lipophrys velifer,NA
JPH,Lipophrys pholis,Shanny
LIW,Litobranchus fowleri,Fowler's rockskipper
UND,Lupinoblennius dispar,Mangrove blenny
MHB,Meiacanthus abditus,NA
MBT,Mimoblennius atrocinctus,NA
KVP,Mimoblennius cirrosus,Fringed blenny
NAV,Nannosalarias nativitatus,Pygmy blenny
OAY,Oman ypsilon,Oman blenny
OOO,Omobranchus anolius,NA
NZY,Omobranchus fasciolatus,Arab blenny
NZW,Omobranchus mekranensis,Mekran blenny
NZV,Omobranchus punctatus,Muzzled blenny
OXS,Omox biporos,Omox blenny
OFT,Ophioblennius atlanticus,NA
PBO,Parablennius cornutus,NA
QAO,Parablennius dialloi,NA
QAR,Parablennius goreensis,NA
QAV,Parablennius incognitus,NA
QAW,Parablennius parvicornis,Rock-pool blenny
QAY,Parablennius tentacularis,Tentacled blenny
QAZ,Parablennius verryckeni,NA
QCS,Parablennius opercularis,Cheekspot blenny
QCW,Parablennius thysanius,Tasseled blenny
QJM,Parablennius gattorugine,Tompot blenny
YPY,Parahypsos paytensis,NA
YST,Paralipophrys trigloides,NA
TUO,Paralticus amboinensis,Ambon rockskipper
YUH,Parenchelyurus hepburni,Hepburn's blenny
UXK,Pereulixia kosiensis,NA
TSL,Petroscirtes ancylodon,Arabian fangblenny
UAJ,Petroscirtes mitratus,Floral blenny
UAK,Petroscirtes variabilis,Variable sabretooth blenny
FBH,Phenablennius heyligeri,NA
IBY,Pictiblennius yatabei,NA
LGZ,Plagiotremus azaleus,Sabertooth blenny
IEU,Plagiotremus townsendi,Townsend's fangblenny
ESL,Praealticus natalis,Natal rockskipper
RNP,Rhabdoblennius ellipes,Barred-chin blenny
IAU,Salaria basilisca,NA
IAF,Salarias fasciatus,Jewelled blenny
LLR,Scartella cristata,Molly miller
BSD,Spaniblennius riodourensis,NA
BFK,Spaniblennius clandestinus,NA
ULS,Stanulus seychellensis,Seychelle's blenny
XFU,Xiphasia matsubarai,Japanese snake blenny
XMR,Xiphasia setifer,Hairtail blenny
MWJ,Microlipophrys bauchotae,NA
LFD,Microlipophrys adriaticus,NA
UGI,Salariopsis fluviatilis,Freshwater blenny
BLE,Blenniidae,Combtooth blennies
SKP,Schindleria praematura,NA
NRE,Anaora tentaculata,Tentacled dragonet
BFM,Bathycallionymus formosanus,NA
LYY,Callionymus lyra,Dragonet
YBI,Callionymus carebares,Indian deepwater dragonet
YBL,Callionymus erythraeus,Smallhead dragonet
YBR,Callionymus filamentosus,Blotchfin dragonet
YBY,Callionymus hindsii,NA
YBZ,Callionymus japonicus,NA
YCC,Callionymus margaretae,Margaret's dragonet
YCO,Callionymus marleyi,Sand dragonet
YCY,Callionymus persicus,NA
YCZ,Callionymus sagitta,Arrow dragonet
YHC,Callionymus maculatus,Spotted dragonet
DGB,Callionymus bairdi,Lancer dragonet
YXI,Callionymus reticulatus,Reticulated dragonet
YXH,Callionymus spp,Dragonettes nei
LLJ,Calliurichthys japonicus,NA
DAY,Dactylopus dactylopus,Fingered dragonet
DGG,Diplogrammus goramensis,NA
DGT,Diplogrammus pygmaeus,Pygmy dragonet
DRC,Draculo celetus,Dainty dragonet
DRB,Draculo shango,Shango dragonet
EHS,Eleutherochir opercularis,NA
NSJ,Neosynchiropus ijimai,Japanese dragonet
LNK,Paracallionymus costatus,Ladder dragonet
OUS,Protogrammus sousai,NA
REK,Repomucenus calcaratus,Spotted stinkfish
SKS,Synchiropus agassizii,Spotfin dragonet
TWB,Synchiropus phaeton,Phaeton dragonet
FOC,Synchiropus calauropomus,Common stinkfish
YVX,Callionymidae,Dragonets nei
LLH,Alloclinus holderi,Island kelpfish
UCM,Auchenionchus microcirrhis,NA
YTR,Cryptotrema corallinum,Deep-water blenny
DLU,Dialommus fuscus,Galápagos four-eyed blenny
MRF,Dialommus macrocephalus,Foureye rockskipper
EXS,Exerpes asper,Sargassum blenny
LSG,Labrisomus gobio,Palehead blenny
KVA,Labrisomus nuchipinnis,Hairy blenny
MTF,Malacoctenus africanus,NA
MRV,Malacoctenus versicolor,NA
NMS,Nemaclinus atelestos,Threadfin blenny
RCV,Paraclinus altivelis,NA
RMX,Paraclinus mexicanus,Mexican blenny
SKT,Starksia atlantica,NA
XER,Xenomedea rhodopyga,Redrump blenny
NBP,Acanthemblemaria aspera,Roughhead blenny
NBI,Acanthemblemaria spinosa,Spinyhead blenny
NPL,Chaenopsis alepidota,Orangethroat pikeblenny
CZA,Coralliozetus angelica,Angel blenny
EKM,Ekemblemaria myersi,Reefsand blenny
EBT,Emblemaria atlantica,Banner blenny
EBB,Emblemariopsis bahamensis,Blackhead blenny
HBI,Hemiemblemaria simulus,Wrasse blenny
LUZ,Lucayablennius zingaro,Arrow blenny
MKS,Mccoskerichthys sandae,Tufted blenny
NCB,Neoclinus blanchardi,Sarcastic fringehead
OTC,Protemblemaria bicirris,Warthead blenny
TMG,Stathmonotus culebrai,Panamanian worm blenny
NYA,Tanyemblemaria alleni,Slender blenny
CMQ,Caracanthus maculatus,Spotted coral croucher
AXL,Acanthosphex leurynnis,NA
AVE,Adventor elongatus,NA
AAZ,Aploactis aspera,NA
CVM,Cocotropus masudai,NA
EXP,Erisphex philippinus,NA
KKF,Kanekonia florida,NA
KRO,Karumba ornatissimus,NA
NPT,Neoaploactis tridorsalis,Threefin velvetfish
PKG,Paraploactis kagoshimensis,NA
PJU,Ptarmus jubatus,Crested scorpionfish
ERO,Erosa erosa,Pitted stonefish
INU,Inimicus cuvieri,NA
LSA,Leptosynanceia asteroblepa,NA
MNO,Minous coccineus,Onestick stingfish
MNQ,Minous quincarinatus,NA
KVQ,Minous dempsterae,Obliquebanded stingfish
KVR,Minous monodactylus,Grey stingfish
PKM,Pseudosynanceia melanostigma,Blackfin stonefish
SJL,Synanceia alula,NA
QFU,Synanceia nana,Red Sea stonefish
QFV,Synanceia verrucosa,Stonefish
HCI,Choridactylus multibarbus,Orangebanded stingfish
AET,Aetapcus maculatus,Warty prowfish
NPW,Neopataecus waterhousii,Whiskered prowfish
PTF,Pataecus fronto,NA
CLI,Ophiodon elongatus,Lingcod
ATK,Pleurogrammus azonus,Okhotsk atka mackerel
HUM,Pleurogrammus monopterygius,Atka mackerel
HXO,Hexagrammos otakii,NA
HXQ,Hexagrammos decagrammus,Kelp greenling
CBF,Cymbacephalus beauforti,Crocodile fish
ELI,Elates ransonnetii,Dwarf flathead
GMK,Grammoplites suppositus,Spotfin flathead
GVM,Grammoplites scaber,Rough flathead
IGJ,Inegocia japonica,Japanese flathead
KUD,Kumococius rodericensis,Spiny flathead
OGG,Onigocia grandisquama,NA
PEJ,Papilloculiceps longiceps,Tentacled flathead
FLI,Platycephalus indicus,Bartail flathead
PFF,Platycephalus arenarius,Northern sand flathead
PFB,Platycephalus bassensis,Sand flathead
PHI,Platycephalus richardsoni,Tiger flathead
FTL,Platycephalus conatus,Deep-water flathead
QQO,Platycephalus caeruleopunctatus,Blue-spotted flathead
QQQ,Platycephalus fuscus,Dusky flathead
TAN,Thysanophrys arenicola,Broadhead flathead
QEL,Thysanophrys celebica,Celebes flathead
RUD,Ratabulus diversidens,Orange-freckled flathead
ROW,Rogadius welanderi,Welander's flathead
RPQ,Rogadius prionotus,Blackblotch flathead
UAZ,Rogadius pristiger,Thorny flathead
SRQ,Sorsogona prionota,Halfspined flathead
QFR,Sorsogona tuberculata,Tuberculated flathead
LVI,Leviprora inops,NA
CEJ,Cociella crocodila,Crocodile flathead
SBV,Suggrundus brevirostris,NA
GMU,Solitas gruveli,Guinea flathead
FLH,Platycephalidae,Flatheads nei
AHO,Alcichthys alcicornis,NA
ADL,Antipodocottus elegans,NA
AHE,Archaulus biseriatus,Scaled sculpin
AGZ,Argyrocottus zanderi,NA
ADO,Artediellus dydymovi,NA
ZAA,Artediellus atlanticus,Atlantic hookear sculpin
ADW,Artedius corallinus,Coralline sculpin
ARJ,Ascelichthys rhodorus,Rosylip sculpin
AEV,Asemichthys taylori,Spinynose sculpin
ACQ,Astrocottus leprops,NA
MXO,Myoxocephalus octodecemspinosus,Longhorn sculpin
MXJ,Myoxocephalus jaok,Plain sculpin
MXV,Myoxocephalus scorpius,Shorthorn sculpin
TGQ,Myoxocephalus quadricornis,Fourhorn sculpin
SCU,Myoxocephalus spp,Sculpins
OLY,Oligocottus snyderi,Fluffy sculpin
ATW,Atopocottus tribranchius,NA
BEZ,Bero zanclus,NA
CQZ,Chitonotus pugetensis,Roughback sculpin
CGQ,Cottiusculus gonez,NA
DUM,Daruma sagamia,NA
EHB,Enophrys bison,Buffalo sculpin
FUI,Furcina ishikawae,NA
GMH,Gymnocanthus herzensteini,NA
GWY,Gymnocanthus tricuspis,Arctic staghorn sculpin
HPJ,Hemilepidotus jordani,Yellow Irish lord
IBU,Icelinus burchami,Dusky sculpin
SMQ,Scorpaenichthys marmoratus,Cabezon
CAZ,Clinocottus acuticeps,Sharpnose sculpin
LCH,Leiocottus hirundo,Lavender sculpin
LCR,Leptocottus armatus,Pacific staghorn sculpin
MEE,Megalocottus platycephalus,Belligerent sculpin
TFF,Triglops forficatus,Scissortail sculpin
TGJ,Triglops jordani,Jordan's sculpin
TGM,Triglops murrayi,Moustache sculpin
TGY,Triglops nybelini,Bigeye sculpin
TGP,Triglops scepticus,Spectacled sculpin
ZTG,Triglops pingelii,Ribbed sculpin
MIJ,Micrenophrys lilljeborgii,Norway bullhead
IBI,Icelus bicornis,Twohorn sculpin
MIS,Microcottus sellaris,Brightbelly sculpin
OML,Ocynectes maschalis,NA
XTA,Taurulus bubalis,Longspined bullhead
OTT,Orthonopias triacis,Snubnose sculpin
PIJ,Paricelinus hopliticus,Thornback sculpin
PLQ,Phallocottus obtusus,Spineless sculpin
PSY,Phasmatocottus ctenopterygius,NA
PUV,Porocottus tentaculatus,NA
PUZ,Pseudoblennius zonostigma,NA
RLU,Radulinus vinculus,Smoothgum sculpin
RZX,Ricuzenius nudithorax,NA
RRM,Ruscarius meanyi,Puget Sound sculpin
SFU,Sigmistes caulias,Kelp sculpin
SJN,Stelgistrum stejnegeri,NA
SMK,Stlengis misakia,NA
TUU,Taurocottus bergi,NA
TCF,Trachidermus fasciatus,Roughskin sculpin
VEU,Vellitor centropomus,NA
ZEO,Zesticelus ochotensis,NA
JZO,Jordania zonope,Longfin sculpin
SZG,Synchirus gilli,Manacled sculpin
RRF,Rhamphocottus richardsoni,Grunt sculpin
SWU,Cottidae,Sculpins nei
NRC,Normanichthys crockeri,Mote sculpin
AJD,Agonomalus jordani,NA
AVU,Agonopsis vulsa,Northern spearnose poacher
AVO,Anoplagonus inermis,Smooth alligatorfish
AFO,Aspidophoroides bartoni,Aleutian alligatorfish
BGS,Bathyagonus alascanus,Gray starsnout
BGI,Bothragonus swanii,Rockhead
HQD,Hypsagonus quadricornis,Fourhorn poacher
LGD,Leptagonus decagonus,Atlantic poacher
OCK,Occella kasawai,NA
OXT,Odontopyxis trispinosa,Pygmy poacher
PBS,Pallasina barbata,Tubenose poacher
PJO,Percis japonicus,NA
PQH,Podothecus thompsoni,NA
SRF,Sarritor frenatus,Sawback poacher
TSG,Tilesina gibbosa,NA
UCK,Ulcina olrikii,Arctic alligatorfish
KTL,Xeneretmus latifrons,Blacktip poacher
AFT,Agonus cataphractus,Hooknose
SXO,Stellerina xyosterna,Pricklebreast poacher
ABW,Ablabys binotatus,Redskinfish
TCT,Centropogon australis,Fortescue
TCG,Coccotropsis gymnoderma,NA
TCC,Cottapistus cottoides,Marbled stingfish
TGI,Glyptauchen insidiator,NA
TGR,Gymnapistes marmoratus,South Australian cobbler
HDU,Hypodytes rubripinnis,NA
NPG,Neocentropogon aeglefinis,NA
NSU,Notesthes robusta,Bullrout
OCP,Ocosia apia,NA
TPL,Paracentropogon longispinus,Wispy waspfish
TCE,Richardsonichthys leucogaster,Whiteface waspfish
TSN,Snyderina guentheri,Günther's waspfish
TEO,Tetraroge barbata,Bearded roguefish
VPD,Vespicula depressifrons,NA
UHH,Pseudovespicula dracaena,Draco waspfish
DYI,Dactyloptena gilberti,NA
DYW,Dactyloptena orientalis,Oriental flying gurnard
DYL,Dactylopterus volitans,Flying gurnard
DYX,Dactylopteridae,Flying gurnards nei
GGO,Gnathanacanthus goetzeei,Red velvetfish
AIU,Apistops caloundra,Short-armed waspfish
AIA,Apistus carinatus,Ocellated waspfish
CTW,Cheroscorpaena tridactyla,NA
OXI,Oxylebius pictus,Painted greenling
ZAF,Zaniolepis frenata,Shortspine combfish
BEO,Blepsias bilobus,Crested sculpin
HEV,Hemitripterus villosus,NA
NAO,Nautichthys oculofasciatus,Sailfin sculpin
OTJ,Ostracion cubicus,Yellow boxfish
NZF,Ostracion cyanurus,Bluetail trunkfish
OAU,Aracana aurita,Striped cowfish
NPM,Anoplocapros amygdaloides,Western smooth boxfish
LFT,Lactophrys trigonus,Buffalo trunkfish
LFQ,Lactophrys triqueter,Smooth trunkfish
KBC,Lactophrys bicaudalis,Spotted trunkfish
OAR,Caprichthys gymnura,Rigid boxfish
YGU,Capropygia unistriata,Black-banded pigmy boxfish
KEA,Kentrocapros aculeatus,NA
OLO,Lactoria cornuta,Longhorn cowfish
OZP,Lactoria diaphana,Roundbelly cowfish
NCQ,Acanthostracion quadricornis,Scrawled cowfish
NCY,Acanthostracion polygonius,Honeycomb cowfish
YCT,Polyplacapros tyleri,NA
TFR,Strophiurichthys robustus,Chubby basketfish
TEQ,Tetrosomus concatenatus,Triangular boxfish
QKA,Tetrosomus gibbosus,Humpback turretfish
BXF,Ostraciidae,Boxfishes nei
MBH,Amblyrhynchotes honckenii,Evileye blaasop
LFL,Lagocephalus laevigatus,Smooth puffer
LFH,Lagocephalus guentheri,Diamondback puffer
LGH,Lagocephalus lagocephalus,Oceanic puffer
LFW,Lagocephalus wheeleri,NA
LFZ,Lagocephalus sceleratus,Silver-cheeked toadfish
LLV,Lagocephalus lunaris,Lunartail puffer
KZQ,Lagocephalus inermis,Smooth blaasop
KZP,Lagocephalus spadiceus,Half-smooth golden pufferfish
LFX,Lagocephalus spp,NA
FDA,Sphoeroides annulatus,Bullseye puffer
TSP,Sphoeroides pachygaster,Blunthead puffer
FDT,Sphoeroides testudineus,Checkered puffer
PUF,Sphoeroides maculatus,Northern puffer
QBY,Sphoeroides spengleri,Bandtail puffer
RXD,Sphoeroides trichocephalus,Pygmy puffer
RWZ,Sphoeroides lobatus,Longnose puffer
PUA,Sphoeroides spp,Atlantic puffers nei
EFG,Ephippion guttifer,Prickly puffer
TDI,Tetraodon cutcutia,NA
TDL,Tetraodon pustulatus,NA
TFX,Tetraodon spp,NA
KAO,Carinotetraodon lorteti,NA
KHP,Chelonodon patoca,Milkspotted puffer
PUP,Takifugu vermicularis,Purple pufferfish
TKO,Takifugu niphobles,NA
TKF,Takifugu porphyreus,NA
TXK,Takifugu rubripes,Tiger pufferfish
TZO,Takifugu obscurus,Obscure pufferfish
TZW,Takifugu xanthopterus,Yellowfin pufferfish
TZQ,Takifugu flavidus,Yellowbelly pufferfish
TXV,Takifugu spp,Pufferfishes nei
KHA,Chonerhinos amabilis,NA
KOP,Colomesus psittacus,Banded puffer
KAE,Canthigaster amboinensis,Spider-eye puffer
KBA,Canthigaster valentini,Valentin's sharpnose puffer
HNF,Arothron firmamentum,Starry toado
OHH,Arothron hispidus,White-spotted puffer
ONM,Arothron mappa,Map puffer
OTG,Arothron meleagris,Guineafowl puffer
OTK,Arothron nigropunctatus,Blackspotted puffer
OTV,Arothron stellatus,Stellate puffer
OVB,Arothron immaculatus,Immaculate puffer
KOR,Contusus richei,Prickly toadfish
FXM,Feroxodon multistriatus,Manystriped blowfish
GDF,Guentheridia formosa,Spotted puffer
MYW,Marilyna darwinii,NA
OFR,Omegophora armilla,Ringed toadfish
GFM,Pelagocephalus marki,Rippled blaasop
TQA,Torquigener altipinnis,NA
QFF,Torquigener flavimaculosus,NA
QFB,Torquigener hypselogeneion,Orange-spotted toadfish
YLS,Tylerius spinosissimus,Spiny blaasop
XPN,Xenopterus naritus,NA
PUX,Tetraodontidae,Puffers nei
CYE,Cyclichthys spilostylus,Spotbase burrfish
DVH,Cyclichthys orbicularis,Birdbeak burrfish
DVI,Cyclichthys carpenteri,Hooked tonguesole
DVJ,Cyclichthys kopsii,Shortheaded tonguesole
DVK,Cyclichthys lachneri,Lachner's tonguesole
DVL,Cyclichthys sealarki,NA
HKA,Chilomycterus affinis,Pacific burrfish
MZR,Chilomycterus antillarum,Web burrfish
DIY,Diodon hystrix,Spotted porcupinefish
DHO,Diodon holocanthus,Longspined porcupinefish
DKP,Diodon liturosus,Black-blotched porcupinefish
DOU,Dicotylichthys punctulatus,Three-barred porcupinefish
LFC,Lophodiodon calori,Four-bar porcupinefish
ALJ,Tragulichthys jaculiferus,Longspine burrfish
AYT,Allomycterus pilatus,Deep-water burrfish
DIO,Diodontidae,"Globefish, porcupine fish"
UCF,Pseudotriacanthus strigilifer,Long-spined tripodfish
NUI,Triacanthus biaculeatus,Short-nosed tripodfish
TPF,Tripodichthys angustifrons,Black-flag tripodfish
TXW,Trixiphichthys weberi,Blacktip tripodfish
TDU,Triodon macropterus,Threetooth puffer
REJ,Acreichthys hajam,NA
NSK,Amanses scopas,Broom filefish
ALN,Aluterus scriptus,Scribbled leatherjac. filefish
ALM,Aluterus monoceros,Unicorn leatherjacket filefish
AVH,Aluterus heudelotii,Dotterel filefish
AWI,Aluterus schoepfii,Orange filefish
ALT,Aluterus spp,Leatherjacket filefishes
CWH,Cantherhines sandwichiensis,Sandwich isle filefish
DBS,Cantherhines dumerilii,Whitespotted filefish
JKY,Cantherhines macrocerus,American whitespotted filefish
JVC,Cantherhines pullus,Orangespotted filefish
FLF,Cantherhines (=Navodon) spp,Filefishes nei
BWI,Bigener brownii,Spiny-tailed leatherjacket
BJK,Brachaluteres jacksonianus,Pigmy leatherjacket
NAT,Anacanthus barbatus,Bearded leatherjacket
AHQ,Cantheschenia grandisquamis,Large-scaled leatherjacket
HDE,Chaetodermis penicilligera,Prickly leatherjacket
FIL,Stephanolepis cirrhifer,Threadsail filefish
FIK,Stephanolepis hispidus,Planehead filefish
KOY,Stephanolepis diaspros,Reticulated leatherjacket
EBU,Eubalichthys bucephalus,Black reef leatherjacket
MKL,Meuschenia australis,NA
MNK,Monacanthus chinensis,Fan-bellied leatherjacket
NLY,Nelusetta ayraudi,Chinaman-leatherjacket
XYH,Oxymonacanthus halli,Red Sea longnose filefish
RRP,Paraluteres prionurus,False puffer
RKB,Paramonacanthus barnardi,Wedgetail filefish
QZR,Paramonacanthus arabicus,Gulf filefish
QZQ,Paramonacanthus choirocephalus,Pig faced leather jacket
QZP,Paramonacanthus oblongus,Hair-finned filefish
PKB,Parika scaber,Velvet leatherjacket
PVI,Penicipelta vittiger,Toothbrush leatherjacket
PVL,Pervagor alternans,Yelloweye filefish
EDI,Pseudalutarius nasicornis,Rhinoceros leatherjacket
EDL,Pseudomonacanthus elongatus,Fourband leatherjacket
RRO,Rudarius ercodes,Whitespotted pygmy filefish
SKL,Scobinichthys granulatus,Rough leatherjackets
TDJ,Thamnaconus modestoides,Modest filefish
TKD,Thamnaconus modestus,NA
KSE,Thamnaconus septentrionalis,Greenfin horse-faced filefish
KNY,Thamnaconus hypargyreus,Lesser-spotted leatherjacket
TAW,Thamnaconus spp,Horse-faced filefishes nei
FFX,Monacanthidae,"Filefishes, leatherjackets nei"
BID,Balistapus undulatus,Orange-lined triggerfish
TRG,Balistes capriscus,Grey triggerfish
BLV,Balistes vetula,Queen triggerfish
BIY,Balistes polylepis,Finescale triggerfish
BVP,Balistes punctatus,Bluespotted triggerfish
BIX,Balistes spp,NA
BDK,Balistoides conspicillum,Clown triggerfish
BDZ,Balistoides viridescens,Titan triggerfish
NHR,Canthidermis macrolepis,Largescale triggerfish
CNT,Canthidermis maculata,Rough triggerfish
CZT,Canthidermis sufflamen,Ocean triggerfish
MLJ,Melichthys indicus,Indian triggerfish
MEN,Melichthys niger,Black triggerfish
MWI,Melichthys vidua,Pinktail triggerfish
ONI,Odonus niger,Red-toothed triggerfish
UBV,Pseudobalistes flavimarginatus,Yellowmargin triggerfish
UDN,Pseudobalistes naufragium,Stone triggerfish
HJC,Rhinecanthus aculeatus,White-banded triggerfish
IEL,Rhinecanthus assasi,Picasso triggerfish
QYN,Rhinecanthus rectangulus,Wedge-tail triggerfish
QZB,Rhinecanthus verrucosus,Blackbelly triggerfish
UFA,Sufflamen albicaudatus,Bluethroat triggerfish
UFC,Sufflamen chrysopterus,Halfmoon triggerfish
UIA,Sufflamen fraenatum,Masked triggerfish
RZY,Sufflamen verres,Orangeside triggerfish
XAC,Xanthichthys auromarginatus,Gilded triggerfish
XIR,Xanthichthys ringens,Sargassum triggerfish
XEP,Xenobalistes punctatus,Outrigger triggerfish
AJS,Abalistes stellaris,Starry triggerfish
DWF,Abalistes filamentosus,Filamentous-fin triggerfish
TRI,Balistidae,"Triggerfishes, durgons nei"
AYY,Acyrtops beryllinus,Emerald clingfish
GLR,Lepadogaster candolii,Connemara clingfish
GLP,Lepadogaster lepadogaster,Shore clingfish
GJG,Lepadogaster purpurea,Cornish sucker
GXD,Gobiesox adustus,Panamic clingfish
ALD,Apletodon dentatus,Small-headed clingfish
DMF,Apletodon pellegrini,Chubby clingfish
ARD,Arcos decoris,Elegant clingfish
GPM,Aspasma minima,NA
GYI,Aspasmichthys ciconiae,NA
GCX,Chorisochismus dentex,Rocksucker
GCL,Conidens laticephalus,NA
GDO,Dellichthys morelandi,Urchin clingfish
GDN,Diademichthys lineatus,NA
GDB,Diplecogaster bimaculata,Two-spotted clingfish
GDP,Diplocrepis puniceus,Orange clingfish
GDC,Discotrema crinophila,Crinoid clingfish
GEK,Eckloniaichthys scylliorhiniceps,Weedsucker
GYG,Gastrocyathus gracilis,Slender clingfish
GYQ,Gastrocymba quadriradiata,NA
GYS,Gastroscyphus hectoris,Hector's clingfish
ABV,Alabes parvulus,Pygmy shore-eel
GXL,Haplocylix littoreus,Giant clingfish
GKN,Kopua nuimata,NA
GLC,Lecanogaster chrysea,NA
GLN,Lepadichthys bolini,NA
AYR,Acyrtus artius,Papillate clingfish
LRS,Liobranchia stria,Minute clingfish
LLU,Lissonanchus lusheri,Streaky clingfish
GMM,Modicus minimus,NA
GOC,Opeatogenys cadenati,NA
FDM,Pherallodichthys meshimaensis,NA
FLN,Pherallodus indicus,NA
GPG,Propherallodus briggsi,NA
GRF,Rimicola dimorpha,Southern clingfish
GTB,Tomicodon bidens,Bifid clingfish
GTM,Trachelochismus melobesia,Striped clingfish
JMX,Gobiesocidae,Clingfishes nei
BAY,Amphichthys cryptocentrus,Bocon toadfish
BBL,Batrachoides liberiensis,Hairy toadfish
TFB,Batrachoides surinamensis,Pacuma toadfish
TDF,Batrachoides spp,Toadfishes nei
BAD,Austrobatrachus dussumieri,Flat toadfish
BPP,Porichthys porosissimus,NA
BZY,Porichthys margaritatus,Daisy midshipman
BBD,Batrachomoeus occidentalis,Western frogfish
BHD,Halobatrachus didactylus,Lusitanian toadfish
BBY,Batrichthys albofasciatus,White-ribbed toadfish
BBX,Bifax lacinia,Two-faced toadfish
BCH,Chatrabus damaranus,Pony toadfish
BDD,Daector dowi,Dow's toadfish
BHM,Halophryne diemensis,Banded frogfish
BOU,Opsanus beta,Gulf toadfish
BPE,Perulibatrachus elminensis,Guinean toadfish
BVI,Perulibatrachus rossignoli,Rossignol’s toadfish
BRK,Riekertia ellisi,Broadbodied toadfish
BSU,Sanopus astrifer,NA
BTC,Thalassothia cirrhosa,NA
BTM,Thalassophryne maculosa,Cano toadfish
JWZ,Allenbatrachus grunniens,Grunting toadfish
JCY,Colletteichthys dussumieri,NA
TFD,Batrachoididae,"Toadfishes, etc. nei"
ALG,Allenichthys glauerti,Glauert's anglerfish
AVW,Antennarius pardalis,NA
AWL,Antennarius striatus,Striated frogfish
AZZ,Antennarius indicus,Indian frogfish
IOV,Antennarius hispidus,Shaggy angler
HIH,Histrio histrio,Sargassumfish
AFL,Antennatus flagellatus,NA
AFN,Antennatus nummifer,Spotfin frogfish
AAE,Antennatus analis,Tailjet frogfish
ECC,Echinophryne crassispina,Prickly anglerfish
HIO,Histiophryne bougainvilli,NA
KUF,Kuiterichthys furcipilis,Rough anglerfish
LHL,Lophiocharon lithinostomus,Marble-mouthed frogfish
NUS,Nudiantennarius subteres,Deep-water frogfish
PFE,Phyllophryne scortea,Smooth anglerfish
RYI,Rhycherus filamentosus,Tasselled anglerfish
TCB,Tathicarpus butleri,Butler's frogfish
JSG,Fowlerichthys radiosus,Singlespot frogfish
XPX,Antennariidae,Frogfishes nei
BHH,Brachionichthys hirsutus,NA
TBO,Tetrabrachium ocellatum,NA
CLC,Latimeria chalumnae,Coelacanth
ARE,Argentina elongata,NA
ARO,Argentina kagoshimae,NA
ARU,Argentina silus,Greater argentine
ARY,Argentina sphyraena,Argentine
ARG,Argentina spp,Argentines
DES,Glossanodon semifasciatus,Deep-sea smelt
GLI,Glossanodon leioglossus,Smalltoothed argentine
GKY,Glossanodon polli,NA
JXX,Argentinidae,Argentines nei
BLH,Leuroglossus schmidti,Northern smoothtounge
BVR,Bathylagoides argyrogaster,Silver deepsea smelt
BAA,Bathylagus antarcticus,NA
BBE,Bathylagus euryops,Goiter blacksmelt
BBG,Bathylagus gracilis,NA
BBO,Bathylagus ochotensis,Eared blacksmelt
BBP,Bathylagus pacificus,Slender blacksmelt
BTY,Bathylagus spp,Blacksmelts
BVY,Bathylagidae,Deep-sea smelts nei
MXA,Xenophthalmichthys danae,NA
MMI,Microstoma microstoma,Slender argentine
MNA,Nansenia ardesiaca,NA
NSZ,Nansenia antarctica,NA
NFD,Nansenia macrolepis,NA
NAN,Nansenia spp,NA
OBE,Bathylychnops exilis,Javelin spookfish
ODB,Dolichopteryx binocularis,NA
OMQ,Macropinna microstoma,Barreleye
OOI,Opisthoproctus grimaldii,Mirrorbelly
OOL,Opisthoproctus soleatus,Barrel-eye
OYT,Rhynchohyalus natalensis,NA
OWT,Winteria telescopa,NA
AQC,Asquamiceps caeruleus,NA
AJB,Bajacalifornia burragei,NA
AYN,Bathylaco nielseni,NA
AYD,Bathyprion danae,Fangtooth smooth-head
AYM,Bathytroctes microlepis,Smallscale smooth-head
AZK,Bathytroctes michaelsarsi,Michael Sars smooth-head
AKO,Bellocia koefoedi,Koefoed's smooth-head
ALC,Alepocephalus bairdii,Baird's slickhead
PHL,Alepocephalus longiceps,NA
PHO,Alepocephalus rostratus,Risso's smooth-head
AVS,Alepocephalus australis,Small scaled brown slickhead
DDH,Alepocephalus productus,Smalleye smooth-head
JNH,Alepocephalus agassizii,Agassiz' smooth-head
ALH,Alepocephalus spp,Slickheads nei
AFI,Conocara fiolenti,Fiolenti's smooth-head
AZF,Conocara macropterum,Longfin smooth-head
AEE,Einara edentula,Toothless smooth-head
AZU,Einara macrolepis,Loosescale smooth-head
AEN,Ericara niger,NA
AEK,Herwigia kreffti,Krefft's smooth-head
AEL,Leptoderma lubricum,NA
AZM,Leptoderma macrops,Grenadier smooth-head
MCI,Microphotolepis multipunctata,NA
MRO,Mirognathus normani,Norman's smooth-head
NAE,Narcetes erimelas,NA
NZZ,Narcetes stomias,Blackhead salmon
PHP,Photostylus pycnopterus,Starry smooth-head
RIN,Rinoctes nasutus,Abyssal smooth-head
ROT,Rouleina attrita,Softskin smooth-head
ROZ,Rouleina maderensis,Madeiran smooth-head
AXC,Xenodermichthys copei,Bluntsnout smooth-head
TAB,Talismania bifurcata,Threadfin slickhead
TOW,Talismania antillarum,Antillean smooth-head
TVI,Talismania homoptera,Hairfin smooth-head
TVO,Talismania longifilis,Longtail slickhead
TVQ,Talismania mekistonema,Threadfin smooth-head
FCZ,Aulastomatomorpha phospherops,Luminous slickhead
PZC,Alepocephalidae,NA
PBC,Barbantus curvifrons,Palebelly searsid
PHN,Holtbyrnia anomala,Bighead searsid
QBB,Holtbyrnia innesi,Teardrop tubeshoulder
QBC,Holtbyrnia macrops,Bigeye searsid
PMU,Maulisia acuticeps,NA
QBD,Maulisia mauli,Maul's searsid
QBE,Maulisia microlepis,Smallscale searsid
PMR,Mentodus crassus,NA
PMO,Normichthys operosus,Multipore searsid
PFA,Pellisolus facilis,NA
PPK,Persparsia kopua,NA
PYM,Platytroctegen mirus,Leaf searsid
PYA,Platytroctes apus,Legless searsid
PSA,Sagamichthys abei,Shining tubeshoulder
QBF,Sagamichthys schnakenbecki,Schnakenbeck's searsid
PSO,Searsia koefoedi,Koefoed's searsid
PTR,Tragularius mesalirus,NA
VBX,Platytroctidae,NA
LLG,Leptochilichthys agassizii,NA
GQZ,Sigmops bathyphilus,Spark anglemouth
GSD,Gonostoma denudatum,NA
GSY,Gonostoma bathyphilum,NA
GSL,Gonostoma elongatum,Elongated bristlemouth fish
GQQ,Gonostoma atlanticum,Atlantic fangjaw
GSX,Gonostoma spp,NA
BPO,Bonapartia pedaliota,NA
MTO,Margrethia obtusirostra,NA
DPT,Diplophos taenia,NA
DPM,Diplophos maderensis,NA
YTA,Cyclothone acclinidens,Benttooth bristlemouth
YTB,Cyclothone alba,NA
YTU,Cyclothone braueri,Garrick
YTV,Cyclothone livida,NA
YTM,Cyclothone microdon,Veiled anglemouth
YTP,Cyclothone pallida,Tan bristlemouth
YTS,Cyclothone pseudopallida,Slender bristlemouth
YTY,Cyclothone pygmaea,NA
YTZ,Cyclothone obscura,Hidden bristlemouth
YTX,Cyclothone spp,NA
TPM,Triplophos hemingi,NA
QQV,Manducus maderensis,NA
BRI,Gonostomatidae,Bristlemouths
VAT,Valenciennellus tripunctulatus,NA
SRN,Argyripnus atlanticus,NA
SEE,Argyropelecus aculeatus,NA
QRA,Argyropelecus affinis,Pacific hatchet fish
QRB,Argyropelecus gigas,Hatchetfish
QRC,Argyropelecus hemigymnus,Half-naked hatchetfish
QRD,Argyropelecus sladeni,Sladen's hatchet fish
QGF,Argyropelecus olfersii,NA
QGE,Argyropelecus spp,NA
SDO,Danaphos oculatus,Bottlelights
PYQ,Polyipnus aquavitus,NA
QBL,Polyipnus polli,NA
QHY,Polyipnus indicus,NA
QHZ,Polyipnus spinosus,Spiny hatchetfish
SXD,Sternoptyx diaphana,Diaphanous hatchet fish
SXP,Sternoptyx pseudobscura,Highlight hatchetfish
MAV,Maurolicus muelleri,Silvery lightfish
JDK,Maurolicus weitzmani,Atlantic pearlside
JEP,Maurolicus spp,NA
HAF,Sternoptychidae,Hatchetfishes nei
SAD,Aristostomias grimaldii,NA
QBN,Aristostomias polydactylus,NA
QBO,Aristostomias xenostoma,NA
AEG,Astronesthes gemmifer,NA
AEJ,Astronesthes indicus,NA
AEO,Astronesthes leucopogon,NA
AEP,Astronesthes neopogon,NA
AHR,Astronesthes niger,NA
ICQ,Astronesthes caulophorus,NA
ICW,Astronesthes macropogon,NA
ICY,Astronesthes micropogon,NA
IDD,Astronesthes richardsoni,Richardson's snaggletooth
BRT,Borostomias antarcticus,Snaggletooth
BRM,Borostomias mononema,NA
DBR,Borostomias elucens,NA
SBB,Stomias boa,Boa dragonfish
SMV,Stomias brevibarbatus,NA
QZY,Stomias affinis,Günther's boafish
QZT,Stomias lampropeltis,NA
QZS,Stomias longibarbatus,Longbarb scaly dragonfish
SWK,Stomias spp,NA
FGU,Flagellostomias boureei,NA
BTN,Bathophilus nigerrimus,NA
BTU,Bathophilus digitatus,NA
BTV,Bathophilus vaillanti,NA
DBL,Bathophilus brevis,NA
DBP,Bathophilus pawneei,Pawnee dragonfish
CUD,Chauliodus danae,Dana viperfish
CDN,Chauliodus sloani,Sloane's viperfish
CVS,Chauliodus schmidti,NA
FJN,Chauliodus pammelas,NA
SIO,Chirostomias pliopterus,NA
ECR,Echiostoma barbatum,NA
EUQ,Eustomias obscurus,NA
EUR,Eustomias braueri,NA
EUF,Eustomias furcifer,NA
EUO,Eustomias longibarba,NA
EUN,Eustomias tetranema,NA
EZA,Eustomias achirus,Proud dragonfish
FAA,Eustomias dendriticus,NA
FAF,Eustomias enbarbatus,Barbate dragonfish
FAH,Eustomias filifer,NA
FAI,Eustomias lipochirus,NA
FAK,Eustomias melanonema,NA
FAN,Eustomias melanostigma,NA
GMF,Grammatostomias flagellibarba,NA
HTO,Heterophotus ophistoma,NA
IDF,Idiacanthus fasciola,NA
LSB,Leptostomias bilobatus,NA
JSO,Leptostomias longibarba,NA
MCN,Malacosteus niger,Stoplight loosejaw
MNB,Melanostomias biseriatus,NA
MNM,Melanostomias melanopogon,NA
MNE,Melanostomias tentaculatus,NA
MNV,Melanostomias valdiviae,Valdivia black dragon fish
QCA,Melanostomias bartonbeani,Scaleless black dragonfish
MNP,Neonesthes capensis,NA
OSO,Odontostomias masticopogon,NA
OUZ,Odontostomias micropogon,NA
OPN,Opostomias micripnus,NA
SCW,Pachystomias microdon,NA
PNE,Photonectes albipennis,NA
QBM,Photonectes dinema,NA
QBP,Photonectes leucospilus,NA
QBQ,Photonectes margarita,NA
PUE,Photostomias guernei,NA
RID,Rhadinesthes decimus,NA
TSM,Tactostoma macropus,Longfin dragonfish
TYX,Thysanactis dentex,NA
TLE,Trigonolampa miriceps,Threelight dragonfish
RQX,Stomiidae,NA
OWV,Melanostomiinae,Scaleless black dragonfishes
IHO,Ichthyococcus ovatus,NA
HOE,Phosichthys argenteus,NA
OLM,Pollichthys mauli,NA
OLC,Polymetme corythaeola,NA
VIA,Vinciguerria attenuata,NA
VII,Vinciguerria nimbaria,Oceanic lightfish
VIP,Vinciguerria poweriae,Power's deep-water bristle-mou
WOM,Woodsia meyerwaardeni,NA
YAB,Yarrella blackfordi,NA
VCX,Phosichthyidae,NA
GGH,Gigantura chuni,Gigantura
BEE,Benthalbella elongata,NA
BNZ,Benthalbella macropinna,NA
MZF,Benthalbella infans,Zugmayer's pearleye
BNT,Benthalbella spp,Pearleyes nei
RYL,Rosenblattichthys alatus,NA
SID,Scopelarchoides danae,NA
OUA,Scopelarchus analis,NA
PEY,Scopelarchidae,"Pearleyes, etc. nei"
REI,Coccorella atlantica,NA
EVO,Evermannella balbo,Balbo sabretooth
ODM,Odontostomops normalops,NA
OMW,Omosudis lowei,Omosudid
DLF,Dolichosudis fuliginosa,NA
LDA,Lestidiops affinis,NA
MZC,Lestidiops cadenati,NA
MZD,Lestidiops sphyrenoides,NA
LDL,Lestidium atlanticum,Atlantic barracudina
LDI,Lestrolepis intermedia,NA
MCF,Macroparalepis affinis,NA
SIY,Sudis hyalina,NA
MNL,Magnisudis atlantica,Duckbill barracudina
MAP,Magnisudis prionosa,Southern barracudina
NTO,Notolepis coatsi,Antarctic jonasfish
NNV,Notolepis annulata,Ringed barracudina
NOE,Notolepis spp,Barracudinas nei
SNG,Stemonosudis elegans,NA
UNL,Uncisudis longirostra,NA
PIR,Paralepis coregonoides,NA
PRV,Paralepis brevirostris,NA
NRD,Arctozenus risso,Spotted barracudina
NXR,Arctozenus spp,NA
PZB,Paralepididae,"Barracudinas, etc. nei"
BSG,Bathysauropsis gigas,NA
CUF,Chlorophthalmus acutifrons,NA
CVW,Chlorophthalmus agassizi,Shortnose greeneye
DDQ,Chlorophthalmus punctatus,Spotted greeneye
GRE,Chlorophthalmidae,Greeneyes
AIY,Ahliesaurus berryi,NA
LUN,Luciosudis normani,NA
SLH,Scopelosaurus hamiltoni,NA
UIF,Scopelosaurus argenteus,Waryfish
UIG,Scopelosaurus lepidus,Blackfin waryfish
VSH,Scopelosaurus spp,NA
BCV,Bathymicrops brevianalis,NA
BFL,Bathymicrops regis,NA
IPZ,Ipnops agassizii,Grideye fish
PFS,Parasudis fraserbrunneri,NA
BWT,Bathytyphlops sewelli,NA
BDU,Bathypterois dubius,Spiderfish
BPG,Bathypterois longipes,Abyssal spiderfish
BFO,Bathypterois grallator,Tripodfish
BFQ,Bathypterois quadrifilis,NA
VDX,Ipnopidae,NA
NSM,Neoscopelus macrolepidotus,Large-scaled lantern fish
SYJ,Scopelengys tristis,Pacific blackchin
SVA,Solivomer arenidens,NA
BNX,Bolinichthys distofax,NA
DBE,Bolinichthys photothorax,Spurcheek lanternfish
DBF,Bolinichthys supralateralis,Stubby lanternfish
CBN,Centrobranchus andreae,NA
DBH,Centrobranchus nigroocellatus,Roundnose lanternfish
MCD,Ceratoscopelus maderensis,Madeira lantern fish
NCV,Ceratoscopelus warmingii,Warming’s lanternfish
DGA,Diogenichthys atlanticus,NA
GCB,Gonichthys barnesi,NA
FZZ,Gonichthys cocco,Cocco’s lanternfish
HIA,Hintonia candens,NA
HYB,Hygophum benoiti,Benoit's lanternfish
HHV,Hygophum hygomii,Bermuda lantern fish
IAW,Hygophum reinhardtii,Reinhardt’s lanternfish
IBD,Hygophum taaningi,Tåning’s lanternfish
IYU,Idiolychnus urolampus,NA
MTP,Myctophum punctatum,Spotted lanternfish
MCU,Myctophum nitidulum,NA
MMY,Myctophum selenops,Wisner's lantern fish
OWS,Myctophum affine,Metallic lanternfish
OWR,Myctophum asperum,Prickly lanternfish
OWQ,Myctophum obtusirostre,Bluntsnout lanternfish
KRA,Krefftichthys anderssoni,NA
LAN,Lampanyctodes hectoris,Hector's lanternfish
LYD,Lampanyctus crocodilus,Jewel lanternfish
LPL,Lampanyctus alatus,NA
LYF,Lampanyctus festivus,NA
LYI,Lampanyctus intricarius,NA
LYO,Lampanyctus macdonaldi,NA
LYP,Lampanyctus photonotus,NA
LYJ,Lampanyctus pusillus,NA
JHA,Lampanyctus nobilis,Noble lanternfish
JHB,Lampanyctus tenuiformis,Slender lanternfish
JGL,Lampanyctus spp,NA
DPB,Diaphus bertelseni,NA
DPY,Diaphus brachycephalus,Short-headed lantern fish
DPU,Diaphus dumerilii,NA
DPE,Diaphus effulgens,NA
DPO,Diaphus holti,Small lantern fish
DPL,Diaphus lucidus,NA
DPP,Diaphus metopoclampus,Spothead lantern fish
DPI,Diaphus mollis,NA
DPF,Diaphus rafinesquii,NA
DPJ,Diaphus termophilus,Taaning's lantern fish
DQA,Diaphus garmani,Garman’s lanternfish
DQB,Diaphus perspicillatus,Flatface lanternfish
DQC,Diaphus splendidus,Horned lanternfish
DQD,Diaphus taaningi,Slopewater lanternfish
IHG,Diaphus knappi,NA
LDS,Lampadena speculigera,Mirror lanternfish
LDC,Lampadena chavesi,NA
LDU,Lampadena urophaos,NA
JBA,Lampadena anomala,Anomalous lanternfish
JBB,Lampadena luminosa,Luminous lanternfish
LHG,Lepidophanes gaussi,NA
JHC,Lepidophanes guentheri,Günther’s lanternfish
LNF,Lobianchia dofleini,Dofleini's lantern fish
JHD,Lobianchia gemellarii,Gemellar’s lanternfish
SLU,Stenobrachius leucopsarus,Northern lampfish
BHG,Benthosema glaciale,Glacier lantern fish
BNS,Benthosema suborbitale,Smallfin lanternfish
BHQ,Benthosema pterotum,Skinnycheek lanternfish
LWI,Loweina interrupta,NA
MTW,Metelectrona herwigi,NA
ELR,Electrona risso,Electric lantern fish
ELC,Electrona carlsbergi,Electron subantarctic
ELN,Electrona antarctica,Antarctic lanternfish
ELT,Electrona spp,NA
NOO,Notoscopelus bolini,NA
OWO,Notoscopelus caudispinosus,Spinetail lanternfish
OWN,Notoscopelus resplendens,Patchwork lanternfish
OWK,Notoscopelus kroyeri,Kroyer's lanternfish
NLV,Notoscopelus elongatus,NA
LAX,Notoscopelus spp,Patchwork lampfishes
GYN,Gymnoscopelus nicholsi,Nichol's lanternfish
GYB,Gymnoscopelus bolini,NA
GYR,Gymnoscopelus braueri,NA
GYF,Gymnoscopelus fraseri,NA
GYO,Gymnoscopelus opisthopterus,NA
GYJ,Gymnoscopelus hintonoides,NA
GYY,Gymnoscopelus spp,NA
NOV,Notolychnus valdiviae,NA
PXI,Parvilux ingens,NA
PYV,Protomyctophum andriashevi,NA
PRM,Protomyctophum bolini,NA
PRY,Protomyctophum choriodon,NA
PRE,Protomyctophum tenisoni,NA
PVP,Protomyctophum spp,NA
SIM,Scopelopsis multipunctatus,NA
SMP,Symbolophorus barnardi,NA
SVW,Symbolophorus veranyi,Large-scale lantern fish
TAY,Taaningichthys bathyphilus,NA
UAC,Taaningichthys minimus,Waistcoat lanternfish
TAE,Tarletonbeania crenularis,Blue lanternfish
TMX,Triphoturus mexicanus,Mexican lampfish
LAC,Nannobrachium achirus,Lantern fish
LPY,Nannobrachium atrum,NA
LYU,Nannobrachium cuprarium,NA
LYL,Nannobrachium lineatum,NA
LXX,Myctophidae,Lanternfishes nei
PHX,Saccopharynx ampullaceus,NA
SEX,Eurypharynx pelecanoides,Pelican eel
SMG,Monognathus ahlstromi,Paddletail onejaw
CMY,Cyema atrum,Bobtail eel
CNY,Neocyema erythrosoma,NA
ADD,Derichthys serpentinus,Narrownecked oceanic eel
ADN,Nessorhamphus ingolfianus,Duckbill oceanic eel
AMC,Myroconger compressus,Red eel
MOT,Oxyconger leptognathus,Shorttail pike conger
MGT,Gavialiceps taeniola,NA
DPC,Muraenesox cinereus,Daggertooth pike conger
DDP,Muraenesox bagio,Common pike conger
PCX,Muraenesox spp,Pike-congers nei
GPC,Cynoponticus ferox,Guinean pike conger
CXP,Cynoponticus coniceps,Red pike conger
BWQ,Cynoponticus savanna,Guayana pike-conger
MCB,Congresox talabon,Yellow pike conger
MCG,Congresox talabonoides,Indian pike conger
IKX,Muraenesocidae,NA
NFG,Facciolella gilberti,Dogface witch-eel
NHF,Facciolella oxyrhyncha,Facciola's sorcerer
NHD,Hoplunnis diomediana,Blacktail pike-conger
NHZ,Hoplunnis punctata,Slender duckbill eel
NNG,Nettenchelys gephyra,NA
NSS,Saurenchelys stylurus,NA
NVP,Venefica proboscidea,Whipsnout sorcerer
NNS,Nettastoma solitarium,NA
JTV,Nettastoma melanura,NA
COE,Conger conger,European conger
COS,Conger orbignianus,Argentine conger
COI,Conger cinereus,Longfin African conger
COA,Conger oceanicus,American conger
ELS,Conger myriaster,Whitespotted conger
COV,Conger japonicus,NA
COQ,Conger triporiceps,Manytooth conger
CGZ,Conger spp,Conger eels nei
ACA,Acromycter nezumi,NA
CBH,Bassanago hirsutus,NA
CBW,Bathycongrus wallacei,Longnose conger
CBS,Bathymyrus smithi,Maputo conger
CBE,Blachea xenobranchialis,NA
HCS,Chiloconger similis,NA
COY,Congriscus megastomus,NA
CGV,Congrosoma evermanni,Evermann's conger
CDY,Diploconger polystigmatus,NA
CGU,Gorgasia maculata,Whitespotted garden eel
ACY,Parabathymyrus macrophthalmus,NA
ACM,Macrocephenchelys brachialis,NA
ACU,Lumiconger arafura,NA
ACJ,Japonoconger africanus,NA
CGN,Gnathophis nystromi,NA
GXP,Gnathophis mystax,NA
ACE,Paruroconger drachi,NA
POF,Poeciloconger fasciatus,NA
PSP,Pseudophichthys splendens,Purplemouthed conger
ARN,Ariosoma anago,Silvery conger
ARB,Ariosoma balearicum,Bandtooth conger
DMU,Ariosoma anale,Short-tail conger
RCH,Rhechias bertini,NA
SGL,Scalanago lateralis,NA
CUL,Uroconger lepturus,Slender conger
DKV,Uroconger syringinus,Slender-tail conger
CXB,Xenomystax bidentatus,NA
ZFG,Xenomystax atrarius,Deepwater conger
ACL,Heteroconger longissimus,Brown garden eel
ACS,Heteroconger hassi,Spotted garden-eel
RYB,Rhynchoconger brevirostris,NA
CBV,Bathyuroconger vicinus,Large-toothed conger
ACT,Paraconger caudilimbatus,Margintail conger
GFG,Paraconger notialis,Guinean conger
GWQ,Paraconger californiensis,Ringeye conger
COX,Congridae,"Conger eels, etc. nei"
SDA,Dysomma anguillare,Shortbelly eel
UAU,Dysomma brevirostre,Batnose eel
HIB,Histiobranchus bathybius,Deep-water arrowtooth eel
SIB,Ilyophis brunneus,Muddy arrowtooth eel
SMY,Meadia abyssalis,NA
ASQ,Simenchelys parasiticus,Snubnosed eel
SSK,Synaphobranchus kaupii,Kaup's arrowtooth eel
UAV,Synaphobranchus affinis,Grey cutthroat eel
SDC,Diastobranchus capensis,Basketwork eel
SVY,Synaphobranchidae,Cutthroat eels nei
ANV,Avocettina infans,Avocet snipe eel
ANL,Labichthys carinatus,NA
NNE,Labichthys yanoi,NA
ANM,Nemichthys scolopaceus,Slender snipe eel
ANU,Nemichthys curvirostris,NA
VFX,Nemichthyidae,NA
ACO,Coloconger raniceps,NA
DMT,Coloconger cadenati,NA
JWX,Colocongridae,NA
ASB,Serrivomer beanii,Bean's sawtooth eel
AWK,Serrivomer spp,Sawtooth eels nei
ASF,Stemonidium hypomelas,Black serrivomerid eel
XAX,Anguilliformes,"Eels, morays, congers nei"
NHV,Aldrovandia rostrata,NA
JBC,Aldrovandia gracilis,NA
JBD,Aldrovandia phalacra,Hawaiian halosaurid fish
JND,Aldrovandia affinis,Gilbert's halosaurid
NHH,Halosauropsis macrochir,Abyssal halosaur
NHU,Halosaurus ovenii,NA
NHP,Halosaurus pectoralis,Australian halosaur
JGX,Halosauridae,Halosaurs nei
NNL,Lipogenys gillii,NA
NNN,Notacanthus chemnitzii,Spiny eel
NSD,Notacanthus sexspinis,Spiny-back eel
NJW,Notacanthus bonaparte,Shortfin spiny eel
NNP,Polyacanthonotus rissoanus,Smallmouth spiny eel
JDX,Notacanthidae,Deep-sea spiny eels nei
SNS,Macroramphosus scolopax,Longspine snipefish
MFG,Macroramphosus gracilis,Slender snipefish
DWJ,Macroramphosus spp,Snipefish nei
CUQ,Centriscops humerosus,Banded yellowfish
NPE,Notopogon endeavouri,NA
NPR,Notopogon fernandezianus,Orange bellowfish
NPX,Notopogon xenosoma,Longspine bellowfish
NLD,Notopogon lilliei,Crested bellowfish
IXX,Notopogon spp,NA
SNI,Centriscidae,Snipefishes nei
CUS,Genypterus blacodes,Pink cusk-eel
CUC,Genypterus chilensis,Red cusk-eel
CUB,Genypterus maculatus,Black cusk-eel
KCP,Genypterus capensis,Kingklip
GVT,Genypterus tigerinus,Rock ling
CEX,Genypterus spp,Cusk-eels nei
OPK,Parophidion schmidti,Dusky cusk-eel
OOA,Ophidion barbatum,Snake blenny
OVK,Ophidion holbrookii,Band cusk-eel
OQZ,Ophidion lozanoi,NA
OBK,Brotula clarki,NA
BRD,Brotula barbata,Bearded brotula
WBM,Brotula multibarbata,Goatsbeard brotula
WIY,Brotula ordwayi,Ordway's brotula
OBV,Brotulotaenia brevicauda,NA
OHG,Hoplobrotula gnathopus,False kinglip
KWR,Hoplobrotula armata,Armoured cusk
OLA,Lepophidium aporrhox,NA
LPW,Lepophidium brevibarbe,Shortbeard cusk-eel
DGQ,Lepophidium negropinna,Specklefin cusk-eel
OWA,Lepophidium profundorum,Blackrim cusk-eel
NVI,Lepophidium microlepis,Silver cusk eel
OAG,Abyssobrotula galatheae,NA
OAA,Acanthonus armatus,NA
OAD,Apagesoma delosommatus,NA
OBI,Barathrites iris,NA
OBG,Bassogigas gillii,NA
OBO,Bassozetus compressus,NA
OZI,Bassozetus elongatus,NA
OBP,Bathyonus laticeps,NA
OBR,Benthocometes robustus,NA
OCL,Cherublemma emmelas,Black brotula
OCY,Chilara taylori,Spotted cusk-eel
ODT,Dannevigia tusca,Australian tusk
ODI,Dicrolene intronigra,Digitate cusk eel
OEF,Epetriodus freddyi,NA
OGJ,Glyptophidium japonicum,NA
OHE,Holcomycteronus aequatoris,NA
OHR,Homostolus acer,NA
OHN,Hypopleuron caninum,NA
OLB,Lamprogrammus brunswigi,NA
OFZ,Lamprogrammus exutus,Legless cuskeel
OLR,Luciobrotula bartschi,NA
OMN,Monomitopus agassizii,NA
OHV,Monomitopus metriostoma,NA
ONS,Neobythites analis,Black-edged cusk-eel
KZH,Neobythites steatiticus,NA
KZG,Neobythites stefanovi,NA
OOC,Otophidium chickcharney,NA
QMI,Otophidium indefatigabile,Bighead cusk eel
OPW,Penopus microphthalmus,NA
PXH,Petrotyx hopkinsi,Velvetnose brotula
PUY,Porogadus abyssalis,NA
PCF,Pycnocraspedum fulvum,NA
RYF,Raneya fluminensis,NA
SOU,Selachophidium guentheri,Barbed brotula
OSI,Sirembo imberbis,NA
OSG,Spectrunculus grandis,Pudgy cuskeel
OSU,Spottobrotula amaculata,NA
OXM,Xyelacyba myersi,NA
OPH,Ophidiidae,"Cusk-eels, brotulas nei"
AHD,Abythites lepidogenys,NA
BTP,Bellottia apoda,NA
BII,Bythites islandicus,NA
CXL,Cataetyx alleni,NA
TVY,Cataetyx laticeps,NA
UAD,Cataetyx bruuni,NA
DTJ,Diplacanthopoma japonicum,NA
TLI,Thalassobathia pelagica,NA
AYV,Aphyonus brevidorsalis,NA
BTL,Barathronus maculatus,NA
NYK,Nybelinella erikssoni,NA
NYE,Sciadonus cryptophthalmus,NA
PBP,Parabrotula plagiophthalma,NA
RRB,Rondeletia bicolor,NA
BBF,Barbourisia rufa,Velvet whalefish
CJI,Cetichthys indagator,NA
CJK,Cetomimus picklei,NA
CJR,Cetostoma regani,Pink flabby whalefish
DYG,Danacetichthys galathenus,NA
DYS,Ditropichthys storeri,NA
GYD,Gyrinomimus andriashevi,NA
GFY,Gyrinomimus grahami,Flabby whalefish
NTV,Notocetichthys trunovi,NA
PYK,Procetichthys kreffti,NA
RYS,Rhamphocetichthys savagei,NA
CWT,Cetomimidae,NA
PXJ,Polymixia japonica,NA
PXV,Polymixia nobilis,Stout beardfish
QIJ,Polymixia berndti,Pacific beardfish
BXD,Beryx decadactylus,Alfonsino
BYS,Beryx splendens,Splendid alfonsino
ALF,Beryx spp,Alfonsinos nei
CXF,Centroberyx affinis,Redfish
CXZ,Centroberyx gerrardi,Bight redfish
CWB,Centroberyx lineatus,Swallow-tail
BRX,Berycidae,"Alfonsinos, etc. nei"
SFN,Diretmichthys parini,Parin's spinyfish
DTV,Diretmoides veriginae,NA
DTW,Diretmoides pauciradiatus,Longwing spinyfin
DUU,Diretmus argenteus,Silver spinyfin
QNX,Diretmidae,Spinyfins nei
GXW,Gephyroberyx darwinii,Darwin's slimehead
HPR,Hoplostethus mediterraneus,Mediterranean slimehead
ORY,Hoplostethus atlanticus,Orange roughy
FSZ,Hoplostethus melanopus,Smallscale slimehead
ANZ,Aulotrachichthys novaezelandicus,NA
OVE,Optivus elongatus,Slender roughy
TCU,Trachichthys australis,NA
TPT,Paratrachichthys trailli,Sandpaper fish
TSA,Sorosichthys ananassa,Little pineapple fish
TRC,Trachichthyidae,Slimeheads nei
MCJ,Cleidopus gloriamaris,Pineapplefish
MMJ,Monocentris japonica,Pineconefish
AKA,Anomalops katoptron,Splitfin flashlightfish
KYA,Kryptophanaron alfredi,Atlantic flashlightfish
PBZ,Photoblepharon steinitzi,Flashlight fish
PVY,Phthanophaneron harveyi,Gulf flashlightfish
GBT,Gibberichthys latifrons,NA
MMT,Melamphaes acanthomus,Slender bigscale
MWM,Melamphaes microps,NA
JBE,Melamphaes leprus,NA
PMC,Poromitra crassiceps,Crested bigscale
QUW,Poromitra atlantica,Southern bigscale
SXM,Scopeloberyx microlepis,NA
SBN,Scopelogadus beanii,NA
SIK,Sio nordenskjoeldii,NA
DGL,Melamphaidae,NA
AGW,Anoplogaster cornuta,Common fangtooth
SUK,Acanthochaenus lutkeni,NA
HXG,Hispidoberyx ambagiosus,NA
JOD,Zeus faber,John dory
ZCP,Zeus capensis,Cape dory
ZMX,Zeus spp,NA
JOS,Zenopsis conchifer,Silvery John dory
ZNE,Zenopsis nebulosus,Mirror dory
ZCA,Capromimus abbreviatus,Capro dory
ZCF,Cyttomimus affinis,NA
ZCC,Cyttopsis cypho,NA
ZCD,Cyttopsis rosea,Red dory
ZCN,Cyttus novaezealandiae,New Zealand dory
ZCT,Cyttus traversi,King dory
ZCU,Cyttus australis,Silver dory
ZEX,Zeidae,Dories nei
GMG,Grammicolepis brachiusculus,Thorny tinselfish
XED,Xenolepidichthys dalgleishi,Spotted tinselfish
XJX,Grammicolepididae,Grammicolepidids nei
BOC,Capros aper,Boarfish
ZAC,Antigonia capros,Deepbody boarfish
ZAM,Antigonia malayana,NA
ZAI,Antigonia rubescens,Indo-Pacific boarfish
BOR,Caproidae,Boarfishes nei
ONE,Neocyttus helgae,NA
ONV,Neocyttus rhomboidalis,Spiky oreo
SSO,Pseudocyttus maculatus,Smooth oreo dory
OOT,Oreosoma atlanticum,Ox-eyed oreo
BOE,Allocyttus niger,Black oreo
ALL,Allocyttus verrucosus,Warty dory
DMY,Allocyttus guineensis,Guinea oreo
NIY,Allocyttus folletti,Oxeye oreo
AHX,Allocyttus spp,NA
ORD,Oreosomatidae,Oreo dories nei
PZP,Parazen pacificus,Parazen
MTY,Cyttula macropus,NA
MZJ,Zenion japonicum,NA
JBF,Zenion hololepis,Dwarf dory
JBH,Zenion longipinnis,NA
JER,Zenion leptolepis,Elongate dory
WRF,Polyprion americanus,Wreckfish
WHA,Polyprion oxygeneios,Hapuku wreckfish
WME,Polyprion moeone,Bass groper
HAU,Polyprion spp,Hapuka
TEL,Stereolepis doederleini,NA
AKH,Acropoma hanedai,NA
DJS,Acropoma japonicum,Glowbelly
FDC,Acropoma argentistigma,Silver-spotted lanternbelly
OGA,Apogonops anomalus,Three-spined cardinalfish
OEB,Doederleinia berycoides,Blackthroat seaperch
MKW,Malakichthys wakiyae,NA
NSY,Neoscombrops cynodon,Silver splitfin
NSW,Neoscombrops pacificus,NA
PWN,Pseudohowella intermedia,NA
SYN,Synagrops japonicus,Blackmouth splitfin
SZA,Synagrops bellus,Blackmouth bass
SZZ,Synagrops microlepis,Smallscale splitfin
QFT,Synagrops adeni,Aden splitfin
SYS,Synagrops spp,Splitfins nei
VEO,Verilus sordidus,NA
ACR,Acropomatidae,"Glow-bellies, splitfins nei"
ULA,Caulolatilus affinis,Bighead tilefish
ULM,Caulolatilus microps,Grey tilefish
ULP,Caulolatilus princeps,Ocean whitefish
CKZ,Caulolatilus chrysops,Atlantic goldeneye tilefish
TIH,Branchiostegus japonicus,Horsehead tilefish
TIZ,Branchiostegus wardi,Ward's tilefish
UAE,Branchiostegus semifasciatus,Zebra tilefish
UGY,Branchiostegus doliatus,Ribbed tilefish
FHV,Branchiostegus sawakinensis,Freckled tilefish
FGV,Lopholatilus villarii,NA
TIL,Lopholatilus chamaeleonticeps,Great Northern tilefish
TIS,Latilidae,Tilefishes nei
OBS,Scombrops boops,Gnomefish
EMM,Emmelichthys nitidus,Cape bonnetmouth
EPC,Plagiogeneion macrolepis,NA
RYG,Plagiogeneion rubiginosum,Rubyfish
EYO,Erythrocles monodi,Atlantic rubyfish
ERY,Erythrocles schlegelii,Japanese rubyfish
ERZ,Erythrocles scintillans,NA
EMT,Emmelichthyidae,"Bonnetmouths, rubyfishes nei"
LOB,Lobotes surinamensis,Tripletail
LOZ,Lobotes pacificus,Pacific tripletail
BFX,Bathysphyraenops simplex,NA
HWB,Howella brodiei,Pelagic basslet
KAU,Howella sherborni,Sherborn's pelagic basslet
BLG,Bathyclupea argentea,NA
CFG,Caristius groenlandicus,NA
CMZ,Caristius macropus,Manefish
CWN,Caristius spp,Manefishes nei
EVI,Evistias acutirostris,Striped boarfish
HIT,Histiopterus typus,Sailfin armourhead
PZH,Parazanclistius hutchinsi,Short boarfish
RIG,Paristiopterus gallipavo,Yellowspotted boarfish
SWH,Paristiopterus labiosus,Giant boarfish
ENV,Pentaceropsis recurvirostris,Longsnout boarfish
ENE,Pentaceros capensis,Cape armourhead
EMV,Pentaceros decacanthus,Bigspined boarfish
EDR,Pseudopentaceros richardsoni,Pelagic armourhead
EDQ,Pseudopentaceros pectoralis,Longfin armorhead
EDJ,Pseudopentaceros wheeleri,Slender armorhead
EDW,Pseudopentaceros spp,Pelagic armourheads nei
ZAL,Zanclistius elevatus,Longfin boarfish
QPJ,Pentacerotidae,Armorheads NEI
ACV,Acanthocepola abbreviata,Bandfish
DZC,Acanthocepola krusensternii,Redspotted bandfish
OWG,Owstonia grammodon,NA
DOA,Pseudocepola taeniosoma,NA
CBC,Cepola macrophthalma,Red bandfish
DBI,Cepola pauciradiata,NA
YLN,Dactylophora nigricans,Dusky morwong
HAW,Cheilodactylus variegatus,Peruvian morwong
EIS,Cheilodactylus spectabilis,Red moki
EII,Cheilodactylus vittatus,Hawaiian morwong
EIZ,Cheilodactylus zebra,Redlip morwong
EIN,Cheilodactylus zonatus,Spottedtail morwong
EJZ,Cheilodactylus nigripes,Magpie perch
IEQ,Cheilodactylus fasciatus,Redfingers
CDD,Nemadactylus douglasii,Porae
CTA,Nemadactylus bergi,Castaneta
TAK,Nemadactylus macropterus,Tarakihi
TLD,Nemadactylus monodactylus,St. Paul's fingerfin
MOW,Nemadactylus spp,Morwongs
IRB,Chirodactylus brachydactylus,Two-tone fingerfin
IRG,Chirodactylus grandis,Bank steenbras
IRJ,Chirodactylus jessicalenorum,Natal fingerfin
MEI,Mendosoma lineatum,Telescope fish
QIF,Morwong fuscus,Red morwong
LRL,Latris lineata,Striped trumpeter
BMO,Latridopsis ciliaris,Blue moki
WLF,Latridopsis forsteri,Bastard trumpeter
WLX,Latridopsis spp,NA
TRU,Latridae,Trumpeters nei
OXD,Ostracoberyx dorygenys,NA
YMY,Symphysanodon berryi,Slope bass
VVJ,Symphysanodon katayamai,Yellowstripe slopefish
PGR,Pogonophryne permitini,Plunderfish
PGM,Pogonophryne marmorata,Marbled plunderfish
PFW,Pogonophryne dewitti,NA
BVK,Pogonophryne barsukovi,NA
SZT,Pogonophryne scotti,NA
YJP,Pogonophryne macropogon,NA
YJB,Pogonophryne albipinna,NA
YJC,Pogonophryne cerebropogon,NA
YJI,Pogonophryne immaculata,NA
YJO,Pogonophryne lanceobarbata,NA
YJM,Pogonophryne mentella,NA
YJV,Pogonophryne ventrimaculata,NA
POG,Pogonophryne spp,NA
AZT,Artedidraco mirus,NA
ADK,Artedidraco skottsbergi,NA
ADZ,Artedidraco glareobarbatus,NA
AWN,Artedidraco loennbergi,NA
AWO,Artedidraco orianae,NA
AWS,Artedidraco shackletoni,NA
ART,Artedidraco spp,NA
DLL,Dolloidraco longedorsalis,NA
HIV,Histiodraco velifer,NA
PLF,Artedidraconidae,Barbeled plunderfishes nei
AEM,Aethotaxis mitopteryx,Longfin icedevil
GZV,Gvozdarus svetovidovi,Naked-head toothfish
TOA,Dissostichus mawsoni,Antarctic toothfish
TOP,Dissostichus eleginoides,Patagonian toothfish
TOT,Dissostichus spp,Antarctic toothfishes nei
NOT,Patagonotothen brevicauda,Patagonian rockcod
PAT,Patagonotothen ramsayi,Longtail Southern cod
GTT,Patagonotothen tessellata,NA
GHP,Patagonotothen guntheri,Yellowfin notothen
GTX,Patagonotothen spp,Patagonotothen nei
AKN,Akarotaxis nudiceps,NA
BDN,Bathydraco antarcticus,NA
BDJ,Bathydraco marri,Deep-water dragon
BDH,Bathydraco macrolepis,NA
BFD,Bathydraco scotiae,NA
MDR,Cygnodraco mawsoni,Mawson's dragonfish
GEA,Gerlachea australis,NA
GDR,Gymnodraco acuticeps,Ploughfish
PEV,Prionodraco evansii,NA
PSR,Psilodraco breviceps,NA
DWA,Acanthodraco dewitti,NA
VOI,Vomeridens infuscipinnis,NA
PGE,Parachaenichthys georgianus,NA
PCH,Parachaenichthys charcoti,NA
PWH,Parachaenichthys spp,NA
RGG,Racovitzia glacialis,NA
BQY,Bathydraconidae,Dragonfishes nei
CHW,Chionobathyscus dewitti,NA
FIC,Cryodraco antarcticus,Long-fingered icefish
ICK,Cryodraco atkinsoni,NA
YDB,Cryodraco spp,NA
DAH,Dacodraco hunteri,NA
JIC,Neopagetopsis ionah,Jonah's icefish
PMA,Pagetopsis macropterus,NA
PZS,Pagetopsis maculata,NA
PZK,Pagetopsis spp,NA
SSI,Chaenocephalus aceratus,Blackfin icefish
ANI,Champsocephalus gunnari,Mackerel icefish
CES,Champsocephalus esox,Pike icefish
SGI,Pseudochaenichthys georgianus,South Georgia icefish
KIF,Chionodraco rastrospinosus,Ocellated icefish
TIC,Chionodraco hamatus,NA
MIC,Chionodraco myersi,Myers' icefish
LIC,Channichthys rhinoceratus,Unicorn icefish
WIC,Chaenodraco wilsoni,Spiny icefish
ICX,Channichthyidae,Crocodile icefishes nei
BFC,Brephostoma carpenteri,NA
FLB,Florenciella lugubris,NA
IIC,Microichthys coccoi,NA
OBU,Rosenblattia robusta,NA
FYB,Sphyraenops bairdianus,NA
EPI,Epigonus telescopus,Black cardinal fish
EGD,Epigonus denticulatus,Pencil cardinal
EGC,Epigonus constanciae,NA
EGR,Epigonus robustus,Robust cardinalfish
EGV,Epigonus crassicaudus,NA
CDL,Epigonus spp,Cardinal fishes nei
HGI,Harpagifer bispinis,Magellan plunderfish
HGW,Harpagifer antarcticus,Antarctic spiny plunderfish
HBG,Harpagifer georgianus,S. Georgia spiny plunderfish
HFX,Harpagiferidae,Spiny plunderfishes nei
CAA,Anarhichas lupus,Atlantic wolffish
CAB,Anarhichas denticulatus,Northern wolffish
CAS,Anarhichas minor,Spotted wolffish
CAT,Anarhichas spp,Wolffishes(=Catfishes) nei
NAC,Anarrhichthys ocellatus,Wolf-eel
AKZ,Aiakas zinorum,NA
AVP,Andriashevia aptera,NA
BCF,Bothrocarina microcephala,NA
DJA,Davidijordania abei,NA
DEE,Derepodichthys alepidotus,Cuskpout
DYE,Dieidolycus leptodermatus,NA
EUK,Eucryphycus californicus,Persimmon eelpout
EXD,Exechodontes daidaleus,NA
HDL,Hadropogonichthys lindbergi,NA
LEL,Letholycus magellanicus,NA
LCG,Lycodonus flagellicauda,NA
LCD,Lycodes adolfi,NA
LCT,Lycodes reticulatus,Arctic eelpout
LXK,Lycodes esmarkii,Greater eelpout
JXO,Lycodes vahlii,Checker eelpout
JXP,Lycodes seminudus,NA
JXQ,Lycodes gracilis,Vahl's eelpout
ELZ,Lycodes spp,Eelpouts
LYV,Lycenchelys brevimaxillaris,NA
YCV,Lycenchelys verrillii,Wolf eelpout
LWY,Lycenchelys antarctica,NA
LWB,Lycenchelys bellingshauseni,NA
YVS,Lycenchelys sarsii,Sar's wolf eel
DQL,Lycenchelys hureaui,NA
LZY,Lycenchelys spp,NA
BOL,Bothrocara alalongum,NA
LYK,Lycodapus derjugini,NA
LYZ,Lycodapus antarcticus,NA
LVP,Lycodapus pachysoma,Stout slipskin
LXY,Lycodapus spp,NA
LCJ,Lycogrammoides schmidti,NA
LNA,Lyconema barbatum,Bearded eelpout
LZG,Lycozoarces regani,NA
LCN,Lycodichthys antarcticus,NA
LZB,Lycodichthys dearborni,NA
TZL,Taranetzella lyoderma,Looseskin eelpout
MTC,Melanostigma atlanticum,Atlantic soft pout
MWG,Melanostigma gelatinosum,Limp eelpout
MEL,Melanostigma spp,NA
NBE,Nalbantichthys elongatus,NA
NLS,Notolycodes schmidti,NA
OIB,Oidiphorus brevis,NA
OPG,Opaeophacus acrogeneius,NA
LYA,Ophthalmolycus amberensis,NA
OHF,Ophthalmolycus bothriocephalus,NA
OHZ,Ophthalmolycus spp,NA
PHB,Pachycara brachycephalum,NA
QBG,Pachycara crassiceps,NA
QBH,Pachycara crossacanthum,NA
PWR,Pachycara spp,NA
HUL,Phucocoetes latitans,NA
DUR,Piedrabuenia ringueleti,NA
LSH,Plesienchelys stehmanni,NA
GOE,Pogonolycus elegans,NA
PZG,Puzanovia virgata,NA
EYF,Seleniolycus laevifasciatus,NA
TES,Thermarces cerberus,NA
LVD,Zoarcidae,Eelpouts nei
ZAS,Zaprora silenus,Prowfish
MPY,Champsodon snyderi,NA
NBF,Champsodon capensis,Gaper
MDG,Chiasmodon bolangeri,NA
CVN,Chiasmodon niger,Black swallower
DYK,Dysalotus alcocki,NA
KAI,Kali indica,NA
UDI,Pseudoscopelus altipinnis,NA
FKZ,Chiasmodontidae,Snaketooth fishes nei
UAG,Astroscopus guttatus,Northern stargazer
UGM,Genyagnus monopterygius,Spotted stargazer
UIB,Ichthyscopus barbatus,Fringed stargazer
UKA,Kathetostoma albigutta,Lancer stargazer
STZ,Kathetostoma giganteum,Giant stargazer
NEV,Kathetostoma averruncus,Smooth stargazer
UPD,Pleuroscopus pseudodorsalis,NA
USQ,Selenoscopus turbisquamatus,NA
UXA,Xenocephalus armatus,NA
UUJ,Uranoscopus japonicus,NA
UUC,Uranoscopus scaber,Stargazer
UIZ,Uranoscopus albesca,Longspine stargazer
UJB,Uranoscopus cadenati,West African stargazer
UJC,Uranoscopus polli,Whitespotted stargazer
UCZ,Uranoscopus dollfusi,Dollfus' stargazer
UCY,Uranoscopus guttatus,NA
URA,Uranoscopus spp,Stargazers
VYX,Uranoscopidae,Stargazers nei
TDC,Trichodon trichodon,Pacific sandfish
JAS,Arctoscopus japonicus,Japanese sandfish
SNK,Thyrsites atun,Snoek
WSM,Thyrsitops lepidopoides,White snake mackerel
DLT,Diplospinus multistriatus,Striped escolar
NIM,Neoepinnula americana,American sackfish
SKD,Neoepinnula orientalis,Sackfish
LEC,Lepidocybium flavobrunneum,Escolar
NEN,Nesiarchus nasutus,Black gemfish
OIL,Ruvettus pretiosus,Oilfish
PDG,Paradiplospinus gracilis,Slender escolar
TEZ,Paradiplospinus antarcticus,Antarctic escolar
GEM,Rexea solandri,Silver gemfish
RXA,Rexea antefurcata,Long-finned escolar
RXP,Rexea prometheoides,Royal escolar
RQB,Rexea bengalensis,Bengal escolar
RBJ,Rexea brevilineata,Short-lined escolar
RMW,Rexea nakamurai,Nakamura's escolar
RXX,Rexea spp,NA
RXJ,Rexichthys johnpaxtoni,Paxton's escolar
THM,Thyrsitoides marleyi,Black snoek
EMG,Epinnula magistralis,Domine
TBS,Tongaichthys robustus,Tonga escolar
NLT,Nealotus tripes,Black snake mackerel
PRP,Promethichthys prometheus,Roudi escolar
GES,Gempylus serpens,Snake mackerel
GEP,Gempylidae,"Snake mackerels, escolars nei"
ASZ,Assurger anzac,Razorback scabbardfish
BDL,Benthodesmus elongatus,Elongate frostfish
BDF,Benthodesmus macrophthalmus,Bigeye frostfish
BWN,Benthodesmus tenuis,Slender frostfish
DQZ,Benthodesmus simonyi,North Atlantic frostfish
BEH,Benthodesmus spp,Frostfishes
LHT,Trichiurus lepturus,Largehead hairtail
JSU,Trichiurus auriga,Pearly hairtail
TCW,Trichiurus spp,Hairtails nei
EVP,Evoxymetopon poeyi,Poey's scabbardfish
SFS,Lepidopus caudatus,Silver scabbardfish
SDF,Lepidopus fitchi,Pacific scabbardfish
UEF,Lepidopus dubius,Doubtful scabbardfish
LKP,Lepturacanthus pantului,Coromandel hairtail
SVH,Lepturacanthus savala,Savalai hairtail
BSF,Aphanopus carbo,Black scabbardfish
APH,Aphanopus intermedius,Intermediate scabbardfish
DDJ,Aphanopus microphthalmus,Smalleye scabbardfish
BOX,Aphanopus spp,NA
TKR,Tentoriceps cristatus,Crested hairtail
EGM,Eupleurogrammus muticus,Smallhead hairtail
EWK,Eupleurogrammus glossodon,Longtooth hairtail
CUT,Trichiuridae,"Hairtails, scabbardfishes nei"
DRI,Ariomma indicum,Indian driftfish
IMB,Ariomma bondi,Silver-rag driftfish
DRF,Ariomma melanum,Brown driftfish
DRK,Ariomma spp,Ariommatids nei
CEO,Centrolophus niger,Rudderfish
ICA,Icichthys australis,Southern driftfish
HDT,Schedophilus huttoni,New Zealand ruffe
HDV,Schedophilus ovalis,Imperial blackfish
SEY,Schedophilus velaini,Violet warehou
HDW,Schedophilus pemarco,Pemarco blackfish
HFD,Schedophilus maculatus,Pelagic butterfish
HVU,Schedophilus medusophagus,Cornish blackfish
WHR,Schedophilus haedrichi,Mocosa ruff
SXE,Schedophilus spp,Schedophilus nei
TUT,Tubbia tasmanica,Tasmanian ruffe
SEO,Seriolella porosa,Choicy ruff
SEM,Seriolella brama,Common warehou
SEI,Seriolella violacea,Palm ruff
SEP,Seriolella punctata,Silver warehou
SEU,Seriolella caerulea,White warehou
BSP,Seriolella spp,Warehou nei
BWA,Hyperoglyphe antarctica,Bluenose warehou
HGY,Hyperoglyphe bythites,Black driftfish
HYW,Hyperoglyphe perciformis,Barrelfish
BUP,Psenopsis anomala,Pacific rudderfish
CEN,Centrolophidae,"Ruffs, barrelfishes nei"
ICN,Icosteus aenigmaticus,Ragfish
EDH,Centrodraco acanthopoma,NA
DRN,Draconetta xenica,NA
SXH,Scombrolabrax heterolepis,Longfin escolar
REG,Sebastes norvegicus,Golden redfish
SFV,Sebastes viviparus,Norway redfish
WRO,Sebastes entomelas,Widow rockfish
YRO,Sebastes flavidus,Yellowtail rockfish
SFP,Sebastes serriceps,Treefish
SEQ,Sebastes rosaceus,Rosy rockfish
SED,Sebastes serranoides,Olive rockfish
SFY,Sebastes mystinus,Blue rockfish
OPP,Sebastes alutus,Pacific ocean perch
SBC,Sebastes paucispinis,Bocaccio rockfish
SFW,Sebastes miniatus,Vermilion rockfish
REB,Sebastes mentella,Beaked redfish
REC,Sebastes capensis,Cape redfish
REN,Sebastes fasciatus,Acadian redfish
SPG,Sebastes pinniger,Canary rockfish
SGO,Sebastes goodei,Chilipepper rockfish
SFO,Sebastes constellatus,Starry rockfish
SFT,Sebastes aleutianus,Rougheye rockfish
SFB,Sebastes borealis,Shortraker rockfish
SFJ,Sebastes caurinus,Copper rockfish
SFD,Sebastes diploproa,Splitnose rockfish
SFE,Sebastes elongatus,Greenstriped rockfish
SFQ,Sebastes inermis,NA
SFK,Sebastes jordani,Shortbelly rockfish
SFG,Sebastes maliger,Quillback rockfish
SEJ,Sebastes minor,NA
SFL,Sebastes schlegeli,Korean rockfish
SFZ,Sebastes taczanowskii,NA
SWD,Sebastes reedi,Yellowmouth rockfish
SBY,Sebastes brevispinis,Silvergray rockfish
RMG,Sebastes melanops,Black rockfish
RNV,Sebastes nigrocinctus,Tiger rockfish
RPJ,Sebastes proriger,Redstripe rockfish
RRV,Sebastes ruberrimus,Yelloweye rockfish
RVW,Sebastes wilsoni,Pygmy rockfish
RVC,Sebastes ciliatus,Dusky rockfish
RVT,Sebastes saxicola,Stripetail rockfish
RVU,Sebastes variegatus,Harlequin rockfish
RVP,Sebastes polyspinis,Northern rockfish
RVN,Sebastes nebulosus,China rockfish
RVH,Sebastes helvomaculatus,Rosethorn rockfish
RVB,Sebastes babcocki,Redbanded rockfish
RVR,Sebastes aurora,Aurora rockfish
RVZ,Sebastes zacentrus,Sharpchin rockfish
RVM,Sebastes melanostomus,Blackgill rockfish
RFC,Sebastes crameri,Darkblotched rockfish
REQ,Sebastes oculatus,Patagonian redfish
QYR,Sebastes chlorostictus,Greenspotted rockfish
QYS,Sebastes carnatus,Gopher rockfish
QYT,Sebastes levis,Cowcod
QYV,Sebastes rufus,Bank rockfish
RIQ,Sebastes auriculatus,Brown rockfish
RED,Sebastes spp,Atlantic redfishes nei
BER,Brachypterois serrulata,NA
EBK,Ebosia bleekeri,NA
JEE,Ebosia spp,NA
HST,Hoplosebastes armatus,NA
IKY,Idiastion kyphos,NA
ICG,Iracundus signifer,Decoy scorpionfish
NMA,Neomerinthe amplisquamiceps,NA
BBS,Scorpaena porcus,Black scorpionfish
RSE,Scorpaena scrofa,Red scorpionfish
SBJ,Scorpaena brasiliensis,Barbfish
SGN,Scorpaena grandicornis,Plumed scorpionfish
SGZ,Scorpaena guttata,California scorpionfish
SIQ,Scorpaena histrio,Player scorpionfish
SMW,Scorpaena plumieri,Pacific spotted scorpionfish
SOQ,Scorpaena sonorae,Sonora scorpionfish
SLQ,Scorpaena laevis,Senegalese rockfish
SNQ,Scorpaena notata,Small red scorpionfish
SSW,Scorpaena angolensis,Angola rockfish
EZS,Scorpaena elongata,Slender rockfish
MZS,Scorpaena maderensis,Madeira rockfish
SVV,Scorpaena stephanica,Spotted-fin rockfish
RWF,Scorpaena mystes,Stone scorpionfish
SCS,Scorpaena spp,"Scorpionfishes, rockfishes nei"
PIH,Parapterois heterurus,Blackfoot firefish
PDW,Parascorpaena aurita,NA
BRF,Helicolenus dactylopterus,Blackbelly rosefish
HFR,Helicolenus percoides,Red gurnard perch
IJP,Helicolenus mouchezi,Rosefish
DVM,Helicolenus barathri,NA
ROK,Helicolenus spp,Rosefishes nei
PIS,Pontinus accraensis,Ghanean rockfish
POI,Pontinus kuhlii,Offshore rockfish
PZM,Pontinus macrocephalus,Large-headed scorpionfish
QBK,Pontinus leda,Speckled deepwat. scorpionfish
QKO,Pontinus nigropunctatus,S.Helena deepwat. scorpionfish
ZPS,Pontinus sierra,Speckled scorpionfish
UEO,Pontinus furcirhinus,NA
FZY,Pontinus spp,NA
PFY,Pteroidichthys godfreyi,NA
SOF,Scorpaenodes africanus,NA
SOV,Scorpaenodes parvipinnis,Lowfin scorpionfish
UAY,Scorpaenodes elongatus,African spotted scorpionfish
UBW,Scorpaenodes muciparus,NA
SJC,Scorpaenopsis cacopsis,Jenkin's scorpionfish
SJG,Scorpaenopsis gibbosa,Humpbacked scorpionfish
SJH,Scorpaenopsis cirrhosa,Weedy stingfish
QIZ,Scorpaenopsis barbata,Bearded scorpionfish
QJA,Scorpaenopsis lactomaculata,Whiteblotched scorpionfish
QJB,Scorpaenopsis venosa,Raggy scorpionfish
SJB,Sebastapistes ballieui,Spotfin scorpionfish
SFH,Sebastiscus marmoratus,NA
BZT,Sebastiscus tertius,NA
TOH,Taenianotus triacanthus,Leaf scorpionfish
TSO,Thysanichthys crossotus,NA
PZU,Pterois russelii,Plaintail turkeyfish
PZO,Pterois volitans,Red lionfish
PZT,Pterois antennata,Broadbarred firefish
PZR,Pterois radiata,Radial firefish
PZX,Pterois sphex,Hawaiian turkeyfish
UHQ,Pterois miles,Devil firefish
DDZ,Dendrochirus zebra,Zebra turkeyfish
DDI,Dendrochirus biocellatus,Twospot turkeyfish
DDY,Dendrochirus brachypterus,Shortfin turkeyfish
DDB,Dendrochirus barberi,Hawaiian lionfish
RIH,Rhinopias aphanes,NA
PHW,Phenacoscorpius adenensis,NA
AQL,Adelosebastes latens,NA
HZE,Hozukius emblemarius,NA
SJU,Sebastolobus alascanus,Shortspine thornyhead
SJZ,Sebastolobus altivelis,Longspine thornyhead
SJW,Sebastolobus macrochir,Broadbanded thornyhead
TIA,Trachyscorpia eschmeyeri,Cape scorpionfish
TJX,Trachyscorpia cristulata,Atlantic thornyhead
TZY,Trachyscorpia echinata,Spiny scorpionfish
XTY,Trachyscorpia spp,NA
ERM,Ectreposebastes imus,Midwater scorpionfish
LII,Lioscorpius longiceps,NA
MXR,Maxillicosta raoulensis,NA
NNX,Neosebastes entaxis,Orange-banded scorpionfish
SVG,Setarches guentheri,Channeled rockfish
PBK,Plectrogenium barsukovi,NA
QRF,Neoscorpaena nielseni,NA
SCO,Scorpaenidae,"Scorpionfishes, redfishes nei"
BLY,Bellator brachychir,Shortfin searobin
FHH,Bellator loxias,Barred searobin
GUN,Trigla lyra,Piper gurnard
GUY,Trigla spp,Gurnards nei
KUG,Chelidonichthys kumu,Bluefin gurnard
GUU,Chelidonichthys lucerna,Tub gurnard
GUR,Chelidonichthys cuculus,Red gurnard
CTZ,Chelidonichthys lastoviza,Streaked gurnard
GUC,Chelidonichthys capensis,Cape gurnard
CGY,Chelidonichthys gabonensis,Gabon gurnard
CZS,Chelidonichthys spinosus,Spiny red gurnard
GUM,Chelidonichthys obscurus,Longfin gurnard
KSU,Chelidonichthys queketti,Lesser gurnard
GUI,Chelidonichthys spp,Indo-Pacific gurnards
LDM,Lepidotrigla microptera,NA
LDY,Lepidotrigla brachyoptera,Scaly gurnard
LDN,Lepidotrigla vanessa,Butterfly gurnard
LDR,Lepidotrigla carolae,Carol's gurnard
LEP,Lepidotrigla dieuzeidei,Spiny gurnard
LDV,Lepidotrigla cavillone,Large-scaled gurnard
IBK,Lepidotrigla cadmani,Scalebreast gurnard
IEE,Lepidotrigla bispinosa,Bullhorn gurnard
IEF,Lepidotrigla faurei,Scalybreast gurnard
IJS,Lepidotrigla spp,Large-scaled gurnards nei
PQA,Prionotus alatus,Spiny searobin
PQT,Prionotus punctatus,Bluewing searobin
PQU,Prionotus nudigula,Red searobin
PQP,Prionotus paralatus,Mexican searobin
PQC,Prionotus carolinus,Northern searobin
QWJ,Prionotus albirostris,Whitesnout searobin
QWR,Prionotus birostratus,Two-beaked searobin
QWS,Prionotus ruscarius,Common searobin
QWY,Prionotus stephanophrys,Lumptail searobin
SRA,Prionotus spp,Atlantic searobins
BEG,Pterygotrigla polyommata,Latchet(=Sharpbeak gurnard)
JGU,Pterygotrigla picta,Spotted gurnard
XXZ,Pterygotrigla guezei,NA
GUG,Eutrigla gurnardus,Grey gurnard
GUX,Triglidae,"Gurnards, searobins nei"
ESZ,Erilepis zonifer,Skilfish
SAB,Anoplopoma fimbria,Sablefish
HCP,Hoplichthys acanthopleurus,NA
HBX,Hoplichthys spp,NA
ZSP,Zanclorhynchus spinifer,Antarctic horsefish
PZE,Perryena leucometopon,NA
CGP,Congiopodus peruvianus,NA
AHK,Alertichthys blacki,Alert pigfish
CVP,Cottunculus microps,Polar sculpin
DVQ,Cottunculus thomsonii,Pallid sculpin
DYT,Dasycottus setiger,Spinyhead sculpin
EBV,Ebinania vermiculata,NA
FVG,Ebinania macquariensis,Macquarie blobfish
EYU,Eurymen gyrinus,Smoothcheek sculpin
MGV,Malacocottus gibber,NA
PEF,Psychrolutes macrocephalus,NA
NEG,Neophrynichthys angustus,Pale toadfish
LUM,Cyclopterus lumpus,Lumpfish(=Lumpsucker)
CJB,Cyclopteropsis lindbergi,NA
EUJ,Eumicrotremus derjugini,Leatherfin lumpsucker
EMZ,Eumicrotremus taranetzi,NA
FZA,Eumicrotremus spinosus,Atlantic spiny lumpsucker
LTW,Lethotremus awae,NA
AVN,Aptocyclus ventricosus,Smooth lumpsucker
ZLS,Cyclopteridae,Lumpfishes nei
GGI,Gargariscus prionocephalus,NA
HNJ,Heminodus japonicus,NA
PJC,Peristedion cataphractum,African armoured searobin
PTQ,Peristedion liorhynchus,Armoured gurnard
PQL,Peristedion longispatha,NA
PWB,Peristedion weberi,NA
SRY,Satyrichthys adeni,NA
SSV,Satyrichthys investigatoris,NA
SWC,Satyrichthys welchi,Robust armoured-gurnard
AIO,Acantholiparis opercularis,Spiny snailfish
CAY,Careproctus bathycoetus,NA
CFU,Careproctus furcellus,NA
CJO,Careproctus jordani,NA
CXM,Careproctus melanurus,Blacktail snailfish
CVG,Careproctus georgianus,NA
CZC,Careproctus continentalis,NA
CWQ,Careproctus ampliceps,NA
CVH,Careproctus catherinae,NA
CXW,Careproctus inflexidens,NA
CVR,Careproctus polarsterni,NA
CWL,Careproctus pseudoprofundicola,NA
CWV,Careproctus vladibeckeri,NA
DVU,Careproctus longipinnis,Longfin snailfish
DVV,Careproctus reinhardti,NA
CWS,Careproctus spp,NA
CZY,Crystallichthys cyclospilus,Blotched snailfish
PIV,Edentoliparis terraenovae,NA
LCY,Liparis callyodon,Spotted snailfish
LIH,Liparis coheni,Gulf snailfish
LIF,Liparis fabricii,NA
LIU,Liparis gibbus,Variegated snailfish
LIL,Liparis liparis,Striped seasnail
LIM,Liparis montagui,Montagus seasnail
LIS,Liparis tunicatus,Kelp snailfish
TZK,Liparis tanakae,Tanaka's snailfish
IJU,Liparis spp,Snailfish nei
LIA,Lipariscus nanus,Pygmy snailfish
NCP,Nectoliparis pelagicus,Tadpole snailfish
OSD,Osteodiscus cascadiae,Bigtail snailfish
PPN,Paraliparis antarcticus,NA
PBY,Paraliparis bathybius,NA
PCJ,Paraliparis copei,NA
PLG,Paraliparis gracilis,NA
PIB,Paraliparis meridionalis,NA
PSQ,Paraliparis trilobodon,NA
PXD,Paraliparis tetrapteryx,NA
PVM,Paraliparis meganchus,NA
PVO,Paraliparis devriesi,NA
PZD,Paraliparis andriashevi,NA
PZF,Paraliparis fuscolingua,NA
PZN,Paraliparis macrocephalus,NA
PZQ,Paraliparis rossi,NA
RFD,Paraliparis kerguelensis,NA
PVZ,Paraliparis spp,NA
RNN,Rhinoliparis attenuatus,Slim snailfish
RIR,Rhodichthys regina,NA
ZGL,Genioliparis lindbergi,NA
LPX,Liparidae,Snailfishes nei
ERG,Ereunias grallator,NA
MKA,Marukawichthys ambulator,NA
BMR,Bembradium roseum,NA
BMJ,Bembras japonicus,NA
PBU,Parabembras curtus,NA
BTZ,Bathylutichthys taranetzi,NA
XSX,Scorpaeniformes,"Scorpionfishes, gurnards nei"
FCA,Atrophacanthus japonicus,NA
FXB,Bathyphylax bombifrons,NA
HHK,Halimochirurgus alcocki,NA
HDJ,Hollardia hollardi,Reticulate spikefish
JOE,Johnsonina eriomma,NA
MFP,Macrorhamphosodes platycheilus,Trumpetsnout spikefish
RRE,Parahollardia lineata,Jambeau
TDH,Paratriacanthodes herrei,NA
TDM,Triacanthodes anomalus,NA
TDV,Tydemania navigatoris,Fleshy-lipped spikefish
MON,Lophius piscatorius,Angler(=Monk)
ANK,Lophius budegassa,Blackbellied angler
ANG,Lophius americanus,American angler
MVA,Lophius vaillanti,Shortspine African angler
MVO,Lophius vomerinus,Devil anglerfish
MVJ,Lophius gastrophysus,Blackfin goosefish
MVN,Lophius litulon,Yellow goosefish
MNZ,Lophius spp,Monkfishes nei
LHS,Lophiomus setigerus,Blackmouth angler
LHU,Lophiodes caulinaris,Spottedtail angler
KZZ,Lophiodes kempi,Longspine African angler
IDZ,Lophiodes mutilus,Smooth angler
IVV,Lophiodes insidiator,Natal angler
ANF,Lophiidae,Anglerfishes nei
BTX,Bathychaunax coloratus,NA
CXE,Chaunax abei,NA
IIG,Chaunax pictus,Pink frogmouth
DBA,Dibranchus atlanticus,NA
HLR,Halicmetus reticulatus,NA
HLB,Halieutaea brevicauda,Spiny sea bat
BTF,Halieutaea stellata,Batfish
HLA,Halieutichthys aculeatus,Pancake batfish
HLM,Halieutopsis micropa,NA
HVG,Halieutopsis galatea,NA
MTA,Malthopsis annulifera,NA
OGO,Ogcocephalus corniger,Longnose batfish
OYV,Ogcocephalus nasutus,Shortnose batfish
ZAE,Zalieutes elater,Roundel batfish
CAJ,Caulophryne jordani,NA
MEJ,Melanocetus johnsoni,Humpback anglerfish
MWR,Melanocetus rossi,NA
FWM,Melanocetus murrayi,Murray's abyssal anglerfish
MXN,Melanocetidae,Black seadevils nei
PWE,Phrynichthys wedli,NA
ICS,Diceratias bispinosus,NA
HIE,Himantolophus albinares,NA
DWC,Himantolophus groenlandicus,Atlantic football-fish
JEX,Himantolophus spp,NA
BED,Bertella idiomorpha,NA
OCD,Chaenophryne draco,Smooth dreamer
CXU,Chirophryne xenolophus,NA
DYF,Danaphryne nigrifilis,NA
DPD,Dolopichthys danae,NA
LHA,Lophodolos acanthognathus,Whalehead dreamer
MPR,Microlophichthys microlophus,NA
OON,Oneirodes acanthias,Spiny dreamer
OOV,Oneirodes notius,NA
PVE,Pentherichthys venustus,NA
SHF,Spiniphryne gladisfenae,NA
OKX,Oneirodidae,Dreamers nei
GGN,Gigantactis elsmani,NA
RYO,Rhynchactis leptonema,NA
NEF,Neoceratias spinifer,NA
CTQ,Cryptopsaras couesii,Triplewart seadevil
CBO,Ceratias holboelli,Kroyer's deep-sea angler fish
CEQ,Ceratias tentaculatus,NA
FJM,Ceratiidae,Warty seadevils nei
HPL,Haplophryne mollis,NA
LYT,Linophryne algibarbata,NA
LXD,Linophryne lucifer,Forkbarbel netdevil
FCS,Photocorynus spiniceps,NA
LFB,Lophichthys boschmai,NA
CFP,Centrophryne spinulosa,Horned lantern fish
DPX,Perciformes,Demersal percomorphs nei
HER,Clupea harengus,Atlantic herring
HEP,Clupea pallasii,Pacific herring
CBK,Chirocentrodon bleekerianus,Dogtooth herring
AGC,Amblygaster clupeoides,Bleeker smoothbelly sardinella
AGL,Amblygaster leiogaster,Smoothbelly sardinella
AGS,Amblygaster sirm,Spotted sardinella
SDY,Sardinella brachysoma,Deepbody sardinella
TWA,Sardinella rouxi,Yellowtail sardinella
SAG,Sardinella gibbosa,Goldstripe sardinella
IOS,Sardinella longiceps,Indian oil sardine
SDM,Sardinella melanura,Blacktip sardinella
FRS,Sardinella fimbriata,Fringescale sardinella
SDI,Sardinella sindensis,Sind sardinella
SAA,Sardinella aurita,Round sardinella
SDN,Sardinella neglecta,East African sardinella
SDJ,Sardinella jussieui,Mauritian sardinella
SAE,Sardinella maderensis,Madeiran sardinella
SDB,Sardinella albella,White sardinella
JSS,Sardinella zunasi,Japanese sardinella
SAM,Sardinella lemuru,Bali sardinella
BSR,Sardinella brasiliensis,Brazilian sardinella
FJS,Sardinella fijiense,Fiji sardinella
SIX,Sardinella spp,Sardinellas nei
CHP,Sardinops sagax,Pacific sardine
JNX,Sardinops spp,Pilchards nei
MHS,Brevoortia aurea,Brazilian menhaden
MHP,Brevoortia pectinata,Argentine menhaden
MHA,Brevoortia tyrannus,Atlantic menhaden
MHG,Brevoortia patronus,Gulf menhaden
MHT,Brevoortia smithi,Yellowfin menhaden
MVX,Brevoortia spp,Menhadens nei
RAS,Dussumieria acuta,Rainbow sardine
RAL,Dussumieria elopsoides,Slender rainbow sardine
RWA,Dussumieria spp,Rainbow sardines nei
BOA,Ethmalosa fimbriata,Bonga shad
RRH,Etrumeus teres,Red-eye round herring
WRR,Etrumeus whiteheadi,Whitehead's round herring
HCC,Harengula clupeola,False herring
HCT,Harengula thrissina,Pacific flatiron herring
HCG,Harengula jaguana,Scaled herring
SAS,Harengula spp,Scaled sardines
CJL,Jenkinsia lamprotaenia,Dwarf round herring
CJS,Jenkinsia stolifera,Florida round herring
THP,Opisthonema libertate,Pacific thread herring
THA,Opisthonema oglinum,Atlantic thread herring
OPU,Opisthonema bulleri,Slender thread herring
OPM,Opisthonema medirastre,Middling thread herring
THX,Opisthonema spp,Thread herrings nei
SRH,Spratelloides gracilis,Silver-stripe round herring
SPD,Spratelloides delicatulus,Delicate round herring
LCP,Lile piquitinga,Atlantic piquitinga
LCS,Lile stolifera,Pacific piquitinga
PIL,Sardina pilchardus,European pilchard(=Sardine)
SPR,Sprattus sprattus,European sprat
FAS,Sprattus fuegensis,Falkland sprat
FZT,Sprattus antipodum,New Zealand blueback sprat
MES,Ethmidium maculatum,Pacific menhaden
HES,Herklotsichthys quadrimaculat.,Bluestripe herring
HKD,Herklotsichthys dispilonotus,Blacksaddle herring
HKG,Herklotsichthys gotoi,Goto's herring
HKL,Herklotsichthys lossei,Gulf herring
JBL,Herklotsichthys punctatus,Spotback herring
JJF,Herklotsichthys spilurus,Reunion herring
EST,Escualosa thoracata,White sardine
CKI,Strangomera bentincki,Araucanian herring
RTA,Ramnogaster arcuata,Jenyns's sprat
SRB,Spratellomorpha bianalis,Two-finned round herring
CDM,Dayella malabarica,Day's round herring
CEF,Ehirava fluviatilis,Malabar sprat
HPV,Hyperlophus vittatus,Sandy sprat
CLP,Clupeidae,"Herrings, sardines nei"
ANE,Engraulis encrasicolus,European anchovy
JAN,Engraulis japonicus,Japanese anchovy
ANA,Engraulis anchoita,Argentine anchovy
NPA,Engraulis mordax,Californian anchovy
VET,Engraulis ringens,Anchoveta(=Peruvian anchovy)
ANC,Engraulis capensis,Southern African anchovy
FWD,Engraulis australis,Australian anchovy
ENR,Engraulis spp,Anchovies nei
END,Encrasicholina devisi,Devis' anchovy
ECT,Encrasicholina heteroloba,Shorthead anchovy
STL,Encrasicholina punctifer,Buccaneer anchovy
AVA,Cetengraulis edentulus,Atlantic anchoveta
VEP,Cetengraulis mysticetus,Pacific anchoveta
EAA,Anchoa argentivittata,Regan's anchovy
EAR,Anchoa curta,Short anchovy
EAM,Anchoa marinii,Marini's anchovy
EAC,Anchoa choerostoma,Bermuda anchovy
EAN,Anchoa nasus,Longnose anchovy
EAE,Anchoa eigenmannia,Eigenmann's anchovy
EAI,Anchoa ischana,Slender anchovy
EAJ,Anchoa januaria,Rio anchovy
EAP,Anchoa panamensis,Panama anchovy
ENP,Anchoa hepsetus,Broad-striped anchovy
EAF,Anchoa filifera,Longfinger anchovy
EAO,Anchoa compressa,Deep body anchovy
EAT,Anchoa pectoralis,Bigfin anchovy
EAU,Anchoa cubana,Cuban anchovy
ANB,Anchoa mitchilli,Bay anchovy
EAL,Anchoa lamprotaenia,Big-eye anchovy
EAY,Anchoa lyolepis,Shortfinger anchovy
EAH,Anchoa spinifer,Spicule anchovy
EAQ,Anchoa tricolor,Piquitinga anchovy
EAK,Anchoa trinitatis,Trinidad anchovy
FEA,Anchoa lucida,Bright anchovy
AHC,Anchovia macrolepidota,Bigscale anchovy
AHU,Anchovia clupeoides,Zabaleta anchovy
VCH,Anchovia surinamensis,Surinam anchovy
EVN,Anchoviella cayennensis,Cayenne anchovy
EVE,Anchoviella elongata,Elongate anchovy
EVB,Anchoviella brevirostris,Snubnose anchovy
ECD,Coilia dussumieri,Goldspotted grenadier anchovy
ECM,Coilia macrognathos,Longjaw grenadier anchovy
RAA,Coilia mystus,Osbeck's grenadier anchovy
ESB,Setipinna breviceps,Shorthead hairfin anchovy
ESY,Setipinna taty,Scaly hairfin anchovy
ESR,Stolephorus commersonii,Commerson's anchovy
ESA,Stolephorus baganensis,Bagan anchovy
ESC,Stolephorus chinensis,China anchovy
ESI,Stolephorus indicus,Indian anchovy
ESN,Stolephorus insularis,Hardenberg's anchovy
ESJ,Stolephorus tri,Spined anchovy
ESW,Stolephorus waitei,Spotty-face anchovy
EAD,Stolephorus andhraensis,Andhra anchovy
EBF,Stolephorus brachycephalus,Broadhead anchovy
EGP,Stolephorus carpentariae,Gulf of Carpenteria anchovy
SXV,Stolephorus holodon,Natal anchovy
STO,Stolephorus spp,Stolephorus anchovies nei
EYH,Thryssa hamiltonii,Hamilton's thryssa
EYV,Thryssa vitrirostris,Orangemouth anchovy
EYM,Thryssa malabarica,Malabar thryssa
EYY,Thryssa mystax,Moustached thryssa
EYP,Thryssa purava,Oblique-jaw thryssa
EYB,Thryssa baelama,Baelama anchovy
EYT,Thryssa setirostris,Longjaw thryssa
EYD,Thryssa dussumieri,Dussumier's thryssa
EYE,Thryssa encrasicholoides,False baelama anchovy
EYK,Thryssa kammalensis,Kammal thryssa
EYW,Thryssa whiteheadi,Whitehead's thryssa
EYJ,Thryssa brevicauda,Short-tail thryssa
ANX,Engraulidae,"Anchovies, etc. nei"
DOB,Chirocentrus dorab,Dorab wolf-herring
CNU,Chirocentrus nudus,Whitefin wolf-herring
DOS,Chirocentrus spp,Wolf-herrings nei
QLZ,Opisthonema berlangai,Galapagos thread herring
CLU,Clupeoidei,Clupeoids nei
BON,Sarda sarda,Atlantic bonito
BIP,Sarda orientalis,Striped bonito
BEP,Sarda chiliensis,Eastern Pacific bonito
BAU,Sarda australis,Australian bonito
BZX,Sarda spp,Bonitos nei
BOP,Orcynopsis unicolor,Plain bonito
WAH,Acanthocybium solandri,Wahoo
DOT,Gymnosarda unicolor,Dogtooth tuna
CHY,Scomberomorus sinensis,Chinese seerfish
COM,Scomberomorus commerson,Narrow-barred Spanish mackerel
GUT,Scomberomorus guttatus,Indo-Pacific king mackerel
STS,Scomberomorus lineolatus,Streaked seerfish
KGM,Scomberomorus cavalla,King mackerel
SSM,Scomberomorus maculatus,Atlantic Spanish mackerel
CER,Scomberomorus regalis,Cero
SIE,Scomberomorus sierra,Pacific sierra
QUM,Scomberomorus queenslandicus,Queensland school mackerel
MAW,Scomberomorus tritor,West African Spanish mackerel
NPH,Scomberomorus niphonius,Japanese Spanish mackerel
BBM,Scomberomorus semifasciatus,Broad-barred king mackerel
BRS,Scomberomorus brasiliensis,Serra Spanish mackerel
KOS,Scomberomorus koreanus,Korean seerfish
MOS,Scomberomorus concolor,Monterey Spanish mackerel
PAP,Scomberomorus multiradiatus,Papuan seerfish
KAK,Scomberomorus plurilineatus,Kanadi kingfish
ASM,Scomberomorus munroi,Australian spotted mackerel
KGX,Scomberomorus spp,Seerfishes nei
BUK,Gasterochisma melampus,Butterfly kingfish
LEB,Cybiosarda elegans,Leaping bonito
SHM,Grammatorcynus bicarinatus,Shark mackerel
DBM,Grammatorcynus bilineatus,Double-lined mackerel
FRI,Auxis thazard,Frigate tuna
BLT,Auxis rochei,Bullet tuna
FRZ,"Auxis thazard, A. rochei",Frigate and bullet tunas
LTA,Euthynnus alletteratus,Little tunny(=Atl.black skipj)
BKJ,Euthynnus lineatus,Black skipjack
KAW,Euthynnus affinis,Kawakawa
EHZ,Euthynnus spp,NA
SKJ,Katsuwonus pelamis,Skipjack tuna
BFT,Thunnus thynnus,Atlantic bluefin tuna
PBF,Thunnus orientalis,Pacific bluefin tuna
LOT,Thunnus tonggol,Longtail tuna
BLF,Thunnus atlanticus,Blackfin tuna
ALB,Thunnus alalunga,Albacore
SBF,Thunnus maccoyii,Southern bluefin tuna
YFT,Thunnus albacares,Yellowfin tuna
BET,Thunnus obesus,Bigeye tuna
TUS,Thunnus spp,True tunas nei
SLT,Allothunnus fallai,Slender tuna
TUN,Thunnini,Tunas nei
SFA,Istiophorus platypterus,Indo-Pacific sailfish
SAI,Istiophorus albicans,Atlantic sailfish
BLZ,Makaira mazara,Pacific blue marlin
BUM,Makaira nigricans,Blue marlin
BXQ,Makaira spp,Marlins nei
BLM,Istiompax indica,Black marlin
WHM,Kajikia albida,Atlantic white marlin
MLS,Kajikia audax,Striped marlin
MSP,Tetrapturus belone,Mediterranean spearfish
SSP,Tetrapturus angustirostris,Shortbill spearfish
SPF,Tetrapturus pfluegeri,Longbill spearfish
RSP,Tetrapturus georgii,Roundscale spearfish
WHH,Tetrapturus spp,Spearfishes nei
BIL,Istiophoridae,"Marlins,sailfishes,etc. nei"
SWO,Xiphias gladius,Swordfish
TUX,Scombroidei,Tuna-like fishes nei
CAP,Mallotus villosus,Capelin
GAR,Belone belone,Garfish
BES,Belone spp,NA
PTW,Petalichthys capensis,Cape needlefish
PTA,Platybelone argalus,Keeltail needlefish
BAF,Ablennes hians,Flat needlefish
SZW,Strongylura senegalensis,Senegal needlefish
SGY,Strongylura strongylura,Spottail needlefish
SXY,Strongylura exilis,Californian needlefish
SGR,Strongylura timucu,Timucu
NFA,Strongylura marina,Atlantic needlefish
SYQ,Strongylura leiura,Banded needlefish
RZF,Strongylura incisa,Reef needlefish
RZG,Strongylura scapularis,Shoulderspot needlefish
AND,Tylosurus acus,Agujon needlefish
BTS,Tylosurus crocodilus,Hound needlefish
TBH,Tylosurus choram,Red Sea houndfish
ZEH,Tylosurus pacificus,Pacific agujon needlefish
NED,Tylosurus spp,Needlefishes nei
BEN,Belonidae,"Needlefishes, etc. nei"
SAU,Scomberesox saurus,Atlantic saury
NYS,Scomberesox simulans,Dwarf saury
SAP,Cololabis saira,Pacific saury
SAX,Scomberesocidae,Sauries nei
HCE,Chriodorus atherinoides,Hardhead halfbeak
HDY,Dermogenys brachynotopterus,NA
HHA,Hyporhamphus affinis,Tropical halfbeak
HHG,Hyporhamphus gilli,Choelo halfbeak
HYI,Hyporhamphus ihi,NA
HHR,Hyporhamphus roberti,Slender halfbeak
HHY,Hyporhamphus snyderi,Skipper halfbeak
HHU,Hyporhamphus unifasciatus,Common halfbeak
HBR,Hyporhamphus picarti,African halfbeak
HAJ,Hyporhamphus sajori,Japanese halfbeak
HVR,Hyporhamphus rosae,California halfbeak
HVI,Hyporhamphus intermedius,Asian pencil halfbeak
GZQ,Hyporhamphus limbatus,Congaturi halfbeak
GZP,Hyporhamphus quoyi,Quoy's garfish
GZO,Hyporhamphus sindensis,Sind halfbeak
GZN,Hyporhamphus unicuspis,Simpletooth halfbeak
KXJ,Hyporhamphus australis,Eastern sea garfish
LXV,Hyporhamphus regularis,River garfish
KYZ,Hyporhamphus melanochir,Southern garfish
KXU,Hyporhamphus dussumieri,Dussumier's halfbeak
FDP,Hyporhamphus spp,NA
HHF,Hemiramphus far,Black-barred halfbeak
BAL,Hemiramphus brasiliensis,Ballyhoo halfbeak
HHM,Hemiramphus marginatus,Yellowtip halfbeak
BHA,Hemiramphus balao,Balao halfbeak
GZT,Hemiramphus archipelagicus,Jumping halfbeak
HZR,Hemiramphus saltator,Longfin halfbeak
HAX,Hemiramphus spp,NA
HHC,Hemirhamphodon chrysopunctatus,NA
ERV,Euleptorhamphus viridis,Ribbon halfbeak
EXQ,Euleptorhamphus velox,Flying halfbeak
HMR,Melapedalion breve,NA
HNV,Nomorhamphus ravnaki,NA
HRS,Arrhamphus sclerolepis,NA
HRG,Rhynchorhamphus georgii,Long billed halfbeak
HTK,Tondanichthys kottelati,NA
HZD,Zenarchopterus dispar,NA
JKX,Hemiramphidae,Halfbeaks nei
EXV,Exocoetus volitans,Tropical two-wing flyingfish
EZB,Exocoetus obtusirostris,Oceanic two-wing flyingfish
ECL,Cypselurus oligolepis,Largescale flyingfish
JFL,Cypselurus agoo,Japanese flyingfish
XCS,Cypselurus simus,Short-nosed flyingfish
ECP,Cypselurus poecilopterus,Yellowing flyingfish
FPM,Cypselurus angusticeps,Narrowhead flyingfish
FQD,Cypselurus opisthopus,Black-finned flyingfish
YPX,Cypselurus spp,NA
FOA,Fodiator acutus,Sharpchin flyingfish
PBN,Prognichthys brevipinnis,Shortfin flyingfish
QBA,Prognichthys gibbifrons,Bluntnose flyingfish
PXB,Parexocoetus brachypterus,Sailfin flyingfish
KSW,Parexocoetus mento,African sailfin flyingfish
OXV,Oxyporhamphus convexus,Halfbeak
OXG,Oxyporhamphus micropterus,Atlantic smallwing flyingfish
FFV,Hirundichthys affinis,Fourwing flyingfish
HDR,Hirundichthys rondeletii,Black wing flyingfish
FFZ,Hirundichthys oxycephalus,Bony flyingfish
ECF,Cheilopogon furcatus,Spotfin flyingfish
ECE,Cheilopogon heterurus,Mediterranean flyingfish
ECG,Cheilopogon nigricans,Blacksail flyingfish
ECS,Cheilopogon spilopterus,Manyspotted flyingfish
ECJ,Cheilopogon suttoni,Sutton's flyingfish
EFZ,Cheilopogon cyanopterus,Margined flyingfish
EVZ,Cheilopogon melanurus,Atlantic flyingfish
EWB,Cheilopogon milleri,Guinean flyingfish
EWD,Cheilopogon pinnatibarbatus,Bennett’s flyingfish
EAW,Cheilopogon atrisignis,Glider flyingfish
FKQ,Cheilopogon arcticeps,White-finned flyingfish
FLY,Exocoetidae,Flyingfishes nei
LAG,Lampris guttatus,Opah
LAI,Lampris immaculatus,Southern opah
LAP,Lampris spp,Opahs nei
VMM,Metavelifer multiradiatus,Spinyfin velifer
VVH,Velifer hypselopterus,Sailfin velifer
LEK,Eumecichthys fiski,Unicorn crestfish
LLL,Lophotus lacepede,Crested oarfish
LOP,Lophotus capellei,Unicornfish
DSM,Desmodema polystictum,Polka-dot ribbonfish
TRQ,Trachipterus trachypterus,Mediterranean dealfish
TPA,Trachipterus arcticus,Dealfish
TJZ,Trachipterus jacksonensis,Blackflash ribbonfish
TWK,Trachipterus ishikawae,Slender ribbonfish
TRP,Trachipterus spp,Dealfishes
ZUE,Zu elongatus,Taper-tail ribbonfish
ZUC,Zu cristatus,Scalloped ribbonfish
TRX,Trachipteridae,Ribbonfishes
REL,Regalecus glesne,King of herrings
AGP,Agrostichthys parkeri,Streamer fish
RGR,Gymnetrus russelii,NA
RRG,Regalecidae,Oarfishes nei
LSC,Stylephorus chordatus,Tube-eye
ATI,Ateleopus indicus,NA
IQI,Ateleopus natalensis,Jelly-head fish
AGA,Guentherus altivela,Jellynose
AID,Ijimaia dofleini,NA
AZI,Ijimaia loppei,Loppe's tadpole fish
JQX,Ateleopodidae,Jellynose fishes nei
MEF,Eutaeniophorus festivus,Festive ribbonfish
LME,Mirapinna esau,Hairyfish
LMB,Parataeniophorus brevis,NA
LMX,Ataxolepis apus,NA
LMC,Cetomimoides parri,NA
LRE,Radiicephalus elongatus,Tapertail
GUK,Gulaphallus bikolanus,NA
NSR,Neostethus amaricola,NA
FDK,Phallostethus dunckeri,NA
FCT,Phenacostethus posthon,NA
ALQ,Atherinella argentea,Moon silverside
ODR,Odontesthes regia,Chilean silverside
OWM,Odontesthes smitti,NA
OGW,Odontesthes spp,NA
ATB,Atherina boyeri,Big-scale sand smelt
AHH,Atherina hepsetus,Mediterranean sand smelt
ATP,Atherina presbyter,Sand smelt
ATQ,Atherina breviceps,Cape silverside
AZV,Atherina lopeziana,NA
AVX,Atherina spp,Sand smelts nei
ANQ,Atherinomorus balabacensis,Balabac Island silverside
FCW,Atherinomorus lacunosus,Hardyhead silverside
AON,Atherinops affinis,Topsmelt silverside
AFF,Atherion africanus,Pricklenose silverside
EUI,Eurystole eriarcha,Longfin silverside
CBB,Coleotropis blackburni,Beach silverside
LSS,Leuresthes sardina,Gulf grunion
FOW,Leuresthes tenuis,California grunion
CPK,Colpichthys hubbsi,Delta silverside
MNR,Menidia beryllina,Inland silverside
SSA,Menidia menidia,Atlantic silverside
CFC,Craterocephalus capreoli,Rendahl's hardyhead
MNY,Melaniris pachylepis,Thickscale silverside
MLY,Melanorhinus cyanellus,Blackback silverside
AEW,Atherinosoma wallacei,NA
MMN,Membras analis,Backwaters silverside
SNF,Stenatherina panatela,Panatella silverside
HYO,Hypoatherina barnesi,Barnes' silverside
FQB,Hypoatherina temminckii,Samoan silverside
AFC,Atherinopsis californiensis,Jack silverside
TKI,Teramulus kieneri,Kiener's silverside
FVC,Doboatherina duodecimalis,Tropical silverside
SIL,Atherinidae,Silversides(=Sand smelts) nei
IFL,Iso flosmaris,NA
NCH,Notocheirus hubbsi,NA
KYH,Kalyptatherina helodes,Marine sailfin silverside
PIY,Paratherina cyanea,NA
QUS,Quirichthys stramineus,NA
TEB,Telmatherina abendanoni,NA
TGU,Tominanga aurea,NA
DTE,Dentatherina merceri,Mercer's tusked silverside
TRF,Lactarius lactarius,False trevally
BLU,Pomatomus saltatrix,Bluefish
CBA,Rachycentron canadum,Cobia
LSJ,Alepes djedaba,Shrimp scad
LSN,Alepes melanoptera,Blackfin scad
LSV,Alepes vari,Herring scad
JWY,Alepes kleinii,Razorbelly scad
LVX,Alepes spp,NA
TUM,Atule mate,Yellowtail scad
HOM,Trachurus trachurus,Atlantic horse mackerel
JAA,Trachurus picturatus,Blue jack mackerel
JJM,Trachurus japonicus,Japanese jack mackerel
CJM,Trachurus murphyi,Chilean jack mackerel
PJM,Trachurus symmetricus,Pacific jack mackerel
HMM,Trachurus mediterraneus,Mediterranean horse mackerel
RSC,Trachurus lathami,Rough scad
HMC,Trachurus capensis,Cape horse mackerel
HMZ,Trachurus trecae,Cunene horse mackerel
HMG,Trachurus declivis,Greenback horse mackerel
TUD,Trachurus delagoa,African scad
TUJ,Trachurus indicus,Arabian scad
TUZ,Trachurus novaezelandiae,Yellowtail horse mackerel
JAX,Trachurus spp,Jack and horse mackerels nei
PBD,Pantolabus radiatus,Fringefin trevally
SXC,Pseudocaranx chilensis,Juan Fernandez trevally
SXW,Pseudocaranx wrighti,Skipjack trevally
TRZ,Pseudocaranx dentex,White trevally
WEC,Decapterus punctatus,Round scad
DCK,Decapterus kurroides,Redtail scad
DCC,Decapterus macrosoma,Shortfin scad
DCD,Decapterus muroadsi,Amberstripe scad
RSA,Decapterus maruadsi,Japanese scad
RUS,Decapterus russelli,Indian scad
DCT,Decapterus tabl,Roughear scad
MSD,Decapterus macarellus,Mackerel scad
SDX,Decapterus spp,Scads nei
CXT,Caranx bucculentus,Bluespotted trevally
NXC,Caranx caballus,Green jack
NXN,Caranx caninus,Pacific crevalle jack
NXH,Caranx heberi,Blacktip trevally
NXI,Caranx ignobilis,Giant trevally
NXL,Caranx latus,Horse-eye jack
NXU,Caranx lugubris,Black jack
NXM,Caranx melampygus,Bluefin trevally
NXP,Caranx papuensis,Brassy trevally
NXS,Caranx senegallus,Senegal jack
CXS,Caranx sexfasciatus,Bigeye trevally
NXT,Caranx tille,Tille trevally
RUB,Caranx crysos,Blue runner
CVJ,Caranx hippos,Crevalle jack
CXR,Caranx ruber,Bar jack
VNT,Caranx vinctus,Striped jack
HMY,Caranx rhonchus,False scad
WFF,Caranx fischeri,Longfin crevalle jack
TRE,Caranx spp,"Jacks, crevalles nei"
MOA,Selene setapinnis,Atlantic moonfish
LUK,Selene dorsalis,African moonfish
LNV,Selene brevoortii,Hairfin lookdown
LNW,Selene browni,Caribbean moonfish
LNO,Selene orstedii,Mexican moonfish
LNP,Selene peruviana,Peruvian moonfish
LNM,Selene vomer,Lookdown
NXJ,Selene spp,Carangid moonfishes nei
POO,Trachinotus blochii,Snubnose pompano
POM,Trachinotus carolinus,Florida pompano
POP,Trachinotus ovatus,Pompano
PPL,Trachinotus goodei,Great pompano
TCI,Trachinotus africanus,Southern pompano
TCK,Trachinotus anak,Oyster pompano
TBA,Trachinotus baillonii,Small spotted dart
TCO,Trachinotus botla,Largespotted dart
TCN,Trachinotus cayennensis,Cayenne pompano
TCP,Trachinotus coppingeri,Swallowtail dart
TNF,Trachinotus falcatus,Permit
TOG,Trachinotus goreensis,Longfin pompano
TON,Trachinotus kennedyi,Blackblotch pompano
TOI,Trachinotus marginatus,Plata pompano
TOO,Trachinotus maxillosus,Guinean pompano
TUK,Trachinotus mookalee,Indian pompano
TAP,Trachinotus paitensis,Paloma pompano
TUH,Trachinotus rhodopus,Gafftopsail pompano
TUE,Trachinotus stilbe,Steel pompano
TIE,Trachinotus teraia,Shortfin pompano
POX,Trachinotus spp,Pompanos nei
AMB,Seriola dumerili,Greater amberjack
AMJ,Seriola quinqueradiata,Japanese amberjack
YTC,Seriola lalandi,Yellowtail amberjack
RLR,Seriola carpenteri,Guinean amberjack
RLF,Seriola fasciata,Lesser amberjack
RLH,Seriola hippos,Samson fish
RLN,Seriola peruana,Fortune jack
YTL,Seriola rivoliana,Longfin yellowtail
RLZ,Seriola zonata,Banded rudderfish
AMX,Seriola spp,Amberjacks nei
OLT,Oligoplites altus,Longjaw leatherjacket
OLP,Oligoplites palometa,Maracaibo leatherjacket
OLG,Oligoplites refulgens,Shortjaw leatherjacket
OLS,Oligoplites saliens,Castin leatherjacket
OLI,Oligoplites saurus,Leatherjacket
OXQ,Oligoplites spp,Leatherjackets nei
NAU,Naucrates ductor,Pilotfish
ULU,Ulua aurochs,Silvermouth trevally
ULE,Ulua mentalis,Longrakered trevally
LEE,Lichia amia,Leerfish
ALA,Alectis alexandrina,Alexandria pompano
LIJ,Alectis ciliaris,African pompano
LTD,Alectis indica,Indian threadfish
POB,Parastromateus niger,Black pomfret
TUP,Atropus atropos,Cleftbelly trevally
NGR,Carangoides armatus,Longfin trevally
NGJ,Carangoides bajad,Orangespotted trevally
NGC,Carangoides coeruleopinnatus,Coastal trevally
NGH,Carangoides chrysophrys,Longnose trevally
NGD,Carangoides dinema,Shadow trevally
NGQ,Carangoides equula,Whitefin trevally
CRF,Carangoides ferdau,Blue trevally
NGU,Carangoides fulvoguttatus,Yellowspotted trevally
NGY,Carangoides gymnostethus,Bludger
NGE,Carangoides hedlandensis,Bumpnose trevally
NGM,Carangoides humerosus,Duskyshoulder trevally
NGS,Carangoides malabaricus,Malabar trevally
NGO,Carangoides oblongus,Coachwhip trevally
NGT,Carangoides orthogrammus,Island trevally
NGN,Carangoides otrynter,Threadfin jack
GSP,Carangoides plagiotaenia,Barcheek trevally
GSA,Carangoides praeustus,Brownback trevally
GST,Carangoides talamparoides,Imposter trevally
NBR,Carangoides bartholomaei,Yellow jack
NGX,Carangoides spp,NA
RRU,Elagatis bipinnulata,Rainbow runner
GLT,Gnathanodon speciosus,Golden trevally
HAS,Megalaspis cordyla,Torpedo scad
OBM,Scomberoides commersonnianus,Talang queenfish
OBY,Scomberoides lysan,Doublespotted queenfish
OBT,Scomberoides tala,Barred queenfish
OBJ,Scomberoides tol,Needlescaled queenfish
QUE,Scomberoides spp,Queenfishes
BUA,Chloroscombrus chrysurus,Atlantic bumper
HSO,Chloroscombrus orqueta,Pacific bumper
BUZ,Chloroscombrus spp,Bumpers nei
PAO,Parona signata,Parona leatherjacket
BIS,Selar crumenophthalmus,Bigeye scad
LRO,Selar boops,Oxeye scad
HXM,Hemicaranx amblyrhynchus,Bluntnose jack
HXB,Hemicaranx bicolor,Bicolor jack
HXL,Hemicaranx leucurus,Yellowfin jack
HXZ,Hemicaranx zelotes,Blackfin jack
TRY,Selaroides leptolepis,Yellowstripe scad
RNJ,Seriolina nigrofasciata,Blackbanded trevally
USE,Uraspis secunda,Cottonmouth jack
URU,Uraspis uraspis,Whitemouth jack
UDD,Uraspis helvola,Whitetongue jack
UKK,Uraspis spp,NA
VAD,Campogramma glaycos,Vadigo
CGX,Carangidae,Carangids nei
LYE,Collybus drachme,NA
POA,Brama brama,Atlantic pomfret
BRU,Brama australis,Southern rays bream
BPQ,Brama japonica,Pacific pomfret
IQV,Brama orcini,Bigtooth pomfret
IJO,Brama dussumieri,Lesser bream
BRA,Brama spp,NA
TAL,Taractichthys longipinnis,Big-scale pomfret
TST,Taractichthys steindachneri,Sickle pomfret
DQP,Taractichthys spp,Pomfrets nei
BPB,Pterycombus brama,Atlantic fanfish
BPY,Pterycombus petersii,Prickly fanfish
TEE,Pteraclis aesticola,Pacific fanfish
TVE,Pteraclis velifera,Spotted fanfish
EBR,Eumegistus brevorti,NA
EBS,Eumegistus illustris,Brilliant pomfret
TCR,Taractes rubescens,NA
TAS,Taractes asper,Rough pomfret
BRZ,Bramidae,"Pomfrets, ocean breams nei"
DOL,Coryphaena hippurus,Common dolphinfish
CFW,Coryphaena equiselis,Pompano dolphinfish
DOX,Coryphaenidae,Dolphinfishes nei
EHN,Echeneis naucrates,Live sharksucker
HTL,Phtheirichthys lineatus,Slender suckerfish
REY,Remora brachyptera,Spearfish remora
REO,Remora remora,Shark sucker
REZ,Remora osteochir,Marlin sucker
REM,Remora spp,Shark suckers
RRL,Remorina albescens,White suckerfish
ECN,Echeneidae,"Suckerfishes, remoras nei"
MAS,Scomber japonicus,Pacific chub mackerel
MAC,Scomber scombrus,Atlantic mackerel
MAA,Scomber australasicus,Blue mackerel
VMA,Scomber colias,Atlantic chub mackerel
MAZ,Scomber spp,Scomber mackerels nei
RAB,Rastrelliger brachysoma,Short mackerel
RAG,Rastrelliger kanagurta,Indian mackerel
RAF,Rastrelliger faughni,Island mackerel
RAX,Rastrelliger spp,Indian mackerels nei
MAX,Scombridae,Mackerels nei
DWE,Scombrinae,NA
TGV,Tetragonurus cuvieri,Smalleye squaretail
QJX,Tetragonurus spp,Squaretails nei
BLB,Stromateus fiatola,Blue butterfish
TMB,Stromateus brasiliensis,Southwest Atlantic butterfish
BWB,Stromateus stellatus,Starry butterfish
BQX,Stromateus spp,Butterfishes nei
SIP,Pampus argenteus,Silver pomfret
CPO,Pampus chinensis,Chinese silver pomfret
QML,Pampus cinereus,Grey pomfret
XPO,Pampus spp,Silver pomfrets nei
ERP,Peprilus paru,American harvestfish
BUT,Peprilus triacanthus,Atlantic butterfish
PPO,Peprilus simillimus,Pacific pompano
WPM,Peprilus medius,Pacific harvestfish
YQP,Peprilus snyderi,Salema butterfish
BTG,Peprilus spp,Gulf butterfishes nei
BUX,Stromateidae,"Butterfishes, pomfrets nei"
CBG,Cubiceps gracilis,Driftfish
UBB,Cubiceps baxteri,Black fathead
UBA,Cubiceps caeruleus,Blue fathead
UBP,Cubiceps capensis,Cape fathead
UBO,Cubiceps kotlyari,NA
UBU,Cubiceps pauciradiatus,Bigeye cigarfish
UJI,Cubiceps whiteleggii,Shadow driftfish
CUP,Cubiceps spp,NA
NMG,Nomeus gronovii,Man-of-war fish
NMW,Nomeus spp,NA
PSC,Psenes cyanophrys,Freckled driftfish
VTX,Nomeidae,Driftfishes nei
YRS,Sphyraena sphyraena,European barracuda
YRA,Sphyraena acutipinnis,Sharpfin barracuda
BAC,Sphyraena jello,Pickhandle barracuda
YRB,Sphyraena obtusata,Obtuse barracuda
YRN,Sphyraena pinguis,Red barracuda
YRG,Sphyraena argentea,Pacific barracuda
GBA,Sphyraena barracuda,Great barracuda
YRE,Sphyraena ensis,Mexican barracuda
YRU,Sphyraena guachancho,Guachanche barracuda
YRI,Sphyraena idiastes,Pelican barracuda
YRP,Sphyraena picudilla,Southern sennet
YRH,Sphyraena helleri,Heller's barracuda
YRJ,Sphyraena japonica,NA
YRC,Sphyraena chrysotaenia,Yellowstripe barracuda
BAG,Sphyraena afra,Guinean barracuda
BAB,Sphyraena qenie,Blackfin barracuda
BAN,Sphyraena putnamae,Sawtooth barracuda
BAQ,Sphyraena flavicauda,Yellowtail barracuda
YBS,Sphyraena forsteri,Bigeye barracuda
BVV,Sphyraena viridensis,Yellowmouth barracuda
BAR,Sphyraena spp,Barracudas nei
BAZ,Sphyraenidae,"Barracudas, etc. nei"
RZV,Ranzania laevis,Slender sunfish
MOX,Mola mola,Ocean sunfish
MOP,Mola spp,Sunfish
MRW,Masturus lanceolatus,Sharptail mola
JHX,Molidae,Ocean sunfishes nei
PPX,Perciformes,Pelagic percomorphs nei
HEF,Heterodontus francisci,Horn shark
HEG,Heterodontus galeatus,Crested bullhead shark
HEJ,Heterodontus japonicus,Japanese bullhead shark
HEM,Heterodontus mexicanus,Mexican hornshark
HEK,Heterodontus portusjacksoni,Port Jackson shark
HEQ,Heterodontus quoyi,Galapagos bullhead shark
HEA,Heterodontus ramalheira,Whitespotted bullhead shark
HEZ,Heterodontus zebra,Zebra bullhead shark
HDQ,Heterodontiformes,Bullhead sharks
HXT,Heptranchias perlo,Sharpnose sevengill shark
SBL,Hexanchus griseus,Bluntnose sixgill shark
HXN,Hexanchus nakamurai,Bigeyed sixgill shark
NTC,Notorynchus cepedianus,Broadnose sevengill shark
HXC,Chlamydoselachus anguineus,Frilled shark
HWR,Chlamydoselachus africana,African frilled shark
HXW,Hexanchiformes,Frilled and cow sharks
LMO,Mitsukurina owstoni,Goblin shark
CCT,Carcharias taurus,Sand tiger shark
LOU,Carcharias tricuspidatus,Indian sand tiger
LOO,Odontaspis ferox,Smalltooth sand tiger
ODH,Odontaspis noronhai,Bigeye sand tiger shark
PSK,Pseudocarcharias kamoharai,Crocodile shark
LMP,Megachasma pelagios,Megamouth shark
ALV,Alopias vulpinus,Thresher
PTH,Alopias pelagicus,Pelagic thresher
BTH,Alopias superciliosus,Bigeye thresher
THR,Alopias spp,Thresher sharks nei
BSK,Cetorhinus maximus,Basking shark
WSH,Carcharodon carcharias,Great white shark
SMA,Isurus oxyrinchus,Shortfin mako
LMA,Isurus paucus,Longfin mako
MAK,Isurus spp,Mako sharks
POR,Lamna nasus,Porbeagle
LMD,Lamna ditropis,Salmon shark
MSK,Lamnidae,"Mackerel sharks,porbeagles nei"
LMZ,Lamniformes,Mackerel sharks
RHN,Rhincodon typus,Whale shark
OPC,Cirrhoscyllium expolitum,Barbelthroat carpetshark
OPF,Cirrhoscyllium formosanum,Taiwan saddled carpetshark
OPJ,Cirrhoscyllium japonicum,Saddle carpetshark
OPY,Parascyllium collare,Collared carpetshark
OPE,Parascyllium ferrugineum,Rusty carpetshark
OPV,Parascyllium variolatum,Necklace carpetshark
OBW,Brachaelurus waddi,Blind shark
OBH,Brachaelurus colcloughi,Bluegray carpetshark
ORE,Eucrossorhinus dasypogon,Tasselled wobbegong
ORJ,Orectolobus japonicus,Japanese wobbegong
ORT,Orectolobus maculatus,Spotted wobbegong
ORO,Orectolobus ornatus,Ornate wobbegong
ORV,Orectolobus wardi,Northern wobbegong
ORS,Sutorectus tentaculatus,Cobbler wobbegong
ORF,Hemiscyllium freycineti,Indonesia speckled carpetshark
ORK,Hemiscyllium hallstromi,Papuan epaulette shark
ORN,Hemiscyllium ocellatum,Epaulette shark
ORQ,Hemiscyllium strahani,Hooded carpetshark
ORW,Hemiscyllium trispeculare,Speckled carpetshark
ORA,Chiloscyllium arabicum,Arabian carpetshark
ORP,Chiloscyllium caeruleopunctatum,Bluespotted bambooshark
ORR,Chiloscyllium griseum,Grey bambooshark
ORI,Chiloscyllium indicum,Slender bambooshark
ORH,Chiloscyllium plagiosum,Whitespotted bambooshark
ORB,Chiloscyllium punctatum,Brownbanded bambooshark
KYL,Chiloscyllium burmense,Burmese bambooshark
YYL,Chiloscyllium hasselti,Hasselt's bambooshark
OQX,Chiloscyllium spp,Bamboosharks nei
OSF,Stegostoma tigrinum,Zebra shark
GNC,Ginglymostoma cirratum,Nurse shark
GNG,Ginglymostoma spp,Nurse sharks nei
ORX,Pseudoginglymostoma brevicaudatum,Short-tail nurse shark
ORZ,Nebrius ferrugineus,Tawny nurse shark
OCX,Orectolobiformes,Carpet sharks
CSN,Apristurus brunneus,Brown catshark
CSQ,Apristurus canutus,Hoary catshark
CSG,Apristurus gibbosus,NA
CSW,Apristurus herklotsi,Longfin catshark
APD,Apristurus indicus,Smallbelly catshark
APV,Apristurus investigatoris,Broadnose catshark
CSJ,Apristurus japonicus,Japanese catshark
CSZ,Apristurus kampae,Longnose catshark
APQ,Apristurus laurussonii,Iceland catshark
CSF,Apristurus longicephalus,Longhead catshark
CSX,Apristurus macrorhynchus,Flathead catshark
APM,Apristurus macrostomus,NA
APA,Apristurus manis,Ghost catshark
APX,Apristurus microps,Smalleye catshark
APY,Apristurus micropterygeus,NA
APW,Apristurus nasutus,Largenose catshark
APK,Apristurus parvipinnis,Smallfin catshark
APZ,Apristurus platyrhynchus,Spatulasnout catshark
APP,Apristurus profundorum,Deep-water catshark
CSV,Apristurus riveri,Broadgill catshark
APC,Apristurus saldanha,Saldanha catshark
APJ,Apristurus sibogae,Pale catshark
ASI,Apristurus sinensis,South China catshark
ASO,Apristurus spongiceps,Spongehead catshark
ASE,Apristurus stenseni,Panama ghost catshark
API,Apristurus spp,Deep-water catsharks
ASY,Asymbolus analis,Australian spotted catshark
ASV,Asymbolus vincenti,Gulf catshark
AXM,Asymbolus spp,NA
BZO,Bythaelurus bachi,Bach’s catshark
HAN,Bythaelurus canescens,Dusky catshark
HAO,Bythaelurus dawsoni,New Zealand catshark
HAH,Bythaelurus hispidus,Bristly catshark
HAV,Bythaelurus immaculatus,Spotless catshark
HAG,Bythaelurus lutarius,Mud catshark
BZL,Bythaelurus tenuicephalus,Narrowhead catshark
CPC,Cephalurus cephalus,Lollipop catshark
GAA,Galeus arae,Roughtail catshark
GAB,Galeus boardmani,Australian sawtail catshark
GAE,Galeus eastmani,Gecko catshark
SHO,Galeus melastomus,Blackmouth catshark
GAO,Galeus longirostris,NA
GAM,Galeus murinus,Mouse catshark
GAN,Galeus nipponensis,Broadfin sawtail catshark
GAP,Galeus piperatus,Peppered catshark
GAQ,Galeus polli,African sawtail catshark
GAI,Galeus sauteri,Blacktip sawtail catshark
GAH,Galeus schultzi,Dwarf sawtail catshark
GHA,Galeus atlanticus,Atlantic sawtail catshark
GAU,Galeus spp,Crest-tail catsharks nei
HAA,Halaelurus alcocki,Arabian catshark
HAB,Halaelurus boesemani,Speckled catshark
HAE,Halaelurus buergeri,Blackspotted catshark
HAY,Halaelurus lineatus,Lined catshark
HAK,Halaelurus natalensis,Tiger catshark
HAQ,Halaelurus quagga,Quagga catshark
HPE,Haploblepharus edwardsii,Puffadder shyshark
HPF,Haploblepharus fuscus,Brown shyshark
HPP,Haploblepharus pictus,Dark shyshark
HOP,Holohalaelurus punctatus,African spotted catshark
HOR,Holohalaelurus regani,Izak catshark
PAH,Parmaturus campechiensis,Campeche catshark
PAE,Parmaturus macmillani,McMillan's cat shark
PAV,Parmaturus melanobranchius,Blackgill catshark
PAW,Parmaturus pilosus,Salamander shark
PAY,Parmaturus xaniurus,Filetail catshark
PEU,Pentanchus profundicolus,Onefin catshark
ATM,Atelomycterus macleayi,Australian marbled catshark
ATY,Atelomycterus marmoratus,Coral catshark
AUK,Aulohalaelurus kanakorum,Kanakorum catshark
AUL,Aulohalaelurus labiosus,Australian blackspot catshark
CPF,Cephaloscyllium fasciatum,Reticulated swellshark
CPS,Cephaloscyllium isabella,Draughtsboard shark
CPT,Cephaloscyllium laticeps,Australian swellshark
CPA,Cephaloscyllium silasi,Indian swellshark
CPH,Cephaloscyllium sufflans,Balloon shark
CPB,Cephaloscyllium umbratile,Blotchy swell shark
CPV,Cephaloscyllium ventriosum,Swellshark
POU,Poroderma africanum,Striped catshark
POH,Poroderma pantherinum,Leopard catshark
SHV,Schroederichthys bivius,Narrowmouthed catshark
SHY,Schroederichthys chilensis,Redspotted catshark
SHU,Schroederichthys maculatus,Narrowtail catshark
SHN,Schroederichthys tenuis,Slender catshark
SYC,Scyliorhinus canicula,Small-spotted catshark
SYT,Scyliorhinus stellaris,Nursehound
SYA,Scyliorhinus boa,Boa catshark
SYP,Scyliorhinus capensis,Yellowspotted catshark
SYE,Scyliorhinus cervigoni,West African catshark
SYG,Scyliorhinus garmani,Brownspotted catshark
SYH,Scyliorhinus haeckelii,Freckled catshark
SYU,Scyliorhinus hesperius,Whitesaddled catshark
SYM,Scyliorhinus meadi,Blotched catshark
SYF,Scyliorhinus retifer,Chain catshark
SYZ,Scyliorhinus torazame,Cloudy catshark
SYI,Scyliorhinus torrei,Dwarf catshark
SCL,Scyliorhinus spp,"Catsharks, nursehounds nei"
SYX,Scyliorhinidae,"Catsharks, etc. nei"
CPE,Ctenacis fehlmanni,Harlequin catshark
PEB,Eridacnis barbouri,Cuban ribbontail catshark
PEA,Eridacnis radcliffei,Pygmy ribbontail catshark
PED,Eridacnis sinuans,African ribbontail catshark
CPY,Proscyllium habereri,Graceful catshark
CPG,Gollum attenuatus,Slender smooth-hound
PTM,Pseudotriakis microdon,False catshark
CLL,Leptocharias smithii,Barbeled houndshark
TFM,Furgaleus macki,Whiskery shark
GAG,Galeorhinus galeus,Tope shark
GHW,Galeorhinus spp,NA
TGF,Gogolia filewoodi,Sailback houndshark
THJ,Hemitriakis japanica,Japanese topeshark
THL,Hemitriakis leucoperiptera,Whitefin topeshark
THH,Hypogaleus hyugaensis,Blacktipe tope
TIK,Iago garricki,Longnose houndshark
TIO,Iago omanensis,Bigeye houndshark
CTU,Mustelus antarcticus,Gummy shark
CTN,Mustelus californicus,Grey smooth-hound
CTI,Mustelus canis,Dusky smooth-hound
CTD,Mustelus dorsalis,Sharptooth smooth-hound
CTF,Mustelus fasciatus,Striped smooth-hound
CTE,Mustelus griseus,Spotless smooth-hound
CTK,Mustelus henlei,Brown smooth-hound
CTJ,Mustelus higmani,Smalleye smooth-hound
MTL,Mustelus lenticulatus,Spotted estuary smooth-hound
MUU,Mustelus lunulatus,Sicklefin smooth-hound
MTZ,Mustelus manazo,Starspotted smooth-hound
SDP,Mustelus schmitti,Narrownose smooth-hound
SMD,Mustelus mustelus,Smooth-hound
MTR,Mustelus norrisi,Narrowfin smooth-hound
SDS,Mustelus asterias,Starry smooth-hound
MTE,Mustelus mento,Speckled smooth-hound
MTM,Mustelus mosis,Arabian smooth-hound
MUP,Mustelus palumbes,Whitespotted smooth-hound
MPT,Mustelus punctulatus,Blackspotted smooth-hound
MUW,Mustelus whitneyi,Humpback smooth-hound
SDV,Mustelus spp,Smooth-hounds nei
TSK,Scylliogaleus quecketti,Flapnose houndshark
TTA,Triakis acutipinna,Sharpfin houndshark
LES,Triakis semifasciata,Leopard shark
TTM,Triakis maculata,Spotted houndshark
TTE,Triakis megalopterus,Sharptooth houndshark
TTY,Triakis scyllium,Banded houndshark
TRK,Triakidae,"Houndsharks, smoothhounds nei"
HCM,Chaenogaleus macrostoma,Hooktooth shark
HEE,Hemipristis elongata,Snaggletooth shark
HEH,Hemigaleus microstoma,Sicklefin weasel shark
HEC,Paragaleus leucolomatus,Whitetip weasel shark
HEI,Paragaleus pectoralis,Atlantic weasel shark
HEN,Paragaleus tengi,Straight-tooth weasel shark
IEI,Paragaleus longicaudatus,Slender weasel shark
CCN,Carcharhinus acronotus,Blacknose shark
ALS,Carcharhinus albimarginatus,Silvertip shark
CCA,Carcharhinus altimus,Bignose shark
CCY,Carcharhinus amblyrhynchoides,Graceful shark
AML,Carcharhinus amblyrhynchos,Grey reef shark
CCF,Carcharhinus amboinensis,Pigeye shark
CCX,Carcharhinus borneensis,Borneo shark
BRO,Carcharhinus brachyurus,Copper shark
CCB,Carcharhinus brevipinna,Spinner shark
CCC,Carcharhinus cautus,Nervous shark
CCD,Carcharhinus dussumieri,Whitecheek shark
FAL,Carcharhinus falciformis,Silky shark
CCZ,Carcharhinus fitzroyensis,Creek whaler
CCG,Carcharhinus galapagensis,Galapagos shark
CCK,Carcharhinus hemiodon,Pondicherry shark
CCO,Carcharhinus isodon,Finetooth shark
CCJ,Carcharhinus leiodon,NA
CCE,Carcharhinus leucas,Bull shark
CCL,Carcharhinus limbatus,Blacktip shark
OCS,Carcharhinus longimanus,Oceanic whitetip shark
CCM,Carcharhinus macloti,Hardnose shark
BLR,Carcharhinus melanopterus,Blacktip reef shark
DUS,Carcharhinus obscurus,Dusky shark
CCV,Carcharhinus perezi,Caribbean reef shark
CCP,Carcharhinus plumbeus,Sandbar shark
CCR,Carcharhinus porosus,Smalltail shark
CCI,Carcharhinus sealei,Blackspot shark
CCS,Carcharhinus signatus,Night shark
CCQ,Carcharhinus sorrah,Spottail shark
CCU,Carcharhinus tilstoni,Australian blacktip shark
CWZ,Carcharhinus spp,Carcharhinus sharks nei
CGA,Glyphis gangeticus,Ganges shark
CGG,Glyphis glyphis,Speartooth shark
CIO,Isogomphodon oxyrhynchus,Daggernose shark
LMT,Lamiopsis temmincki,Broadfin shark
CLD,Loxodon macrorhinus,Sliteye shark
CNX,Nasolamia velox,Whitenose shark
NGB,Negaprion brevirostris,Lemon shark
NGA,Negaprion acutidens,Sicklefin lemon shark
BSH,Prionace glauca,Blue shark
RHA,Rhizoprionodon acutus,Milk shark
RHL,Rhizoprionodon lalandii,Brazilian sharpnose shark
RHU,Rhizoprionodon longurio,Pacific sharpnose shark
RHX,Rhizoprionodon oligolinx,Grey sharpnose shark
RHR,Rhizoprionodon porosus,Caribbean sharpnose shark
RHY,Rhizoprionodon taylori,Australian sharpnose shark
RHT,Rhizoprionodon terraenovae,Atlantic sharpnose shark
RHZ,Rhizoprionodon spp,Sharpnose sharks nei
SLA,Scoliodon laticaudus,Spadenose shark
TRB,Triaenodon obesus,Whitetip reef shark
RSK,Carcharhinidae,Requiem sharks nei
TIG,Galeocerdo cuvier,Tiger shark
EUB,Eusphyra blochii,Winghead shark
SSN,Sphyrna corona,Scalloped bonnethead
SPL,Sphyrna lewini,Scalloped hammerhead
SPE,Sphyrna media,Scoophead
SPK,Sphyrna mokarran,Great hammerhead
SPJ,Sphyrna tiburo,Bonnethead
SPQ,Sphyrna tudes,Smalleye hammerhead
SPZ,Sphyrna zygaena,Smooth hammerhead
SPN,Sphyrna spp,Hammerhead sharks nei
SPY,Sphyrnidae,"Hammerhead sharks, etc. nei"
CVX,Carcharhiniformes,Ground sharks
SCK,Dalatias licha,Kitefin shark
EUZ,Euprotomicroides zantedeschia,Taillight shark
EUP,Euprotomicrus bispinatus,Pygmy shark
HYY,Heteroscymnoides marleyi,Longnose pygmy shark
ISB,Isistius brasiliensis,Cookie cutter shark
ISP,Isistius plutodus,Largetooth cookiecutter shark
QUA,Squaliolus aliae,Smalleye pygmy shark
QUL,Squaliolus laticaudus,Spined pygmy shark
ACN,Aculeola nigra,Hooktooth dogfish
CFB,Centroscyllium fabricii,Black dogfish
CYG,Centroscyllium granulatum,Granular dogfish
CYK,Centroscyllium kamoharai,Bareskin dogfish
CYN,Centroscyllium nigrum,Combtooth dogfish
CYT,Centroscyllium ornatum,Ornate dogfish
CYR,Centroscyllium ritteri,Whitefin dogfish
YCX,Centroscyllium spp,Centroscyllium dogfishes nei
EZU,Etmopterus alphus,Whitecheek lanternshark
ETB,Etmopterus bigelowi,Blurred smooth lantern shark
ETH,Etmopterus brachyurus,Shorttail lanternshark
ETU,Etmopterus bullisi,Lined lanternshark
ETE,Etmopterus compagnoi,NA
ETO,Etmopterus decacuspidatus,Combtoothed lanternshark
ETI,Etmopterus gracilispinis,Broadbanded lanternshark
ETM,Etmopterus granulosus,Southern lanternshark(Lucifer)
ETN,Etmopterus hillianus,Carribean lanternshark
ETF,Etmopterus lucifer,Blackbelly lanternshark
ETL,Etmopterus molleri,Mollers lantern shark
ETT,Etmopterus polli,African lanternshark
ETR,Etmopterus princeps,Great lanternshark
ETP,Etmopterus pusillus,Smooth lanternshark
ETZ,Etmopterus schultzi,Fringfin lanternshark
ETQ,Etmopterus sentosus,Thorny lanternshark
ETX,Etmopterus spinax,Velvet belly
ETK,Etmopterus splendidus,Splendid lanternshark
ETJ,Etmopterus unicolor,Brown lanternshark
EZT,Etmopterus viator,Blue-eye lanternshark
ETV,Etmopterus villosus,Hawaiian lanternshark
ETW,Etmopterus virens,Green lanternshark
SHL,Etmopterus spp,Lanternsharks nei
CYO,Centroscymnus coelolepis,Portuguese dogfish
CYW,Centroscymnus owstonii,Roughskin dogfish
CZI,Centroscymnus spp,NA
CYP,Centroselachus crepidater,Longnose velvet dogfish
YSA,Scymnodalatias albicauda,Whitetail dogfish
YSS,Scymnodalatias sherwoodi,Sherwood dogfish
SYR,Scymnodon ringens,Knifetooth dogfish
YSM,Scymnodon macracanthus,Largespine velvet dogfish
QUX,Scymnodon spp,Scymnodon dogfishes nei
RZZ,Somniosus antarcticus,Southern sleeper shark
GSK,Somniosus microcephalus,Greenland shark
SOR,Somniosus rostratus,Little sleeper shark
SON,Somniosus pacificus,Pacific sleeper shark
LXL,Somniosus spp,Sleeper sharks
SSQ,Zameus squamulosus,Velvet dogfish
OXB,Oxynotus bruniensis,Prickly dogfish
OXC,Oxynotus caribbaeus,Caribbean roughshark
OXY,Oxynotus centrina,Angular roughshark
OXZ,Oxynotus japonicus,Japanese roughshark
OXN,Oxynotus paradoxus,Sailfin roughshark
GVA,Centrophorus atromarginatus,Blackfin gulper shark
GUP,Centrophorus granulosus,Gulper shark
CEU,Centrophorus harrissoni,Dumb gulper shark
GVI,Centrophorus isodon,Black gulper shark
CPL,Centrophorus lusitanicus,Lowfin gulper shark
CEM,Centrophorus moluccensis,Smallfin gulper shark
GUQ,Centrophorus squamosus,Leafscale gulper shark
CEE,Centrophorus tessellatus,Mosaic gulper shark
CPU,Centrophorus uyato,Little gulper shark
CWO,Centrophorus spp,Gulper sharks nei
DCA,Deania calceus,Birdbeak dogfish
SDH,Deania hystricosa,Rough longnose dogfish
SDU,Deania profundorum,Arrowhead dogfish
SDQ,Deania quadrispinosa,Longsnout dogfish
DNA,Deania spp,Deania dogfishes nei
CHZ,Cirrhigaleus asper,Roughskin spurdog
CHF,Cirrhigaleus barbifer,Mandarin dogfish
DGS,Squalus acanthias,Picked dogfish
QUB,Squalus blainville,Longnose spurdog
QUC,Squalus cubensis,Cuban dogfish
QUJ,Squalus japonicus,Japanese spurdog
DOP,Squalus megalops,Shortnose spurdog
QUN,Squalus melanurus,Blacktailed spurdog
QUK,Squalus mitsukurii,Shortspine spurdog
QYW,Squalus suckleyi,Spotted spiny dogfish
DGZ,Squalus spp,Dogfishes nei
DGX,Squalidae,Dogfish sharks nei
DGH,"Squalidae, Scyliorhinidae",Dogfishes and hounds nei
SHX,Squaliformes,"Dogfish sharks, etc. nei"
SHB,Echinorhinus brucus,Bramble shark
ECK,Echinorhinus cookei,Prickly shark
PPW,Pliotrema warreni,Sixgill sawshark
PPC,Pristiophorus cirratus,Longnose sawshark
PPJ,Pristiophorus japonicus,Japanese sawshark
PPU,Pristiophorus nudipinnis,Shortnose sawshark
PPH,Pristiophorus schroederi,Bahamas sawshark
PWS,Pristiophorus spp,Sawsharks nei
SUA,Squatina aculeata,Sawback angelshark
SUF,Squatina africana,African angelshark
SUG,Squatina argentina,Argentine angelshark
DMZ,Squatina armata,NA
SUU,Squatina australis,Australian angelshark
SUC,Squatina californica,Pacific angelshark
SUD,Squatina dumeril,Sand devil
SUO,Squatina formosa,Taiwan angleshark
SWV,Squatina guggenheim,Angular angel shark
SUJ,Squatina japonica,Japanese angelshark
SUL,Squatina nebulosa,Clouded angelshark
SZJ,Squatina occulta,Hidden angel shark
SUT,Squatina oculata,Smoothback angelshark
AGN,Squatina squatina,Angelshark
SUE,Squatina tergocellata,Ornate angelshark
SUN,Squatina tergocellatoides,Ocellated angelshark
RNZ,Squatina spp,Angelsharks nei
ASK,Squatinidae,"Angelsharks, sand devils nei"
RAR,Aptychotrema rostrata,Eastern shovelnose ray
RAV,Aptychotrema vincentiana,Western shovelnose ray
RTG,Trygonorrhina dumerilii,Southern fiddler ray
RTF,Trygonorrhina fasciata,Southern fiddler
RBE,Zapteryx brevirostris,Lesser guitarfish
RZE,Zapteryx exasperata,Banded guitarfish
RBA,Acroteriobatus annulatus,NA
RHH,Acroteriobatus blochii,Bluntnose guitarfish
RBS,Acroteriobatus leucospilus,Grayspottted guitarfish
RHO,Acroteriobatus ocellatus,NA
RBW,Acroteriobatus salalah,NA
GUD,Pseudobatos percellens,Chola guitarfish
WGU,Pseudobatos prahli,Gorgona guitarfish
RBU,Pseudobatos leucorhynchus,Whitesnout guitarfish
GUF,Pseudobatos planiceps,Pacific guitarfish
RBL,Pseudobatos glaucostigma,Speckled guitarfish
RBP,Pseudobatos productus,Shovelnose guitarfish
RBK,Pseudobatos horkelii,Brazilian guitarfish
RBT,Pseudobatos lentiginosus,Atlantic guitarfish
GUB,Rhinobatos albomaculatus,Whitespotted guitarfish
RHD,Rhinobatos annandalei,Annandale's guitarfish
RBO,Rhinobatos holcorhynchus,Slender guitarfish
RBN,Rhinobatos hynnicephalus,NA
RBI,Rhinobatos irvinei,NA
RBD,Rhinobatos lionotus,NA
RBF,Rhinobatos punctifer,NA
RBX,Rhinobatos rhinobatos,Common guitarfish
RBZ,Rhinobatos schlegelii,Brown guitarfish
GUZ,Rhinobatos spp,Guitarfishes nei
GTF,Rhinobatidae,"Guitarfishes, etc. nei"
RRY,Rhina ancylostomus,Bowmouth guitarfish
RCA,Rhynchobatus australiae,Whitespotted wedgefish
RYK,Rhynchobatus cooki,Clown wedgefish
RCD,Rhynchobatus djiddensis,Giant guitarfish
RZI,Rhynchobatus immaculatus,Taiwanese wedgefish
RZL,Rhynchobatus laevis,Smoothnose wedgefish
RCL,Rhynchobatus luebberti,African wedgefish
RZP,Rhynchobatus palpebratus,Eyebrow wedgefish
RZR,Rhynchobatus springeri,Broadnose wedgefish
RZN,Rhynchobatus spp,Wedgefishes
RZA,Rhynchorhina mauritaniensis,False shark ray
RBC,Glaucostegus cemiculus,Blackchin guitarfish
RBR,Glaucostegus granulatus,Granulated guitarfish
RBH,Glaucostegus halavi,Halavi ray
RBM,Glaucostegus obtusus,NA
RBV,Glaucostegus thouin,Thouin ray
RBQ,Glaucostegus typus,Giant shovelnose ray
GZL,Glaucostegus spp,Guitarfishes
RPA,Anoxypristis cuspidata,Pointed sawfish
RPC,Pristis clavata,Dwarf sawfish
RPP,Pristis pectinata,Smalltooth sawfish
RPR,Pristis pristis,Common sawfish
RPZ,Pristis zijsron,Longcomb sawfish
SAW,Pristidae,Sawfishes
SRR,Amblyraja georgiana,Antarctic starry skate
RJG,Amblyraja hyperborea,Arctic skate
RJJ,Amblyraja jenseni,Shorttail skate
RJR,Amblyraja radiata,Starry ray
RFA,Amblyraja taaf,Whiteleg skate
JRI,Beringraja binoculata,Big skate
JRZ,Beringraja cortezensis,Cortez' ray
JFR,Beringraja inornata,California ray
JAU,Beringraja pulchra,NA
JAH,Beringraja rhina,Longnose skate
RFT,Beringraja stellulata,Starry skate
BVO,Breviraja colesi,NA
BVS,Breviraja spinosa,NA
JRR,Dactylobatus clarkii,NA
JRU,Dentiraja australis,Sydney skate
JRV,Dentiraja cerva,White-spotted skate
JFM,Dentiraja lemprieri,Thornback skate
JFP,Dentiraja polyommata,Argus skate
RJB,Dipturus batis,Blue skate
JRL,Dipturus bullisi,Bullis skate
JRM,Dipturus campbelli,Blackspot skate
DPV,Dipturus chilensis,Yellownose skate
JFD,Dipturus doutrei,Violet skate
JFI,Dipturus gigas,NA
JFU,Dipturus gudgeri,Greenback skate
DPQ,Dipturus innominatus,New Zealand smooth skate
DRJ,Dipturus intermedius,Flapper skate
JFJ,Dipturus johannisdavisi,NA
RJL,Dipturus laevis,Barndoor skate
JFA,Dipturus lanceorostratus,Rattail skate
JRC,Dipturus macrocauda,NA
JAT,Dipturus nasutus,Rough skate
JAD,Dipturus nidarosiensis,Norwegian skate
JAO,Dipturus olseni,Spreadfin skate
RJO,Dipturus oxyrinchus,Longnosed skate
JAL,Dipturus pullopunctatus,Slime skate
RFS,Dipturus springeri,Roughbelly skate
RFY,Dipturus stenorhynchus,Prow-nose skate
JAB,Dipturus teevani,Prickly brown ray
JAE,Dipturus tengu,NA
RJI,Leucoraja circularis,Sandy ray
JRJ,Leucoraja compagnoi,NA
RJD,Leucoraja erinacea,Little skate
RJF,Leucoraja fullonica,Shagreen ray
JFG,Leucoraja garmani,Freckled skate
JFS,Leucoraja lentiginosa,NA
JFX,Leucoraja leucosticta,NA
JAM,Leucoraja melitensis,Maltese ray
RJN,Leucoraja naevus,Cuckoo ray
RJT,Leucoraja ocellata,Winter skate
JAK,Leucoraja wallacei,Yellowspotted skate
JFT,Malacoraja kreffti,Krefft's ray
RJS,Malacoraja senta,Smooth skate
RJP,Malacoraja spinacidermis,Soft skate
RNA,Neoraja africana,NA
RNS,Neoraja stehmanni,African pygmy skate
BVC,Neoraja caerulea,Blue ray
UKM,Neoraja iberica,Iberian pygmy skate
JRO,Okamejei boesemani,NA
JFH,Okamejei heemstrai,NA
JFO,Okamejei hollandi,NA
JFK,Okamejei kenojei,NA
JFZ,Okamejei meerdervoortii,NA
JFC,Okamejei schmidti,NA
JAW,Orbiraja powelli,NA
JRA,Raja acutispina,NA
JRS,Raja asterias,Mediterranean starry ray
RJH,Raja brachyura,Blonde ray
RJC,Raja clavata,Thornback ray
JFW,Raja herwigi,NA
JFY,Raja maderensis,Madeiran ray
JRF,Raja mauritaniensis,African ray
RJE,Raja microocellata,Small-eyed ray
JAI,Raja miraletus,Brown ray
RJM,Raja montagui,Spotted ray
JRP,Raja pita,NA
JAY,Raja polystigma,Speckled ray
JAR,Raja radula,Rough ray
RFL,Raja straeleni,Spotted skate
RJU,Raja undulata,Undulate ray
SKA,Raja spp,Raja rays nei
JRN,Rajella annandalei,NA
JRE,Rajella barnardi,Bigthorn skate
JRH,Rajella bathyphila,Deep-water ray
JRW,Rajella bigelowi,Bigelow's ray
JRD,Rajella caudaspinosa,Munchskin skate
JRQ,Rajella dissimilis,Ghost skate
JFF,Rajella fuliginea,NA
RJY,Rajella fyllae,Round ray
RJV,Rajella kukujevi,NA
JFV,Rajella leopardus,Leopard skate
RJK,Rajella lintea,Sailray
JAV,Rajella purpuriventralis,NA
RFV,Rajella ravidula,Smoothback skate
JRK,Rostroraja ackleyi,Ocellate skate
RJA,Rostroraja alba,White skate
JRG,Rostroraja cervigoni,Finspot ray
JFE,Rostroraja eglanteria,Clearnose skate
JFQ,Rostroraja equatorialis,Ecuatorial ray
JAF,Rostroraja texana,Roundel skate
JAG,Rostroraja velezi,Velez ray
JAZ,Spiniraja whitleyi,Wedgenose skate
RAJ,Rajidae,Rays and skates nei
BYF,Arctoraja parmifera,Alaska skate
BYK,Arctoraja simoterus,NA
BYX,Arctoraja smirnovi,NA
RAY,Arhynchobatis asperrimus,Longtail skate
JRT,Atlantoraja castelnaui,Spotback skate
JRY,Atlantoraja cyclophora,Eyespot skate
BYY,Bathyraja abyssicola,Deep-sea skate
BYA,Bathyraja aleutica,Aleutian skate
BYV,Bathyraja andriashevi,NA
BZB,Bathyraja brachyurops,Broadnose skate
BYD,Bathyraja diplotaenia,NA
BEA,Bathyraja eatonii,Eaton's skate
BYG,Bathyraja griseocauda,NA
BYH,Bathyraja hesperafricana,NA
BYI,Bathyraja interrupta,Sandpaper skate
BYR,Bathyraja irrasa,Kerguelen sandpaper skate
BYT,Bathyraja isotrachys,NA
BYL,Bathyraja lindbergi,Commander skate
BAM,Bathyraja maccaini,McCain's skate
BZM,Bathyraja macloviana,Patagonian skate
BYM,Bathyraja matsubarai,NA
BYE,Bathyraja meridionalis,Dark-belly skate
BYN,Bathyraja minispinosa,NA
BMU,Bathyraja murrayi,Murray's skate
BYO,Bathyraja notoroensis,NA
BYP,Bathyraja pallida,Pale ray
BYQ,Bathyraja richardsoni,Richardson's ray
BZS,Bathyraja scaphiops,Cuphead skate
BYU,Bathyraja shuntovi,Longnose deep-sea skate
BYZ,Bathyraja smithii,African softnose skate
RJQ,Bathyraja spinicauda,Spinetail ray
BJS,Bathyraja spinosissima,Spiny skate
BJT,Bathyraja trachouros,NA
BJR,Bathyraja trachura,Roughtail skate
BJZ,Bathyraja tzinovskii,NA
BJV,Bathyraja violacea,Okhotsk skate
DWG,Bathyraja tunae,Cristina's skate
BHY,Bathyraja spp,Bathyraja rays nei
PJS,Brochiraja asperula,Smooth deep-sea skate
PJF,Brochiraja spinifera,Prickly deep-sea skate
PJX,Insentiraja laxipella,NA
RNU,Insentiraja subtilispinosa,NA
RIW,Irolita waitii,Southern round skate
MZN,Irolita westraliensis,Western round skate
RNO,Notoraja ochroderma,NA
RNT,Notoraja tobitukai,NA
PJA,Pavoraja alleni,Allens skate
PJN,Pavoraja nitida,Peacock skate
QMB,Psammobatis bergi,Blotched sand skate
QMT,Psammobatis normani,Shortfin sand skate
XMB,Psammobatis spp,Psammobatis sand skates nei
RHK,Rhinoraja kujiensis,Dapple-bellied softnose skate
RHJ,Rhinoraja longicauda,NA
RHE,Rhinoraja odai,NA
RRW,Rioraja agassizi,Rio skate
YAW,Sympterygia acuta,Bignose fanskate
YBQ,Sympterygia bonapartii,Smallnose fanskate
CJA,Cruriraja atlantis,Cuban legskate
CJD,Cruriraja durbanensis,Smoothnose legskate
CJP,Cruriraja parcomaculata,Roughnose legskate
CJY,Cruriraja poeyi,NA
BVA,Fenestraja atripinna,NA
BVU,Fenestraja cubensis,NA
RGS,Fenestraja sibogae,NA
RGA,Gurgesiella atlantica,NA
RAU,Anacanthobatis marmoratus,Spotted legskate
RAH,Indobatis ori,Black legskate
RAM,Schroederobatis americana,NA
RAO,Sinobatis borneensis,NA
RAN,Sinobatis melanosoma,NA
SRX,Rajiformes,"Rays, stingrays, mantas nei"
RZS,Zanobatus schoenleinii,NA
HHB,Hexatrygon bickelli,Sixgill stingray
HHL,Hexatrygon longirostra,NA
RDR,Bathytoshia brevicaudata,Short-tail stingray
RDC,Bathytoshia centroura,Roughtail stingray
RDT,Bathytoshia lata,NA
DHM,Brevitrygon imbricata,Scaly whipray
DHW,Brevitrygon walga,Dwarf whipray
RDH,Dasyatis chrysonota,NA
RDQ,Dasyatis marmorata,NA
JDP,Dasyatis pastinaca,Common stingray
JDO,Dasyatis tortonesei,Tortonese's stingray
STI,Dasyatis spp,Stingrays nei
DHX,Fluvitrygon oxyrhynchus,Marbled whipray
DHS,Fluvitrygon signifer,White-rimmed stingray
RDG,Fontitrygon garouaensis,NA
RDJ,Fontitrygon geijskesi,Sharpsnout stingray
RDS,Fontitrygon margarita,Daisy stingray
RDE,Fontitrygon margaritella,NA
RDW,Fontitrygon ukpam,NA
WST,Hemitrygon akajei,Whip stingray
RDB,Hemitrygon bennettii,Bennett's stingray
RDF,Hemitrygon fluviorum,Estuary stingray
RDO,Hemitrygon laosensis,Mekong stingray
DHR,Himantura granulatus,Mangrove whipray
DKL,Himantura leoparda,NA
DHN,Himantura marginata,Blackedge whipray
DHV,Himantura uarnak,Honeycomb stingray
DHL,Himantura undulata,Leopard whipray
FHJ,Hypanus americanus,Southern stingray
KHD,Hypanus dipterurus,Diamond stingray
RDU,Hypanus guttatus,Longnose stingray
KHL,Hypanus longus,Longtail stingray
JDR,Hypanus rudis,NA
JDS,Hypanus sabinus,Atlantic stingray
JDY,Hypanus say,Bluntnose stingray
FHP,Hypanus spp,NA
DHG,Maculabatis gerrardi,Sharpnose stingray
DHT,Maculabatis toshi,Black-spotted whipray
RDP,Megatrygon microps,Smalleye stingray
RDN,Neotrygon annotata,Plain maskray
RDK,Neotrygon kuhlii,Blue-spotted stingray
RDY,Neotrygon leylandi,Painted maskray
DYP,Pastinachus sephen,Cowtail stingray
DHB,Pateobatis bleekeri,Bleeker's whipray
DHF,Pateobatis fai,Pink whipray
DHJ,Pateobatis jenkinsii,Jenkins whipray
PLS,Pteroplatytrygon violacea,Pelagic stingray
RTY,Taeniura lymma,Ribbontail stingray
RTB,Taeniurops grabatus,Round stingray
RTE,Taeniurops meyeni,Round ribbontail ray
RDZ,Telatrygon zugei,Pale-edged stingray
RUA,Urogymnus asperrimus,Porcupine ray
DHC,Urogymnus polylepis,Freshwater whipray
STT,Dasyatidae,"Stingrays, butterfly rays nei"
PPT,Potamotrygon constellata,NA
PPY,Potamotrygon hystrix,NA
PPM,Potamotrygon magdalenae,NA
PPR,Potamotrygon motoro,South Am. freshwater stingray
PPI,Potamotrygon scobina,NA
PPP,Potamotrygon yepezi,NA
QVV,Potamotrygon falkneri,Reticulated freshwater stingray
QEX,Potamotrygon spp,S.Am. freshwater stingrays nei
DHP,Styracura pacifica,Pacific chupare
DHH,Styracura schmardae,Chupare stingray
RUH,Urobatis halleri,Haller's round ray
JUA,Urotrygon aspidura,Spiny-tail round ray
JUC,Urotrygon chilensis,Chilean round ray
JUM,Urotrygon microphthalmum,NA
JUU,Urotrygon munda,Munda round ray
JUN,Urotrygon nana,Dwarf round ray
JUR,Urotrygon reticulata,Reticulate round ray
JUO,Urotrygon rogersi,Rogers' round ray
JUS,Urotrygon simulatrix,Fake round ray
RGL,Gymnura altavela,Spiny butterfly ray
RGU,Gymnura australis,Australian butterfly ray
RGC,Gymnura crebripunctata,Longsnout butterfly ray
RGJ,Gymnura japonica,Japanese butterflyray
RGM,Gymnura marmorata,California butterfly ray
RGI,Gymnura micrura,Smooth butterfly ray
RGP,Gymnura poecilura,Long-tailed butterfly ray
RGT,Gymnura tentaculata,Tentacled butterfly ray
RGZ,Gymnura zonura,Zonetail butterfly ray
QPI,Gymnura natalensis,NA
RBY,Gymnura spp,Butterfly rays nei
RPD,Plesiobatis daviesi,Deep-water stingray
RUR,Spinilophus armatus,NA
RTU,Trygonoptera mucosa,Western shovelnose stingaree
RTO,Trygonoptera ovalis,Striped stingaree
RTP,Trygonoptera personata,Masked stingaree
RUY,Trygonoptera testacea,Common stingaree
RUU,Urolophus aurantiacus,NA
RUC,Urolophus bucculentus,Sandyback stingaree
RUI,Urolophus circularis,Circular stingaree
RUO,Urolophus concentricus,Spot-on-spot round ray
RUT,Urolophus cruciatus,Crossback stingaree
RUE,Urolophus expansus,Wide stingaree
RUV,Urolophus flavomosaicus,Patchwork stingaree
RUG,Urolophus gigas,Spotted stingaree
RUJ,Urolophus jamaicensis,Yellow stingray
RTJ,Urolophus javanicus,NA
RTK,Urolophus kaianus,NA
RUL,Urolophus lobatus,Lobed stingaree
RUM,Urolophus maculatus,Spotted round ray
RUK,Urolophus mitosis,Mitotic stingaree
RUQ,Urolophus orarius,Coastal stingaree
RUP,Urolophus paucimaculatus,Sparsely-spotted stingaree
RUX,Urolophus sufflavus,Yellowback stingaree
RUZ,Urolophus viridis,Greenback stingaree
RUW,Urolophus westraliensis,Brown stingaree
RVX,Urolophus spp,NA
MAF,Aetobatus flagellum,Longheaded eagle ray
MAE,Aetobatus narinari,Spotted eagle ray
MAO,Aetobatus ocellatus,Ocellated eagle ray
AQX,Aetobatus spp,NA
MPA,Aetomylaeus asperrimus,Rough eagle ray
MPO,Aetomylaeus bovinus,Bull ray
RYM,Aetomylaeus maculatus,Mottled eagle ray
RYV,Aetomylaeus milvus,NA
RYH,Aetomylaeus nichofii,Banded eagle ray
RYE,Aetomylaeus vespertilio,Ornate eagle ray
RJX,Aetomylaeus spp,NA
MYL,Myliobatis aquila,Common eagle ray
MYF,Myliobatis californica,Bat eagle ray
MYH,Myliobatis chilensis,NA
MYM,Myliobatis freminvillei,Bullnose eagle ray
MYO,Myliobatis goodei,Southern eagle ray
MYY,Myliobatis hamlyni,Purple eagle ray
MYT,Myliobatis longirostris,Snouted eagle ray
MYD,Myliobatis tenuicaudatus,Eagle ray
MYJ,Myliobatis tobijei,Japanese eagle ray
MWX,Myliobatis spp,NA
EAG,Myliobatidae,Eagle rays nei
MRB,Rhinoptera bonasus,Cownose ray
MRR,Rhinoptera brasiliensis,Ticon cownose ray
MRJ,Rhinoptera javanica,Flapnose ray
MRY,Rhinoptera jayakari,Oman cownose ray
MRM,Rhinoptera marginata,Lusitanian cownose ray
MRN,Rhinoptera neglecta,Australian cownose ray
MRS,Rhinoptera steindachneri,Pacific cownose ray
NZX,Rhinoptera spp,NA
RMA,Mobula alfredi,NA
RMB,Mobula birostris,Giant manta
RME,Mobula eregoodoo,Longhorned mobula
RMH,Mobula hypostoma,Lesser devil ray
RMK,Mobula kuhlii,Shortfin devil ray
RMM,Mobula mobular,Devil fish
RMU,Mobula munkiana,Munk's devil ray
RMN,Mobula rochebrunei,Lesser Guinean devil ray
RMT,Mobula tarapacana,Chilean devil ray
RMO,Mobula thurstoni,Smoothtail mobula
RMV,Mobula spp,"Mantas, devil rays, etc. nei"
MAN,Mobulidae,"Mantas, devil rays nei"
RPS,Platyrhina sinensis,NA
RPT,Platyrhinoidis triseriata,Thornback guitarfish
TNC,Crassinarke dormitor,NA
TNH,Heteronarce garmani,Natal electric ray
TNM,Heteronarce mollis,NA
TNK,Narke capensis,Onefin electric ray
TNG,Narke dipterygia,Numbray
TNJ,Narke japonica,NA
NTH,Temera hardwickii,NA
NTY,Typhlonarke aysoni,Blind electric ray
NTT,Typhlonarke tarakea,Oval electric ray
TNB,Benthobatis marcida,Blind torpedo
TND,Diplobatis ommata,Ocellated electric ray
TNP,Diplobatis picta,NA
TNY,Discopyge tschudii,NA
TNA,Narcine brasiliensis,Brazilian electric ray
TNR,Narcine brevilabiata,NA
TNU,Narcine brunnea,Brown numbfish
TNE,Narcine entemedor,Giant electric ray
TNI,Narcine indica,NA
TNL,Narcine lingula,NA
TNO,Narcine prodorsalis,NA
TNN,Narcine rierai,Slender electric ray
TNQ,Narcine timlei,Spotted numbfish
TNV,Narcine vermiculata,Vermiculate electric ray
TZB,Narcine bancroftii,Bancroft's numbfish
TNT,Narcinops tasmaniensis,Tasmanian numbfish
TNW,Narcinops westraliensis,Banded numbfish
TTP,Hypnos monopterygium,Australian numbfish
TTB,Torpedo bauchotae,Rosette torpedo
TTF,Torpedo fairchildi,New Zealand torpedo
TTU,Torpedo fuscomaculata,Black-spotted torpedo
TTN,Torpedo mackayana,Ringed torpedo
TTI,Torpedo macneilli,Shorttail torpedo
TTR,Torpedo marmorata,Marbled electric ray
TTT,Torpedo panthera,Panther electric ray
TTD,Torpedo peruana,Peruvian torpedo
TTJ,Torpedo sinuspersici,Variable torpedo ray
TTV,Torpedo torpedo,Common torpedo
TTW,Torpedo tremens,Chilean torpedo
TOE,Torpedo spp,Torpedo rays
TTO,Tetronarce nobiliana,Electric ray
TTC,Tetronarce californica,Pacific electric ray
TTQ,Tetronarce tokionis,Trapezoid torpedo
TZP,Tetronarce puelcha,Argentine torpedo
TOD,Torpedinidae,Electric rays nei
TOF,Torpediniformes,"Electric rays, etc. nei"
CHB,Callorhinchus milii,Ghost shark
CHJ,Callorhinchus callorynchus,Plownose chimaera
CHM,Callorhinchus capensis,Cape elephantfish
CAH,Callorhinchidae,"Elephantfishes, etc. nei"
CMO,Chimaera monstrosa,Rabbit fish
CMH,Chimaera phantasma,Silver chimaera
CMS,Chimaera jordani,NA
CMW,Chimaera owstoni,NA
CMU,Chimaera cubana,NA
DDR,Chimaera notafricana,Cape chimaera
WCH,Chimaera opalescens,Opal chimaera
ZZC,Chimaera buccanigella,Dark-mouth chimaera
ZZD,Chimaera didierae,Falkor chimaera
ZZE,Chimaera willwatchi,Seafarer’s ghost shark
CWM,Chimaera spp,NA
RAT,Hydrolagus colliei,Spotted ratfish
CYA,Hydrolagus affinis,Smalleyed rabbitfish
CYF,Hydrolagus africanus,African chimaera
CYL,Hydrolagus alberti,NA
CYB,Hydrolagus barbouri,NA
CYD,Hydrolagus deani,Philippine chimaera
CYI,Hydrolagus eidolon,NA
CYS,Hydrolagus lemures,Blackfin ghostshark
CYH,Hydrolagus mirabilis,Large-eyed rabbitfish
CYX,Hydrolagus mitsukurii,NA
CYV,Hydrolagus novaezealandiae,Dark ghost shark
CYJ,Hydrolagus ogilbyi,NA
CYZ,Hydrolagus pallidus,NA
CHV,Hydrolagus purpurescens,Purple chimaera
FFH,Hydrolagus melanophasma,E.Pacific black goastshark
KXA,Hydrolagus lusitanicus,NA
HYD,Hydrolagus spp,Ratfishes nei
RCT,Rhinochimaera atlantica,Straightnose rabbitfish
RCP,Rhinochimaera pacifica,Pacific spookfish
RFI,Rhinochimaera africana,Paddlenose chimaera
RHC,Rhinochimaera spp,Knife-nosed chimaeras nei
HCH,Harriotta haeckeli,Smallspine spookfish
HCR,Harriotta raleighana,Pacific longnose chimaera
HAR,Harriotta spp,Longnose chimaeras
CNN,Neoharriotta pinnata,Sicklefin chimaera
HOL,Chimaeriformes,"Chimaeras, etc. nei"
BAI,Batoidimorpha (Hypotremata),Batoid fishes nei
SKH,Selachimorpha (Pleurotremata),Various sharks nei
SKX,Elasmobranchii,"Sharks, rays, skates, etc. nei"
CAR,Chondrichthyes,Cartilaginous fishes nei
DWS,Elasmobranchii,Deep-water sharks nei
GRO,Actinopterygii,Groundfishes nei
PEL,Actinopterygii,Pelagic fishes nei
FIN,Actinopterygii,Finfishes nei
MZZ,Actinopterygii,Marine fishes nei
DFJ,Daphnia jollyi,NA
DFO,Daphnia occidentalis,NA
DFN,Daphnia nivalis,NA
DFL,Daphnia lumholtzi,NA
DFS,Daphnia similis,NA
DFC,Daphnia cephalata,NA
DFA,Daphnia carinata,NA
DFP,Daphnia pusilla,NA
DFG,Daphnia quadrangulus,NA
DFU,Daphnia australis,NA
DFH,Daphnia chilensis,NA
DFE,Daphnia ephemeralis,NA
DFI,Daphnia similoides,NA
DFM,Daphnia mediterranea,NA
DFK,Daphnia hispanica,NA
DFQ,Daphnia queenslandensis,NA
DFV,Daphnia curvirostris,NA
DFB,Daphnia brooksi,NA
DFT,Daphnia cristata,NA
DFR,Daphnia gessneri,NA
DNR,Daphnia retrocurva,NA
DND,Daphnia deserti,NA
DNV,Daphnia parvula,NA
DNW,Daphnia catawba,NA
DNU,Daphnia dubia,NA
DNM,Daphnia magna,NA
DNX,Daphnia pulex,NA
DNO,Daphnia longispina,NA
DNG,Daphnia galeata,NA
DNF,Daphniidae,Water fleas
FPB,Podon spp,NA
GBH,Atya gabonensis,Gabon shrimp
YAJ,Atya innocous,Basket shrimp
TYW,Atya pilipes,Koros shrimp
YAC,Atya scabra,Camacuto shrimp
TYV,Atya spinipes,Soldier brush shrimp
YAU,Atya sulcatipes,Ekusa shrimp
YSU,Atyopsis moluccensis,Moluccas brush shrimp
RKV,Caridina laevis,Smooth caridina
RKP,Caridina propinqua,Bengal caridina
CID,Caridina denticulata,Sawtooth caridina
RKI,Caridina africana,African caridina
RKE,Caridina edulis,Malagasy caridina
RKR,Caridina gracilirostris,Needlenose caridina
RKN,Caridina nilotica,Common caridina
RKK,Caridina tonkinensis,Tonkin caridina
RKW,Caridina weberi,Pugnose caridina
ZGF,Caridina cantonensis,Bee shrimp
CZX,Caridina spp,Caridina shrimps nei
YKO,Paratya compressa,Nuka shrimp
XPA,Exopalaemon annandalei,Cipango prawn
EXC,Exopalaemon carinicauda,Ridgetail prawn
EXN,Exopalaemon mani,Mamtom prawn
EXO,Exopalaemon modestus,Siberian prawn
EXT,Exopalaemon orientalis,Oriental prawn
EXY,Exopalaemon styliferus,Roshna prawn
EXU,Exopalaemon vietnamicus,Vietnamese crest prawn
UFU,Leptocarpus fluminicola,Ganges delta prawn
UPO,Leptocarpus potamiscus,Bombay prawn
LKK,Palaemonetes kadiakensis,Mississippi grass shrimp
MPQ,Palaemonetes paludosus,Eastern grass shrimp
MSZ,Palaemonetes sinensis,Chinese grass shrimp
TKZ,Palaemonetes tonkinensis,Tonkin grass shrimp
LMQ,Palaemonetes antennarius,Pond shrimp
PZY,Palaemonetes zariquieyi,Ebro shrimp
LNQ,Leandrites indicus,Indian small prawn
PMW,Palaemon paucidens,Lake prawn
MBK,Macrobrachium carcinus,Painted river prawn
MNX,Macrobrachium nipponense,Oriental river prawn
MMZ,Macrobrachium mirabile,Shortleg river prawn
MKK,Macrobrachium lanchesteri,Riceland prawn
PRF,Macrobrachium rosenbergii,Giant river prawn
MBA,Macrobrachium amazonicum,Amazonian river prawn
MBM,Macrobrachium malcolmsonii,Monsoon river prawn
HUK,Macrobrachium acanthurus,Cinnamon river prawn
HJE,Macrobrachium aemulum,Noumea river prawn
HJM,Macrobrachium americanum,Cauque river prawn
HJT,Macrobrachium australe,Koua river prawn
HJI,Macrobrachium birmanicum,Birma river prawn
HJL,Macrobrachium caledonicum,New Caledonia river prawn
HJR,Macrobrachium choprai,Ganges river prawn
HJY,Macrobrachium dayanum,Kaira river prawn
HDX,Macrobrachium dux,Congo river prawn
HQU,Macrobrachium equidens,Rough river prawn
HJN,Macrobrachium esculentum,Sweet river prawn
HFO,Macrobrachium formosense,Crane river prawn
HJG,Macrobrachium geron,Greybeard river prawn
HGJ,Macrobrachium grandimanus,Hawaii river prawn
HHQ,Macrobrachium heterochirus,Cascade river prawn
HJJ,Macrobrachium idae,Orana river prawn
HDK,Macrobrachium idella,Slender river prawn
BKI,Macrobrachium intermedium,Striped river prawn
BKA,Macrobrachium jaroense,Jaro river prawn
BKV,Macrobrachium javanicum,Java river prawn
BKK,Macrobrachium jelskii,Agar river prawn
BKL,Macrobrachium lamarrei,Kuncho river prawn
BKN,Macrobrachium lanceifrons,Philippine river prawn
BKR,Macrobrachium lar,Monkey river prawn
BKT,Macrobrachium latidactylus,Scissor river prawn
BKS,Macrobrachium latimanus,Mountain river prawn
BKE,Macrobrachium lepidactyloides,Malayam scale prawn
BKY,Macrobrachium lepidactylus,Madagascar scale prawn
BKB,Macrobrachium macrobrachion,Brackish river prawn
BKD,Macrobrachium mammilodactylus,Knobtooth prawn
BKH,Macrobrachium ohione,Ohio river prawn
BKF,Macrobrachium olfersii,Buchura river prawn
BKQ,Macrobrachium patsa,Patsa river prawn
BJP,Macrobrachium pilimanus,Muff prawn
BJD,Macrobrachium raridens,Volta river prawn
BJE,Macrobrachium rude,Hairy river prawn
BJM,Macrobrachium scabriculum,Goda river prawn
BJG,Macrobrachium sintangense,Sunda river prawn
BJL,Macrobrachium tenellum,Longarm river prawn
BJJ,Macrobrachium trompii,Forest river prawn
BJY,Macrobrachium villosimanus,Dimua river prawn
BJH,Macrobrachium vollenhovenii,African river prawn
BKO,Macrobrachium hancocki,Hancock's river prawn
BIK,Macrobrachium occidentale,Western river prawn
RQD,Macrobrachium rathbunae,Shortfinger river shrimp
BJQ,Macrobrachium surinamicum,Suriname river prawn
ZGU,Macrobrachium assamense,NA
PPF,Macrobrachium spp,River prawns nei
YFN,Cryphiops caementarius,Changallo shrimp
PPZ,Palaemonidae,"Freshwater prawns, shrimps nei"
CRD,Astacus leptodactylus,Danube crayfish
AAS,Astacus astacus,Noble crayfish
AKC,Astacus pachypus,NA
PCL,Pacifastacus leniusculus,Signal crayfish
FTQ,Pacifastacus fortis,Shasta crayfish
FSG,Pacifastacus nigrescens,Sooty crayfish
AUP,Austropotamobius pallipes,White-clawed crayfish
UTT,Austropotamobius torrentium,Stone crayfish
EWA,Astacidae,European crayfishes nei
RCW,Procambarus clarkii,Red swamp crawfish
PCC,Procambarus acutus,White crawfish
RQA,Procambarus alleni,Florida crayfish
RKT,Procambarus bivitattus,Ribbon crayfish
RKX,Procambarus fallax,NA
RKY,Procambarus hayi,NA
RKH,Procambarus hirsutus,NA
RKO,Procambarus troglogytes,NA
OBQ,Procambarus spp,Procambarus crayfishes nei
OKI,Orconectes immunis,Calico crayfish
ORL,Orconectes limosus,Spinycheek crayfish
OKN,Orconectes nais,NA
OKR,Orconectes rusticus,Rusty crayfish
OKV,Orconectes virilis,Virile crayfish
OKO,Orconectes propinquus,Northern clearwater crayfish
BQC,Barbicambarus cornutus,Bottlebrush crayfish
EBC,Cambarellus blacki,Cypress crayfish
ZFQ,Cambarellus (Cambarellus) patzcuarensis,Mexican dwarf crayfish
MBO,Cambarus bartonii,Appalachian brook grayfish
DCS,Distocambarus carlsoni,Mimic crayfish
FCB,Fallicambarus byersi,Lavender burrowing crayfish
FXL,Faxonella clypeata,Ditch fencing crayfish
HBT,Hobbseus attenuatus,Pearl riverlet crayfish
TBM,Troglocambarus maclanei,Spider cave crayfish
ACZ,Cambaridae,American crayfishes nei
AIG,Astacopsis gouldi,Giant tasmanian crayfish
AIQ,Astacopsis franklinii,NA
NFF,Paranephrops planifrons,Koura crayfish
TUQ,Parastacus nicoleti,NA
TUY,Parastacus brasiliensis,NA
AYA,Euastacus armatus,Australian crayfish
CRT,Cherax tenuimanus,Hairy marron crayfish
CDT,Cherax destructor,Yabby crayfish
CRP,Cherax quadricarinatus,Red claw crayfish
CXJ,Cherax albidus,NA
WCC,Cherax cainii,Smooth marron crayfish
CJF,Parastacidae,Oceanian crayfishes nei
AYS,"Astacidae, Cambaridae",Euro-American crayfishes nei
ERQ,Sesarma angolense,Angola marsh crab
ERS,Eriocheir sinensis,Chinese mitten crab
FCX,Crustacea,Freshwater crustaceans nei
KAG,Calappa gallus,Rough box crab
KAP,Calappa pelii,Spiny box crab
KAR,Calappa rubroguttata,Spotted box crab
KAT,Calappa angusta,Nodose box crab
KPF,Calappa flammea,Flame box crab
KPN,Calappa nitida,Ornamented boxcrab
KPO,Calappa ocellata,Ocellated box crab
KPS,Calappa sulcata,Yellow box crab
KPH,Calappa hepatica,Ridged box crab
KPV,Calappa convexa,Arched box crab
KPU,Calappa saussurei,Small arched box crab
KPL,Calappa lophos,Common box crab
KPK,Calappa calappa,Giant box crab
KPP,Calappa philargius,Spectacled box crab
KPG,Calappa granulata,Shamefaced crab
HGV,Hepatus gronovii,Globose box crab
HUY,Hepatus pudibundus,Flecked box crab
HFK,Hepatus kossmanni,Havana box crab
HFL,Hepatus lineatus,NA
MQU,Matuta lunaris,Moon crab
MQP,Matuta planipes,Flower moon crab
MQV,Matuta victor,Common moon crab
YMG,Platymera gaudichaudii,Paco box crab
OLV,Paromola cuvieri,Paromola
JDC,Paromola japonica,Japan. deepwater carrier crab
OAT,Homola barbata,Homole crab
OOF,Ocypode africana,African ghost crab
OOK,Ocypode cursor,Tufted ghost crab
OYQ,Ocypode rotundata,Rounded ghost crab
ODK,Ocypode ceratophthalmus,Horned ghost crab
ODD,Ocypode cordimanus,Common ghost crab
QDE,Ocypode madagascariensis,NA
QDK,Ocypode ryderi,NA
QIX,Ocypode spp,NA
UCG,Uca tangeri,West african fiddler crab
UCC,Ucides cordatus,Swamp ghost crab
UCD,Ucides occidentalis,Mangrove ghost crab
MHQ,Macrophtalmus depressus,Mud crab
DQE,Afruca tangeri,NA
KDA,Cardisoma armatum,Lagoon land crab
KDG,Cardisoma guanhumi,Giant land crab
KDC,Cardisoma carnifex,Chestnut crab
KDK,Cardisoma crassum,Mouthless land crab
DIR,Cardisoma hirtipes,Blue land crab
DJL,Cardisoma longipes,Longlegged land crab
DJR,Cardisoma rotundum,Rugose land crab
GKP,Gecarcinus planatus,Red Pacific land crab
GKQ,Gecarcinus quadratus,Whitespotted land crab
GKM,Gecarcinus malpilensis,Malpelo land crab
GED,Gecarcoidea lalandii,Purple land crab
DRH,Dromia erythropus,Redeye sponge crab
DRO,Dromia dormia,Common sponge crab
DME,Dromia personata,Sleepy crab
LUW,Lauridromia indica,Cannonball sponge crab
LDQ,Lauridromia dehaani,Japanese sponge crab
RAQ,Ranina ranina,Spanner crab
EHK,Ethusa ciliatifrons,Giant ciliate Ethusa
GAK,Galene bispinosa,Square-shelled crab
GWK,Pilumnus hirtellus,Bristly xanthid crab
KKM,Cancer amphioetus,Japanese rock crab
KKN,Cancer antennarius,California red rock crab
CRK,Cancer irroratus,Atlantic rock crab
DUN,Cancer magister,Dungeness crab
KKJ,Cancer johngarthi,Northern lemon rock crab
CRE,Cancer pagurus,Edible crab
CRJ,Cancer borealis,Jonah crab
ROC,Cancer productus,Pacific rock crab
KCB,Cancer bellianus,Toothed rock crab
QPR,Cancer porteri,Boco
CWE,Metacarcinus edwardsii,Mola rock crab
CAD,Cancridae,"Jonah crabs, rock crabs nei"
NPJ,Panopeus africanus,African mud crab
KPC,Carpilius corallinus,Batwing coral crab
KPX,Carpilius convexus,Marbled stone crab
KPM,Carpilius maculatus,Clown crab
EIE,Etisus laevimanus,Smooth spooner
ESX,Etisus splendidus,Splendid spooner
EUX,Etisus utilis,Sawedged spooner
EDU,Etisus dentatus,Spiny spooner
OZV,Ozius verreauxii,Punched stone crab
OZG,Ozius guttatus,Spottedbelly rock crab
OZT,Ozius tuberculosus,Beaded rock crab
EHH,Eriphia smithii,Orange-hand stone crab
EQS,Eriphia sebana,Smooth redeyed crab
EIK,Eriphia verrucosa,Warty crab
TGX,Atergatopsis signatus,Giant egg crab
HQA,Hypothalassia armata,Champagne crab
MPW,Myomenippe hardwickii,Mangrove stone crab
MMF,Myomenippe fornasinii,Smooth stone crab
EXH,Epixanthus dentatus,Longfingered peeler crab
HWP,Homalaspis plana,Giant stone crab
DEY,Rhithropanopeus harrisii,Harris mud crab
STC,Menippe mercenaria,Black stone crab
MIQ,Menippe nodifrons,Lumpy stone crab
ENF,Menippe frontalis,Stridulating stone crab
MHZ,Menippe rumphii,Maroon stone crab
JLA,Xantho poressa,NA
XPL,Xantho pilipes,Risso's crab
FWQ,Monodaeus couchii,Couch's crab
KNR,Cronius ruber,Red swimcrab
RSQ,Arenaeus cribrarius,Speckled swimcrab
REX,Arenaeus mexicanus,Sand swimcrab
KHN,Charybdis natator,Ridged swimming crab
KHF,Charybdis feriatus,Crucifix crab
YBJ,Charybdis japonica,Japanese swimming crab
YBF,Charybdis affinis,Smoothshelled swimming crab
YBN,Charybdis anisodon,Twospined arm swimming crab
YBU,Charybdis annulata,Banded-legged swimming crab
YBT,Charybdis truncata,Blunt-toothed crab
YBH,Charybdis longicollis,Lesser swimming crab
YFB,Charybdis bimaculata,Two-spot swimming crab
YHW,Charybdis hawaiensis,Hawaiian swimming crab
YVB,Charybdis hellerii,Spiny hands swimming crab
YZB,Charybdis miles,Soldier swimming crab
YBX,Charybdis spp,Charybdis crabs nei
SCD,Portunus pelagicus,Blue swimming crab
OSX,Portunus gibbesii,Iridescent swimming crab
GAZ,Portunus trituberculatus,Gazami crab
OSQ,Portunus hastatus,Lancer swimcrab
UNG,Portunus sanguinolentus,Threespot swimming crab
OUE,Portunus asper,Rough swimcrab
OUX,Portunus xantusii,Xantus swimcrab
QSO,Portunus segnis,NA
CRS,Portunus spp,Portunus swimcrabs nei
ODV,Podophthalmus vigil,Periscope crab
TLK,Thalamita crenata,Wide front swimcrab
TAX,Thalamita spinimana,Spiny claw swimming crab
QOX,Thalamita spp,NA
BNQ,Bathynectes piperitus,Peppermint swimcrab
DVG,Bathynectes maravigna,NA
DVB,Bathynectes spp,NA
EHD,Euphylax dovii,Pelagic swimcrab
EYX,Euphylax robustus,Robustus swimcrab
MQL,Macropipus tuberculatus,Knobby swimcrab
UML,Portumnus latipes,Slender swimcrab
KLM,Callinectes amnicola,Bigfisted swimcrab
CRB,Callinectes sapidus,Blue crab
KLG,Callinectes marginatus,Marbled swimcrab
KLP,Callinectes pallidus,Gladiator swimcrab
CRZ,Callinectes danae,Dana swimcrab
CRC,Callinectes toxotes,Giant swimcrab
KLB,Callinectes bocourti,Blunttooth swimcrab
KLE,Callinectes exasperatus,Rugose swimcrab
KLL,Callinectes larvatus,Masked swimcrab
KLC,Callinectes maracaiboensis,Maracaibo swimcrab
KLO,Callinectes ornatus,Shelling crab
KLU,Callinectes arcuatus,Cuata swimcrab
KLI,Callinectes bellicosus,Warrior swimcrab
KLS,Callinectes similis,Lesser blue crab
KLT,Callinectes rathbunae,Sharptooth swimcrab
CAL,Callinectes spp,Callinectes swimcrabs nei
CRG,Carcinus maenas,Green crab
CMR,Carcinus aestuarii,Mediterranean shore crab
CZW,Carcinus spp,Carcinus crabs nei
MUD,Scylla serrata,Indo-Pacific swamp crab
YLW,Scylla olivacea,Orange mud crab
YAR,Scylla paramamosain,Green mud crab
YAT,Scylla tranquebarica,Purple mud crab
YUX,Scylla spp,NA
LIO,Necora puber,Velvet swimcrab
ICC,Liocarcinus corrugatus,Wrinkled swimcrab
IOD,Liocarcinus depurator,Blue-leg swimcrab
LQA,Liocarcinus navigator,Arched swimming crab
LQV,Liocarcinus vernalis,Smooth swimcrab
DBX,Liocarcinus pusillus,Dwarf swimming crab
IJV,Liocarcinus marmoreus,Marbled swimming crab
IJW,Liocarcinus holsatus,Flying swimming crab
LQZ,Liocarcinus spp,Liocarcinus swimcrabs nei
RTQ,Achelous spinimanus,Blotched swimming crab
QPH,Polybius henslowii,Henslow’s swimming crab
QAI,Monomia haanii,NA
PVQ,Sanquerus validus,Senegalese smooth swimcrab
SWM,Portunidae,"Swimming crabs, etc. nei"
GPJ,Goniopsis pelii,Purple mangrove crab
GIK,Goniopsis pulchra,Racer mangrove crab
GSQ,Grapsus grapsus,Lightfoot crab
GUJ,Grapsus albolineatus,Mottled crab
GPK,Grapsus tenuicrustatus,Natal lightfoot crab
IFJ,Grapsus adscensionis,NA
YGT,Pachygrapsus transversus,African matchbox crab
YGM,Pachygrapsus marmoratus,Marbled rock crab
RMS,Sesarma sulcatum,Hairy matchbox crab
MGQ,Metagrapsus messor,Shore crab
VAL,Varuna litterata,Peregrine crab
VAU,Varuna yui,Sundaic paddler crab
EJV,Episesarma versicolor,Violet vinegar crab
EJC,Episesarma chengtongense,Pinkfingered vinegar crab
EJM,Episesarma mederi,Thai vinegar crab
EJP,Episesarma palawanense,Rathbun's vinegar crab
EJI,Episesarma singaporense,Singapore vinegar crab
UIT,Plagusia tuberculata,Tuberculated light-foot crab
JMO,Neosarmatium meinerti,NA
DEZ,Brachynotus sexdentatus,Mediterranean rock crab
AXG,Carcinoplax longimanus,Long-armed crab
GVN,Goneplax rhomboides,Square crab
MXT,Mithrax armatus,Harbour spidercrab
TEV,Stenocionops ovata,Velvet spidercrab
SCR,Maja squinado,Spinous spider crab
JCP,Maja crispata,Lesser spider crab
JDV,Maja brachydactyla,Common spider crab
JCX,Maja spp,Maja spider crabs nei
MJP,Maiopsis panamensis,Panamic spidercrab
ZYA,Schizophrys aspera,Common decorator crab
ZYD,Schizophrys dama,Pronghorn decorator crab
MXI,Maguimithrax spinosissimus,Channel-clinging crab
JCG,Neomaja goltziana,Spiny spider crab
CRQ,Chionoecetes opilio,Queen crab
CVB,Chionoecetes bairdi,Tanner crab
CWJ,Chionoecetes japonicus,Red snow crab
PCR,Chionoecetes spp,Tanner crabs nei
JAJ,Jacquinotia edwardsii,Southern spider crab
DZM,Majidae,"Spider crabs, etc. nei"
MVD,Hyas araneus,Atlantic lyre crab
MVH,Hyas coarctatus,Arctic lyre crab
MJW,Hyas spp,"Toad, lyre crabs nei"
HBZ,Erimacrus isenbeckii,Hair crab
IGY,Atelecyclus rotundatus,Old-man's face crab
IGZ,Atelecyclus undecimdentatus,NA
KEM,Libinia emarginata,Portly spider crab
ELQ,Chaceon eldorado,El Dorado shrimp
CGE,Chaceon maritae,West African geryon
HNQ,Chaceon macphersoni,Pink geryon
HBJ,Chaceon bicolor,Pacific golden crab
HNX,Chaceon granulatus,Japanese golden crab
HOQ,Chaceon australis,Austral golden crab
HKH,Chaceon karubar,Indonesian golden crab
HQP,Chaceon poupini,Polynesian golden crab
KEF,Chaceon affinis,Deep-sea red crab
CRR,Chaceon quinquedens,Red crab
HBN,Chaceon notialis,Southwest Atlantic red crab
HFB,Chaceon fenneri,Golden deepsea crab
YHI,Chaceon erytheiae,Deep-sea red crab SE Atlantic
YHK,Chaceon chuni,NA
YHN,Chaceon gordonae,NA
YHO,Chaceon sanctaehelenae,NA
GER,Chaceon spp,Chaceon geryons nei
GRQ,Geryon longipes,Mediterranean geryon
QYU,Geryon trispinosus,NA
GYX,Geryon spp,Geryons nei
GEY,Geryonidae,"Deep-sea crabs, geryons nei"
UIS,Plagusia depressa,Tidal spray crab
NBZ,Percnon gibbesi,Nimble spray crab
IFY,Platymaia turbynei,NA
IFO,Inachus dorsettensis,Scorpion spider crab
IXF,Inachus leptochirus,Slender-legged spider crab
IXG,Inachus spp,NA
IFS,Macropodia rostrata,Long-legged spider crab
IJF,Macropodia tenuirostris,Slender spider crab
IJE,Macropodia spp,Spider crabs
IVS,Inachidae,Spider crabs nei
GKT,Pseudocarcinus gigas,Tasmanian giant crab
JNS,Somanniathelphusa sinensis,NA
JKW,Somanniathelphusa spp,NA
JET,Ebalia tumefacta,Bryer's nut crab
JSH,Ebalia tuberosa,NA
JSM,Ebalia cranchii,Cranch's nut crab
DOQ,Geothelphusa candidiensis,NA
JHO,Telmessus cheiragonus,Helmet crab
JIV,Corystes cassivelaunus,Masked crab
GZB,Pirimela denticulata,Toothed pirimela
IIF,Pisa armata,Gibb's spider crab
RVK,Thia scutellata,Thumbnail crab
ZPB,Ovalipes catharus,New Zealand paddle crab
QIA,Ovalipes iridescens,NA
OVP,Ovalipes punctatus,Sand crab
ZIQ,Trapezia rufopunctata,NA
CRA,Brachyura,Marine crabs nei
LOJ,Panulirus longipes,Longlegged spiny lobster
NUJ,Panulirus japonicus,Japanese spiny lobster
NUT,Panulirus interruptus,Mexican spiny loster
NUV,Panulirus versicolor,Painted spiny lobster
LMS,Panulirus polyphagus,Mud spiny lobster
NUR,Panulirus ornatus,Ornate spiny lobster
LOY,Panulirus regius,Royal spiny lobster
SLC,Panulirus argus,Caribbean spiny lobster
NUE,Panulirus echinatus,Brown spiny loster
NUP,Panulirus penicillatus,Pronghorn spiny lobster
NUL,Panulirus laevicauda,Smoothtail spiny lobster
LOK,Panulirus homarus,Scalloped spiny lobster
NUU,Panulirus inflatus,Blue spiny lobster
LOA,Panulirus cygnus,Australian spiny lobster
NUG,Panulirus gracilis,Green spiny lobster
NLG,Panulirus guttatus,Spotted spiny lobster
NLI,Panulirus marginatus,Banded spiny lobster
NLQ,Panulirus pascuensis,Easter Island spiny lobster
NLJ,Panulirus stimpsoni,Chinese spiny lobster
ULB,Panulirus albiflagellum,White whisker spiny lobster
SLV,Panulirus spp,Tropical spiny lobsters nei
LBC,Jasus lalandii,Cape rock lobster
LOF,Jasus frontalis,Juan Fernandez rock lobster
LOG,Jasus verreauxi,Green rock lobster
LBT,Jasus tristani,Tristan da Cunha rock lobster
LOR,Jasus edwardsii,Red rock lobster
JSN,Jasus novaehollandiae,Southern rock lobster
JSP,Jasus paulensis,St.Paul rock lobster
JMC,Jasus caveorum,NA
JSX,Jasus spp,Rock lobsters nei
JUJ,Justitia japonica,Japanese furrow lobster
JUL,Justitia longimanus,West Indian furrow lobster
JUT,Justitia mauritiana,Gibbon furrow lobster
JUI,Justitia chani,Small furrow lobster
JUV,Justitia vericeli,Polynesian furrow lobster
INO,Palinustus mossambicus,Buffalo blunthorn lobster
INR,Palinustus truncatus,American blunthorn lobster
INC,Palinustus unicornutus,Unicorn blunthorn lobster
INW,Palinustus waguensis,Japanese blunthorn lobster
PJH,Projasus bahamondei,Chilean jagged lobster
PJJ,Projasus parkeri,Cape jagged lobster
PSL,Palinurus mauritanicus,Pink spiny lobster
SLO,Palinurus elephas,Common spiny lobster
SLN,Palinurus delagoae,Natal spiny lobster
SLS,Palinurus gilchristi,Southern spiny lobster
NRH,Palinurus charlestoni,Cape Verde spiny lobster
CRW,Palinurus spp,Palinurid spiny lobsters nei
INN,Linuparus somniosus,Spear lobster
IND,Linuparus sordidus,Oriental spear lobster
INJ,Linuparus trigonus,Japanese spear lobster
INZ,Linuparus spp,Spear lobsters nei
URW,Puerulus sewelli,Arabian whip lobster
URL,Puerulus angulatus,Banded whip lobster
URT,Puerulus carinatus,Red whip lobster
URV,Puerulus velutinus,Velvet whip lobster
URH,Puerulus spp,Whip lobsters nei
VLO,Palinuridae,Spiny lobsters nei
TJQ,Thaumastocheles japonicus,Pacific pincer lobster
TCZ,Thaumastocheles zaleucus,Atlantic pincer lobster
THW,Thaumastochelopsis wardi,Australian pincer lobster
IBA,Ibacus alticrenatus,Velvet fan lobster
IBB,Ibacus brevipes,Serrate fan lobster
IBR,Ibacus brucei,Glabrous fan lobster
IBC,Ibacus ciliatus,Japanese fan lobster
IBN,Ibacus novemdentatus,Smooth fan lobster
IBE,Ibacus peronii,Butterfly fan lobster
IBQ,Ibacus pubescens,Hairy fan lobster
RRN,Parribacus antarcticus,Sculptured mitten lobster
RRK,Parribacus caledonicus,Caledonian mitten lobster
IBH,Parribacus holthuisi,Red-spotted mitten lobster
IBJ,Parribacus japonicus,Japanese mitten lobster
IBL,Parribacus perlatus,Easter Island mitten lobster
IBS,Parribacus scarlatinus,Marbled mitten lobster
THQ,Thenus orientalis,Flathead lobster
TZI,Thenus indicus,NA
TVX,Thenus spp,Flathead lobsters nei
YLB,Scyllarus batei,Soft locust lobster
YLE,Scyllarus bertholdii,Two-spotted locust lobster
SCY,Scyllarus arctus,Lesser slipper lobster
YLV,Scyllarus brevicornis,Blue-back locust lobster
YLM,Scyllarus martensii,Striated locust lobster
YLY,Scyllarus pygmaeus,Pygmy locust lobster
YLR,Scyllarus rugosus,Hunchback locust lobster
YLX,Scyllarus spp,Locust lobsters nei
YLL,Scyllarides latus,Mediterranean slipper lobster
YLA,Scyllarides aequinoctialis,Spanish slipper lobster
YLT,Scyllarides astori,Galapagos slipper lobster
YLI,Scyllarides brasiliensis,Brazilian slipper lobster
YLD,Scyllarides deceptor,Hooded slipper lobster
YLF,Scyllarides delfosi,Three-spot slipper lobster
YLH,Scyllarides elisabethae,Cape slipper lobster
YLJ,Scyllarides haanii,Aesop slipper lobster
YLK,Scyllarides herklotsii,Red slipper lobster
YLO,Scyllarides nodifer,Ridged slipper lobster
YLG,Scyllarides roggeveeni,Easter Island slipper lobster
YLU,Scyllarides squammosus,Blunt slipper lobster
YLC,Scyllarides tridacnophaga,Clamkiller slipper lobster
RSD,Arctides antipodarum,Rough spanish lobster
RIJ,Arctides guineensis,Small spanish lobster
RCK,Arctides regalis,Royal spanish lobster
EVS,Evibacus princeps,Shield fan lobster
LOS,Scyllaridae,Slipper lobsters nei
NTK,Acanthacaris caeca,Atlantic deep-sea lobster
NHI,Acanthacaris tenuimana,Prickly deep-sea lobster
UFJ,Eunephrops bairdii,Red lobster
UPC,Eunephrops cadenasi,Sculptured lobster
UPA,Eunephrops manningi,Banded lobster
NFR,Nephropides caribaeus,Mitten lobsterette
NES,Nephropsis stewarti,Indian Ocean lobsterette
NFK,Nephropsis acanthura,Spinetail lobsterette
NFU,Nephropsis aculeata,Florida lobsterette
NFZ,Nephropsis agassizii,Prickly lobsterette
NFT,Nephropsis atlantica,Scarlet lobsterette
NFP,Nephropsis carpenteri,Ridge-back lobsterette
NFE,Nephropsis ensirostris,Gladiator lobsterette
NFH,Nephropsis malhaensis,Saya de Malha lobsterette
NFN,Nephropsis neglecta,Ruby lobsterette
NFO,Nephropsis occidentalis,Pacific lobsterette
NFI,Nephropsis rosea,Two-toned lobsterette
NFM,Nephropsis suhmi,Red and white lobsterette
NFL,Nephropsis sulcata,Grooved lobsterette
NEM,Metanephrops mozambicus,Mozambique lobster
NEA,Metanephrops andamanicus,Andaman lobster
MEC,Metanephrops challengeri,New Zealand lobster
MFU,Metanephrops arafurensis,Arafura lobster
MFT,Metanephrops armatus,Armoured lobster
MFL,Metanephrops australiensis,Northwest lobster
MFI,Metanephrops binghami,Caribbean lobster
MFO,Metanephrops boschmai,Bight lobster
MFM,Metanephrops formosanus,Formosa lobster
MFJ,Metanephrops japonicus,Japanese lobster
MFN,Metanephrops neptunus,Neptune lobster
MFS,Metanephrops rubellus,Urugayian lobster
MFQ,Metanephrops sagamiensis,Okinawa sculptured lobster
MFK,Metanephrops sibogae,Siboga lobster
MFD,Metanephrops sinensis,China lobster
MFH,Metanephrops thomsoni,Red-banded lobster
MFV,Metanephrops velutinus,Velvet lobster
MWF,Metanephrops spp,Metanephrops lobsters nei
NEP,Nephrops norvegicus,Norway lobster
LBA,Homarus americanus,American lobster
HCW,Homarus capensis,Cape lobster
LBE,Homarus gammarus,European lobster
LBS,Homarus spp,Homarus lobsters nei
THV,Thymopides grobovi,Bellator lobster
TQB,Thymops birsteini,Southern lobsterette
TQN,Thymopsis nilenta,Nilenta lobsterette
NEX,Nephropidae,"True lobsters,lobsterettes nei"
SJT,Stereomastis sculpta,NA
UEB,Stereomastis suhmi,NA
JLB,Polycheles typhlops,NA
NFJ,Neoglyphea inopinata,Fenix lobster
BSQ,Palibythus magnificus,Musical furry lobster
LLQ,Palinurellus gundlachi,Caribbean furry lobster
LLW,Palinurellus wieneckii,Indo-Pacific furry lobster
TAQ,Thalassina anomala,Scorpion mud lobster
UOC,Upogebia capensis,Cape mud shrimp
UOM,Upogebia major,Japanese mud shrimp
UOP,Upogebia pugettensis,Blue mud shrimp
UPJ,Upogebia pusilla,Mediterranean mud shrimp
UPW,Upogebia wuhsienweni,Chines mud lobster
UER,Upogebia deltaura,NA
UES,Upogebia spp,Mud shrimps nei
ISN,Callianassa australiensis,Australian ghost shrimp
INB,Callianassa biffari,Beach ghost shrimp
ISF,Callianassa californiensis,Bay ghost shrimp
ISG,Callianassa gigas,Giant ghost shrimp
ISJ,Callianassa japonica,Japanese ghost shrimp
ISK,Callianassa kraussi,Pink ghost shrimp
ISU,Callianassa petalura,Flower ghost shrimp
IST,Callianassa turnerana,Cameroon ghost shrimp
CZP,Callianassa spp,Ghost shrimps nei
LLY,Gilvossius tyrrhenus,Sand ghost shrimp
ACX,Acanthaxius caespitosa,Deep-water mud lobster
AXO,Axiopsis baronai,Baron mud lobster
CDQ,Calocarides quinqueseriatus,Keeled mud lobster
NXV,Neaxius vivesi,Small pink lobster
EOD,Enoplometopus daumi,Striped reef lobster
EQD,Enoplometopus debelius,Violet-spotted reef lobster
EMH,Enoplometopus holthuisi,Bullseye reef lobster
EMK,Enoplometopus occidentalis,Red reef lobster
LOX,Reptantia,Lobsters nei
BNK,Albunea lucasia,Spiny mole crab
EID,Lepidopa deamae,Toad mole crab
ERK,Petrochirus californiensis,Big-claw purple hermit crab
CBI,Clibanarius panamensis,Mangrove hermit crab
FAY,Paguristes eremita,Eye spot hermit crab
DEH,Dardanus arrosor,Striated hermit crab
ERR,Emerita rathbunae,Tropical mole crab
EIA,Emerita analoga,Coldwater mole crab
EZI,Emerita austroafricana,NA
HJK,Hippa pacifica,Pacific mole crab
HIQ,Hippa strigillata,Striated mole crab
JBM,Hippa ovalis,NA
BQL,Birgus latro,Coconut crab
LQL,Pleuroncodes planipes,Pelagic red crab
PQG,Pleuroncodes monodon,Carrot squat lobster
MDD,Munida hispida,Bristle squat lobster
UNO,Munida obesa,Stout squat lobster
UNP,Munida propinqua,Deep-water squat lobster
UNR,Munida refulgens,Radiant squat lobster
UNT,Munida tenella,Long-clawed squat lobster
UDQ,Munida gregaria,Swarming squat lobster
URQ,Munida rugosa,Rugose squat lobster
UEM,Munida sarsi,NA
UGF,Munida speciosa,NA
UGG,Munida intermedia,Typical squat lobster
UEX,Munida spp,NA
CZJ,Cervimunida johni,Blue squat lobster
UWX,Uroptychus spp,NA
GXB,Galathea nexa,NA
GWT,Galathea dispersa,Squat lobster
GZJ,Galathea strigosa,Strigose squat lobster
GZF,Galathea squamifera,Leach's squat lobster
LOQ,Galatheidae,"Craylets, squat lobsters nei"
NLE,Neolithodes asperrimus,Rough king crab
NDW,Neolithodes diomedeae,NA
QGD,Neolithodes capensis,NA
KCD,Paralithodes camtschaticus,Red king crab
KCI,Paralithodes platypus,Blue king crab
KCY,Paralithodes brevipes,Brown king crab
KCS,Paralithodes spp,King crabs
KCR,Lithodes santolla,Southern king crab
KCM,Lithodes murrayi,Subantarctic stone crab
KCT,Lithodes maja,Stone king crab
KCA,Lithodes ferox,King crab
KAQ,Lithodes aequispina,Golden king crab
KAC,Lithodes confundens,NA
KCZ,Lithodes spp,King crabs nei
PAG,Paralomis granulosa,Softshell red crab
KCU,Paralomis aculeata,Red stone crab
KCV,Paralomis spinosissima,Antarctic stone crab
KCF,Paralomis formosa,Globose king crab
KDD,Paralomis anamerae,NA
KVV,Paralomis verrilli,Red vermillion crab
KLV,Paralomis longipes,NA
PAI,Paralomis spp,NA
KCX,Lithodidae,"King crabs, stone crabs nei"
DJG,Diacanthurus rubricatus,NA
PZW,Pagurus bernhardus,Common hermit crab
CZB,Pagurus prideaux,Prideaux's hermit crab
FBE,Pagurus alatus,NA
FBG,Pagurus pubescens,Downy hermit crab
FAZ,Pagurus spp,Hermit crabs nei
NIJ,Anapagurus laevis,Yellow hemit crab
YVN,Anapagurus chiroacanthus,NA
CZM,Paguridae,Right-handed hermit crabs nei
RZU,Sympagurus dimorphus,NA
LXT,Pisidia longicornis,Long clawed porcelain crab
NUQ,Anomura,Anomuran decapods nei
ZHM,Mesopodopsis orientalis,NA
ABS,Penaeus aztecus,Northern brown shrimp
PBA,Penaeus merguiensis,Banana prawn
YPS,Penaeus californiensis,Yellowleg shrimp
APS,Penaeus duorarum,Northern pink shrimp
PNT,Penaeus schmitti,Southern white shrimp
KUP,Penaeus japonicus,Kuruma prawn
PNS,Penaeus stylirostris,Blue shrimp
PNV,Penaeus vannamei,Whiteleg shrimp
GIT,Penaeus monodon,Giant tiger prawn
PNP,Penaeus plebejus,Eastern king prawn
FLP,Penaeus chinensis,Fleshy prawn
TGS,Penaeus kerathurus,Caramote prawn
PNJ,Penaeus marginatus,Aloha prawn
PNB,Penaeus brasiliensis,Redspotted shrimp
TIP,Penaeus semisulcatus,Green tiger prawn
PRB,Penaeus esculentus,Brown tiger prawn
PST,Penaeus setiferus,Northern white shrimp
CSP,Penaeus brevirostris,Crystal shrimp
PNI,Penaeus indicus,Indian white prawn
WKP,Penaeus latisulcatus,Western king prawn
WWP,Penaeus occidentalis,Western white shrimp
REP,Penaeus penicillatus,Redtail prawn
SOP,Penaeus notialis,Southern pink shrimp
PPS,Penaeus paulensis,Sao Paulo shrimp
PNU,Penaeus subtilis,Southern brown shrimp
EKU,Penaeus canaliculatus,Witch prawn
ELY,Penaeus longistylus,Red-spot king prawn
ESS,Penaeus silasi,False white prawn
PEN,Penaeus spp,Penaeus shrimps nei
MPF,Macropetasma africana,Swimming shrimp
RRJ,Protrachypene precipua,Titi shrimp
TPQ,Megokris granulosus,Coarse shrimp
MPN,Metapenaeus monoceros,Speckled shrimp
MTJ,Metapenaeus affinis,Jinga shrimp
MPB,Metapenaeus brevicornis,Yellow shrimp
MPM,Metapenaeus macleayi,Eastern school shrimp
MNG,Metapenaeus stebbingi,Peregrine shrimp
ENS,Metapenaeus endeavouri,Endeavour shrimp
SHI,Metapenaeus joyneri,Shiba shrimp
MPD,Metapenaeus dobsoni,Kadal shrimp
MPE,Metapenaeus ensis,Greasyback shrimp
MEK,Metapenaeus alcocki,Fire shrimp
MBB,Metapenaeus bennettae,Greentail shrimp
MSQ,Metapenaeus conjunctus,Wood shrimp
MTD,Metapenaeus dalli,Western school shrimp
MSY,Metapenaeus demani,Demons prawn
MQE,Metapenaeus eboracensis,York shrimp
MTG,Metapenaeus elegans,Fine shrimp
MJS,Metapenaeus insolitus,Emerald shrimp
MJE,Metapenaeus intermedius,Middle shrimp
MJK,Metapenaeus kutchensis,Ginger shrimp
MJY,Metapenaeus lysianassa,Bird shrimp
MMQ,Metapenaeus moyebi,Moyebi shrimp
MTQ,Metapenaeus papuensis,Papua shrimp
MQT,Metapenaeus tenuipes,Stork shrimp
MAQ,Metapenaeus anchistus,Spiny greasyback shrimp
MSW,Metapenaeus suluensis,Sulu shrimp
MET,Metapenaeus spp,Metapenaeus shrimps nei
DPS,Parapenaeus longirostris,Deep-water rose shrimp
NRA,Parapenaeus australiensis,Australian rose shrimp
NRF,Parapenaeus fissurus,Neptune rose shrimp
NRI,Parapenaeus investigatoris,Explorer rose shrimp
NRK,Parapenaeus lanceolatus,Lancer rose shrimp
NRG,Parapenaeus longipes,Flamingo shrimp
NRR,Parapenaeus sextuberculatus,Domino shrimp
NRP,Parapenaeus politus,Rose shrimp
NRY,Parapenaeus spp,Parapenaeus shrimps nei
NAY,Parapenaeopsis stylifera,Kiddi shrimp
NAK,Parapenaeopsis acclivirostris,Hawknose shrimp
NRJ,Parapenaeopsis arafurica,Arafura shrimp
NPN,Parapenaeopsis cornuta,Coral shrimp
NPI,Parapenaeopsis coromandelica,Coromandel shrimp
NAW,Parapenaeopsis hardwickii,Spear shrimp
NAH,Parapenaeopsis hungerfordi,Dog shrimp
NAX,Parapenaeopsis maxillipedo,Torpedo shrimp
NIN,Parapenaeopsis nana,Dwarf shrimp
NPB,Parapenaeopsis probata,Parole shrimp
NAP,Parapenaeopsis sculptilis,Rainbow shrimp
NIT,Parapenaeopsis tenella,Smoothshell shrimp
NIU,Parapenaeopsis uncta,Uncta shrimp
NIV,Parapenaeopsis venusta,Adonis shrimp
NIG,Parapenaeopsis gracillima,Thin shrimp
NIB,Parapenaeopsis balli,Bally shrimp
NPP,Parapenaeopsis spp,Parapenaeopsis shrimps nei
BOB,Xiphopenaeus kroyeri,Atlantic seabob
TIT,Xiphopenaeus riveti,Pacific seabob
XFS,Xiphopenaeus spp,Xiphopenaeus shrimps nei
TYK,Trachypenaeus anchoralis,Hardback shrimp
TBY,Trachypenaeus byrdi,Carabali shrimp
TKN,Trachypenaeus constrictus,Roughneck shrimp
TFO,Trachypenaeus faoe,Indio shrimp
TFV,Trachypenaeus fulvus,Brown rough shrimp
TFJ,Trachypenaeus fuscina,Pinto shrimp
TCQ,Trachypenaeus gonospinifer,Northern rough shrimp
TKJ,Trachypenaeus pacificus,Zebra shrimp
TDZ,Trachypenaeus sedili,Malayan rough shrimp
TMY,Trachypenaeus similis,Yellow roughneck shrimp
TLJ,Trachypenaeus longipes,Longlegged rough shrimp
TVZ,Trachypenaeus villaluzi,Philippines rough shrimp
TVU,Trachypenaeus brevisuturae,Smooth shrimp
YEU,Trachypenaeus spp,Trachypenaeus shrimps nei
PJE,Penaeopsis rectacuta,Needle shrimp
NIS,Penaeopsis serrata,Megalops shrimp
NIA,Penaeopsis balssi,Scythe shrimp
NIE,Penaeopsis eduardoi,Four-spined needle shrimp
MJV,Metapenaeopsis acclivis,Tora velvet shrimp
MMD,Metapenaeopsis andamanensis,Rice velvet shrimp
MJB,Metapenaeopsis barbata,Whiskered velvet shrimp
MJD,Metapenaeopsis borradailei,Reef shrimp
MJI,Metapenaeopsis crassissima,Scout velvet shrimp
MDJ,Metapenaeopsis dalei,Kishi velvet shrimp
MJG,Metapenaeopsis goodei,Caribbean velvet shrimp
MJJ,Metapenaeopsis hilarula,Minstrel shrimp
MEQ,Metapenaeopsis lamellata,Humpback shrimp
MLX,Metapenaeopsis lata,Broad velvet shrimp
NMJ,Metapenaeopsis mogiensis,Mogi velvet shrimp
NMU,Metapenaeopsis novaeguineae,Northern velvet shrimp
NMN,Metapenaeopsis palmensis,Southern velvet shrimp
NMF,Metapenaeopsis philippii,Philip velvet shrimp
NMQ,Metapenaeopsis rosea,Pink velvet shrimp
NMY,Metapenaeopsis stridulans,Fiddler shrimp
MEX,Metapenaeopsis toloensis,Tolo velvet shrimp
MWL,Metapenaeopsis wellsi,Velvet shrimp
MQB,Metapenaeopsis beebei,Beebe's velvet shrimp
MKO,Metapenaeopsis kishinouyei,Insular velvet shrimp
MMX,Metapenaeopsis mineri,Mining shrimp
YEO,Atypopenaeus formosus,Orange shrimp
YET,Atypopenaeus stenodactylus,Periscope shrimp
ASH,Artemesia longinaris,Argentine stiletto shrimp
TRV,Trachysalambria curvirostris,Southern rough shrimp
ZIC,Trachysalambria malaiana,NA
GUS,Holthuispenaeopsis atlantica,Guinea shrimp
PEZ,Penaeidae,Penaeid shrimps nei
BOS,"Xiphopenaeus, Trachypenaeus spp",Pacific seabobs
ARS,Aristaeomorpha foliacea,Giant red shrimp
AHW,Aristaeomorpha woodmasoni,Indian red shrimp
ARA,Aristeus antennatus,Blue and red shrimp
ARV,Aristeus varidens,Striped red shrimp
AJA,Aristeus alcocki,Arabian red shrimp
AJN,Aristeus semidentatus,Smooth red shrimp
AVD,Aristeus virilis,Stout red shrimp
ANJ,Aristeus antillensis,Purplehead gamba prawn
AXR,Aristeus spp,Aristeus shrimps nei
SSH,Aristaeopsis edwardsiana,Scarlet shrimp
ARI,Aristeidae,Aristeid shrimps nei
HLQ,Chlorotocus crassicornis,Green shrimp
PYX,Pandalus hypsinotus,Coonstripe shrimp
PWY,Pandalus platyceros,Spot shrimp
PRA,Pandalus borealis,Northern prawn
PJK,Pandalus jordani,Ocean shrimp
AES,Pandalus montagui,Aesop shrimp
DUD,Pandalus danae,Dock shrimp
DUJ,Pandalus goniurus,Humpy shrimp
DUK,Pandalus kessleri,Hokkai shrimp
DLN,Pandalus nipponensis,Botan shrimp
DLS,Pandalus amplus,Deep-water bigeye shrimp
PAN,Pandalus spp,Pandalus shrimps nei
HKV,Heterocarpoides levicarina,Dorodotes shrimp
CHS,Heterocarpus reedi,Chilean nylon shrimp
HKI,Heterocarpus dorsalis,Madagascar nylon shrimp
HKF,Heterocarpus ensifer,Armed nylon shrimp
HKJ,Heterocarpus gibbosus,Humpback nylon shrimp
HKT,Heterocarpus laevigatus,Smooth nylon shrimp
HPQ,Heterocarpus sibogae,Mino nylon shrimp
HTQ,Heterocarpus tricarinatus,Scarred nylon shrimp
HUV,Heterocarpus vicarius,Northern nylon shrimp
HPW,Heterocarpus woodmasoni,Indian nylon shrimp
HKY,Heterocarpus hayashii,Japanese nylon shrimp
HQV,Heterocarpus parvispina,Short-spined nylon shrimp
HQF,Heterocarpus affinis,Three-spined nylon shrimp
HQO,Heterocarpus hostilis,Panama nylon shrimp
HVQ,Heterocarpus grimaldii,NA
HZK,Heterocarpus spp,Nylon shrimps nei
LKT,Plesionika martia,Golden shrimp
LKW,Plesionika edwardsii,Striped soldier shrimp
LKC,Plesionika acanthonotus,Lesser striped shrimp
LKL,Plesionika alcocki,Gondwana striped shrimp
LKN,Plesionika antigai,Catalonian striped shrimp
LKS,Plesionika ensis,Striped gladiator shrimp
LKJ,Plesionika gigliolii,Italian deep-sea shrimp
LKO,Plesionika heterocarpus,Arrow shrimp
EKW,Plesionika williamsi,Guinea striped shrimp
EKB,Plesionika beebei,Scarlet longbeak shrimp
EKO,Plesionika carinirostris,Giant longbeak shrimp
EKX,Plesionika mexicana,Mexican longbeak shrimp
EKT,Plesionika trispinus,Colombian longbeak shrimp
PVJ,Plesionika narval,Narwal shrimp
XKX,Plesionika spp,Plesionika shrimps nei
NDD,Pandalopsis dispar,Sidestripe shrimp
NDJ,Pandalopsis japonica,Morotoge shrimp
NDP,Pandalopsis spp,Pandalopsis shrimps nei
NTF,Pantomus affinis,Hinged shrimp
DKB,Dichelopandalus bonnieri,Whip shrimp
NDS,Parapandalus spinipes,Oriental narwal shrimp
IIH,Atlantopandalus propinqvus,Similar shrimp
PDZ,Pandalidae,Pandalid shrimps nei
PSH,"Pandalus spp, Pandalopsis spp",Pacific shrimps nei
EKR,Acetes erythraeus,Tsivakihini paste shrimp
EKN,Acetes indicus,Jawla paste shrimp
AKS,Acetes japonicus,Akiami paste shrimp
EKE,Acetes serrulatus,Southern mauxia shrimp
EKC,Acetes americanus,Aviu shrimp
EKA,Acetes australis,Australian paste shrimp
ESH,Acetes chinensis,Northern mauxia shrimp
EKI,Acetes intermedius,Taiwan mauxia shrimp
EKS,Acetes sibogae,Alamang shrimp
ESV,Acetes vulgaris,Jembret shrimp
GWS,Sergestes spp,NA
GTN,Lucensosergia lucens,Sakura shrimp
JUE,Deosergestes henseni,NA
JTM,Robustosergia robusta,NA
SHS,Sergestidae,Sergestid shrimps nei
MVE,Microprosthema semilaeve,Crimson coral shrimp
TPD,Stenopus hispidus,Banded coral shrimp
FYU,Acanthephyra curtirostris,Peaked shrimp
FQQ,Acanthephyra eximia,NA
FBX,Acanthephyra spp,Subantarctic ruby prawn nei
YMF,Hymenodora frontalis,Pacific ambereye
NJP,Notostomus japonicus,Japanese spinyridge
YSJ,Systellaspis braueri,Quayle spinytail
QEK,Oplophorus spinosus,Standard spiny-tailed shrimp
QAX,Oplophorus spp,NA
VWX,Oplophoridae,NA
NLH,Nematopalaemon hastatus,West African estuarine prawn
NLC,Nematopalaemon schmitti,Whitebelly prawn
NLN,Nematopalaemon tenuipes,Spider prawn
PVV,Palaemonetes vulgaris,Marsh shrimp
LKI,Palaemonetes schmitti,Lagoon shrimp
PAA,Palaemon adspersus,Baltic prawn
MOZ,Palaemon concinnus,Mangrove prawn
PNQ,Palaemon elegans,Rockpool prawn
PVK,Palaemon gravieri,Chinese ditch prawn
PIQ,Palaemon longirostris,Delta prawn
PMZ,Palaemon macrodactylus,Migrant prawn
MMV,Palaemon maculatus,Zaire prawn
ONQ,Palaemon northropi,Caribbean bait prawn
CPR,Palaemon serratus,Common prawn
OOJ,Palaemon ortmanni,Gladiator prawn
OUI,Palaemon pacificus,Indian bait prawn
OAP,Palaemon pandaliformis,Potitinga prawn
OSK,Palaemon serrifer,Carpenter prawn
OXH,Palaemon xiphias,Posidonia prawn
LHK,Palaemon hancocki,Tropical river prawn
LMW,Palaemon ritteri,Barred grass shrimp
LHY,Palaemon hiltoni,Hilton shrimp
PVR,Palaemon varians,Atlantic ditch shrimp
QPX,Palaemon spp,Palaemon shrimps nei
NCK,Lipkebe holthuisi,NA
PAL,Palaemonidae,Palaemonid shrimps nei
YMP,Hymenocera picta,Painted harlequin shrimp
BIQ,Benthesicymus tanneri,Tanner's deep-water shrimp
BGQ,Bentheogennema borealis,Northern blunt-tail shrimp
GFT,Glyphocrangon alata,Armoured shrimp
GFS,Glyphocrangon spinulosa,Spiny armoured shrimp
GFI,Glyphocrangon sicaria,Panama armoured shrimp
GFC,Glyphocrangon vicaria,Vicary armoured shrimp
GOQ,Glyphocrangon lowryi,Goblin prawn
IER,Glyphocrangon dentata,NA
GJL,Argis lar,Kuro shrimp
CGF,Crangon affinis,Japanese sand shrimp
GQA,Crangon alaskensis,Alaska shrimp
CSH,Crangon crangon,Common shrimp
GQC,Crangon communis,Gray shrimp
GQF,Crangon franciscorum,California shrimp
GQN,Crangon nigricauda,Blacktailed shrimp
GQI,Crangon nigromaculata,Bay shrimp
GQS,Crangon septemspinosa,Sand shrimp
DVS,Crangon allmanni,NA
CNZ,Crangon spp,Crangon shrimps nei
PKQ,Pontocaris pennata,Feather shrimp
OFI,Pontophilus spinosus,Spiny shrimp
OWI,Pontophilus norvegicus,Norwegian shrimp
EGL,Sclerocrangon salebrosa,Bering shrimp
SJX,Sclerocrangon atrox,Four-spines nutshell shrimp
CVL,Sclerocrangon spp,Sculptured shrimps nei
GNZ,Paracrangon areolata,Areolated horned shrimp
MRX,Metacrangon procax,Nutshell shrimp
NCM,Notocrangon antarcticus,NA
ONZ,Aegaeon lacazei,Hardshell shrimp
FSJ,Philocheras trispinosus,NA
CRN,Crangonidae,Crangonid shrimps nei
RSH,Sicyonia brevirostris,Rock shrimp
YIA,Sicyonia carinata,Mediterranean rock shrimp
YIC,Sicyonia cristata,Ridgeback rock shrimp
YID,Sicyonia dorsalis,Lesser rock shrimp
YIG,Sicyonia galeata,Tufted rock shrimp
YII,Sicyonia ingentis,Pacific rock shrimp
YIL,Sicyonia lancifera,Knight rock shrimp
YIS,Sicyonia stimpsoni,Eyespot rock shrimp
YIT,Sicyonia typica,Kinglet rock shrimp
YIB,Sicyonia burkenroadi,Burkenroad's rock shrimp
YIF,Sicyonia affinis,Coloured rock shrimp
YIN,Sicyonia aliaffinis,Hardhusk rock shrimp
YIO,Sicyonia disdorsalis,Keeled rock shrimp
YIW,Sicyonia disedwardsi,Target shrimp
YIM,Sicyonia martini,Martin's rock shrimp
YIX,Sicyonia mixta,Mixed rock shrimp
YIP,Sicyonia penicillata,Peanut rock shrimp
YIK,Sicyonia picta,Small peanut rock
YIR,Sicyonia disparri,Notched rock shrimp
YIV,Sicyonia laevigata,Notched tidal rock shrimp
HDS,Hadropenaeus lucasii,Trident shrimp
MPZ,Mesopaeneus tropicalis,Salmon shrimp
YPJ,Cryptopenaeus catherinae,Catherine shrimp
LAA,Pleoticus muelleri,Argentine red shrimp
RRS,Pleoticus robustus,Royal red shrimp
WPX,Pleoticus spp,Pleoticus shrimps nei
HMQ,Hymenopenaeus aequalis,Veiled shrimp
HUD,Hymenopenaeus doris,Doris veiled shrimp
HZM,Hymenopenaeus spp,Hymenopenaeus shrimps nei
SOK,Solenocera agassizii,Kolibri shrimp
SKF,Solenocera africana,African mud shrimp
SKK,Solenocera choprai,Ridgeback shrimp
SOJ,Solenocera crassicornis,Coastal mud shrimp
SJO,Solenocera florea,Flower shrimp
SJK,Solenocera geijskesi,Guiana mud shrimp
SXT,Solenocera hextii,Deep-sea mud shrimp
SKO,Solenocera koelbeli,Chinese mud shrimp
SKM,Solenocera membranacea,Atlantic mud shrimp
SKE,Solenocera pectinata,Comb shrimp
SMZ,Solenocera mutator,Blossom shrimp
SQH,Solenocera melantho,Razor mud shrimp
SAZ,Solenocera alfonso,Deep-water mud shrimp
SJR,Solenocera alticarinata,High ridge mud shrimp
SKQ,Solenocera australiana,Australia mus shrimp
SKW,Solenocera halli,Malayan mud shrimp
SJQ,Solenocera pectinulata,False comb shrimp
ONJ,Solenocera acuminata,NA
OAJ,Solenocera algoensis,Algoa shrimp
SZK,Solenocera spp,Solenocera shrimps nei
KNS,Haliporoides triarthrus,Knife shrimp
JAQ,Haliporoides sibogae,Jack-knife shrimp
HJD,Haliporoides diomedeae,Chilean knife shrimp
KNI,Haliporoides spp,Knife shrimps nei
SOZ,Solenoceridae,Solenocerid shrimps nei
NCZ,Nematocarcinus agassizii,Spider shrimp
NCF,Nematocarcinus africanus,African spider shrimp
NYX,Nematocarcinus spp,Spider prawns nei
LKH,Lipkius holthuisi,Wellington shrimp
WJX,Nematocarcinidae,NA
GFU,Glyphus marsupialis,Kangaroo shrimp
LKG,Leptochela gracilis,Lesser glass shrimp
FAJ,Pasiphaea japonica,Japanese glass shrimp
FAM,Pasiphaea multidentata,Pink glass shrimp
FAV,Pasiphaea sivado,White glass shrimp
FAC,Pasiphaea tarda,Crimson pasiphaeid
FHE,Pasiphaea hoplocerca,NA
FPO,Pasiphaea spp,Glass shrimps nei
FPQ,Pasiphaeidae,NA
RYW,Rhynchocinetes typus,Rabbitnose shrimp
RCY,Rhynchocinetes durbanensis,Striped hinge beak shrimp
MYQ,Campylonotus rathbunae,Sabre prawn
FEI,Alpheus bisincisus,Flathead snapping shrimp
FEB,Alpheus brevicristatus,Teppo snapping shrimp
FED,Alpheus digitalis,Forceps snapping shrimp
FEU,Alpheus euphrosyne,Nymph snapping shrimp
FEL,Alpheus glaber,Red snapping shrimp
FEG,Alpheus gracilipes,Daisy snapping shrimp
FEE,Alpheus heterochaelis,Bigclaw snapping shrimp
FEH,Alpheus hoplocheles,Armed snapping shrimp
FEJ,Alpheus japonicus,Japanese snapping shrimp
FEP,Alpheus spongiarum,Bristle snapping shrimp
FET,Alpheus stephensoni,Queensland snapping shrimp
FES,Alpheus sublucanus,Coral snapping shrimp
FZK,Alpheus spp,Snapping shrimp nei
IFN,Athanas nitescens,Hooded shrimp
OGR,Ogyrides orientalis,Telescope shrimp
UUL,Eualus leptognathus,Yamato shrimp
UUM,Eualus macilentus,Greenland shrimp
UUI,Eualus sinensis,Iso shrimp
UJP,Eualus pusiolus,Doll eualid
XHE,Exhippolysmata ensirostris,Hunter shrimp
XHH,Exhippolysmata hastatoides,Companion shrimp
XHO,Exhippolysmata oplophoroides,Cock shrimp
HTB,Heptacarpus brevirostris,Shortspine shrimp
HFU,Heptacarpus futilirostris,Toy shrimp
HUG,Heptacarpus geniculatus,Flexed shrimp
HSQ,Heptacarpus pandaloides,Tsuno shrimp
LUQ,Latreutes acicularis,Hoso shrimp
LYX,Latreutes anoplonyx,Medusa shrimp
LSQ,Latreutes laminirostris,Platenose shrimp
LTZ,Latreutes planirostris,Flatnose shrimp
YSK,Lysmata californica,Lined shrimp
YMS,Lysmata seticaudata,Monaco shrimp
YMV,Lysmata vittata,Indian lined shrimp
YSN,Lysmata amboinensis,Common cleaner shrimp
YSD,Lysmata debelius,Cardinal shrimp
IRI,Spirontocaris liljeborgii,Friendly spine shrimp
IRS,Spirontocaris spinus,Parrot shrimp
RNQ,Saron neglectus,Spotted marbled shrimp
HVO,Hippolyte varians,Chameleon prawn
RKU,Processa canaliculata,Processa shrimp
RKD,Processa edulis,Nika shrimp
RKJ,Processa peruviana,Peruvian one-handed shrimp
RFF,Processa hemphilli,NA
RXK,Processa spp,Processa shrimps nei
ZFX,Caridea,"Caridean shrimps, True shrimps"
DCP,Natantia,Natantian decapods nei
NMK,Nematoscelis gracilis,NA
NMM,Nematoscelis megalops,NA
NMX,Nyctiphanes simplex,NA
NYP,Nyctiphanes capensis,NA
NYU,Nyctiphanes australis,NA
NVQ,Nyctiphanes couchii,NA
KRI,Euphausia superba,Antarctic krill
KRC,Euphausia crystallorophias,Ice krill
KRF,Euphausia frigida,Pygmy krill
KRT,Euphausia triacantha,Spiny krill
KRV,Euphausia vallentini,Northern krill
UFN,Euphausia nana,NA
UFP,Euphausia pacifica,Isada krill
UFL,Euphausia lucens,NA
UFE,Euphausia eximia,NA
UFD,Euphausia distinguenda,NA
UFR,Euphausia tenera,NA
UFI,Euphausia diomedeae,NA
UFS,Euphausia similis,NA
UFM,Euphausia lamelligera,NA
UFK,Euphausia americana,NA
UFG,Euphausia gibboides,NA
UFH,Euphausia hanseni,NA
KRX,Euphausia spp,Antarctic krill nei
KRM,Thysanoessa macrura,Bigeye krill
YNI,Thysanoessa raschii,NA
YEN,Thysanoessa inermis,NA
YAV,Thysanoessa vicina,NA
YAP,Thysanoessa spinifera,NA
YAN,Thysanoessa longipes,NA
YAE,Thysanoessa gregaria,NA
YAI,Thysanoessa longicaudata,NA
YXG,Thysanoessa spp,NA
NKR,Meganyctiphanes norvegica,Norwegian krill
UGR,Euphausiidae,Krill nei
DVE,Euphausiacea,NA
AMS,Artemia salina,Brine shrimp
FRJ,Artemia franciscana,NA
AJE,Artemia persimilis,NA
AJU,Artemia urmiana,NA
AJJ,Artemia sinica,NA
AJT,Artemia tunisiana,NA
AJM,Artemia spp,Brine shrimps nei
AJI,Artemiidae,NA
JCM,Calanus finmarchicus,NA
JGC,Calanus helgolandicus,NA
JGS,Calanus glacialis,NA
JGT,Calanus hyperboreus,NA
DZJ,Centropages hamatus,NA
JKP,Pseudocalanus elongatus,NA
JHR,Pseudocalanus minutus,NA
JHL,Pseudocalanus acuspes,NA
JHN,Pseudocalanus moultoni,NA
JHJ,Metridia longa,NA
JHQ,Paraeuchaeta barbata,NA
JCA,Acartia tonsa,NA
JTL,Acartia (Acartiura) longiremis,NA
JHI,Acartia (Acartiura) clausi,NA
IVH,Oithona similis,NA
IVJ,Temora longicornis,NA
EXW,Eurytemora spp,NA
DFW,Lepeophtheirus salmonis,NA
DGO,Caligus elongatus,NA
JPP,Copepoda,Copepods
SDK,Scalpellidae,Scalpellidae barnacles nei
ESF,Lepas anatifera,Goose barnacle
LEQ,Lepas pectinata,NA
GOO,Lepas spp,Goose barnacles nei
FDU,Dosima fascicularis,Buoy barnacle
LKD,Lepadidae,Lepadidae barnacles nei
JGV,Balanus crenatus,NA
JGN,Balanus balanus,Rough barnacle
MBZ,Austromegabalanus psittacus,Giant barnacle
MBW,Megabalanus tintinnabulum,NA
FYP,Megabalanus azoricus,NA
BWY,Bathylasmatidae,NA
PCB,Pollicipes pollicipes,Barnacle
ZPE,Pollicipes elegans,Pacific goose barnacle
ZPP,Pollicipes polymerus,Leaf barnacle
BXL,Semibalanus balanoides,NA
BIV,Smilium zancleanum,Acorn barnacle
TVN,Tanaidacea,Tanaidaceans
AJY,Aega monophthalma,Fish biter
AJX,Acutiserolis spp,Spiny serolid isopod
RYQ,Serolis gracilis,NA
AZD,Antarcturus oryx,NA
AZJ,Arcturides cornutus,NA
EHY,Euneognathia gigas,NA
DQN,Jaera albifrons,NA
DQO,Idotea balthica,Baltic isopod
DQR,Idotea pelagica,NA
DQW,Idotea granulosa,Granular marine isopod
ISH,Isopoda,"Isopods, pillbugs, sowbugs"
QWF,Praunus flexuosus,Chameleon shrimp
EQZ,Eurythenes gryllus,NA
UAQ,Themisto gaudichaudii,NA
IWI,Themisto libellula,NA
IXV,Hyperia galba,Big-eye amphipod
QLT,Onisimus litoralis,NA
IWH,Onisimus glacialis,NA
WSE,Gammarus setosus,NA
WKT,Gammarus wilkitzkii,NA
IWJ,Gammarus locusta,NA
IWG,Gammaracanthus lacustris,NA
IVK,Apherusa glacialis,NA
IVI,Eusirus holmii,NA
GZK,Microdeutopus gryllotalpa,Tube builder
JEZ,Corophium volutator,NA
JGP,Parajassa pelagica,NA
AQM,Amphipoda,Amphipods
QLE,Squilla empusa,Rough mantis shrimp
MTS,Squilla mantis,Spottail mantis squillid
QLA,Squilla aculeata,Kicking mantis shrimp
QLB,Squilla biformis,Sorcerer mantis shrimp
QLM,Squilla mantoidea,Catalina mantis
QLW,Squilla bigelowi,Bigelow mantis shrimp
QLP,Squilla panamensis,Panama mantis shrimp
QLV,Squilla parva,Small mantis shrimp
QLC,Squilla cadenati,Angolan mantis srimp
OQO,Oratosquilla oratoria,Japanese squillid mantis shrim
OIR,Cloridopsis scorpio,Spotted squillid mantis shrimp
OII,Cloridopsis dubia,Mud mantis
EQW,Erugosquilla woodmasoni,Smooth squillid mantis shrimp
OQM,Erugosquilla massavensis,Red sea mantis shrimp
MJN,Miyakea nepa,Smalleyed squillid mantis shri
OQG,Oratosquillina gravieri,Vietnamese squillid mantis shr
OQQ,Oratosquillina quinquedentata,Fivespined squillid mantis shr
OQE,Oratosquillina perpensa,Common squillid mantis shrimp
OQS,Oratosquillina solicitans,Variable squillid mantis shrim
SQY,Squillidae,Squillids nei
ODY,Odontodactylus scyllarus,Reef odontoactylid mantis shri
RIK,Raoulius cultrifer,Pastel odontodactylid mantis s
LYQ,Lysiosquilla desaussurei,Queen lizard mantis
LQP,Lysiosquilla panamica,Striped mantis
LQH,Lysiosquilla hoevenii,Lizard mantis
LQS,Lysiosquilla scabricauda,Smooth mantis shrimp
LQM,Lysiosquillina maculata,Common banded mantis shrimp
HQH,Harpiosquilla harpax,Robber harpiosquillid mantis s
HQR,Harpiosquilla raphidea,Giant harpiosquillid mantis sh
HQE,Hemisquilla ensigera,Keeled witch mantis
PQS,Parasquilla similis,Three spined mantis
SVX,Stomatopoda,Stomatopods nei
CRU,Crustacea,Marine crustaceans nei
GFZ,Cipangopaludina chinensis,Chinese mystery snail
MVS,Megalonaias nervosa,Washboard
UBD,Pleurobema cordatum,Ohio pigtoe
EPQ,Ellipsaria lineolata,Dromedary pearlymussel
MFY,Margaritifera margaritifera,Eastern pearlshell
MFC,Margaritifera falcata,Western pearlshell
VLI,Villosa iris,Rainbow mussel
LFK,Lampsis fasciola,Wavy-rayed lampmussel
YGR,Pygadon grandis,Giant floater
SWT,Anodonta cygnea,Swan mussel
HZC,Hyriopsis cumingii,Triangle sail mussel
ZSU,Hyriopsis schlegelii,Biwa pearl mussel
WCP,Cristaria plicata,Cockscomb pearl mussel
WSD,Sinanodonta woodiana,Chinese pond mussel
BVL,Batissa violacea,Violet batissa
YMA,Polymesoda aequilatera,Equilateral marsh clam
YMR,Polymesoda caroliniana,Carolina marsh clam
YME,Polymesoda erosa,Common geloina
YMX,Polymesoda expansa,Broad geloina
YMT,Polymesoda triangula,Triangular mash clam
YMI,Polymesoda inflata,Inflated marsh clam
YMK,Polymesoda arctata,Slender marsh clam
YMB,Polymesoda bengalensis,Bengali geloina
YGX,Polymesoda spp,NA
VIY,Villorita cyprinoides,Common Indian marsh clam
CMJ,Corbicula japonica,Japanese corbicula
CMM,Corbicula manilensis,Manila clam
CMA,Corbicula fluminea,Asian clam
CLF,Corbicula spp,Freshwater clams nei
DRP,Dreissena polymorpha,Zebra mussel
MOF,Mollusca,Freshwater molluscs nei
PEE,Littorina littorea,Common periwinkle
IFU,Littorina fabalis,Flat periwinkle
IZE,Littorina obtusata,Yellow periwinkle
IZF,Littorina saxatilis,Rough periwinkle
PER,Littorina spp,Periwinkles nei
LRZ,Littoraria scabra,Mangrove winkle
EKG,Tectarius grandinatus,Hailstorm prickly-winkle
EKQ,Tectarius coronatus,Coronate prickly-winkle
EQP,Tectarius pagodus,Pagoda prickly-winkle
NDY,Nodilittorina pyramidalis,Pyramidal prickly-winkle
RIZ,Lacuna crassior,Thick lacuna
OZM,Lacuna parva,Tiny lacuna
OZN,Lacuna vincta,Northern lacuna
JBS,Skeneopsis planorbis,Planorb skenea
HXU,Hexaplex nigritus,Black murex
HXX,Hexaplex radiax,Radish murex
HXJ,Hexaplex ambiguus,Ambiguous murex
HXK,Hexaplex princeps,Prince murex
HXH,Hexaplex cichoreum,Endive murex
HXR,Hexaplex angularis,Angular murex
FNT,Hexaplex trunculus,Banded murex
HZX,Hexaplex spp,NA
UXP,Murex pecten,Venus comb murex
UXT,Murex ternispina,Black-spined murex
UXR,Murex trapa,Rarespined murex
UXU,Murex tribulus,Caltrop murex
MXX,Murex scolopax,Scalloped murex
MUE,Murex spp,Murex
FTR,Phyllonotus brassica,Cabbage murex
FTY,Phyllonotus erythrostoma,Pink-mouthed murex
FTG,Phyllonotus regius,Regal murex
FLM,Phyllonotus margaritensis,Margarita murex
FLO,Phyllonotus pomum,Apple murex
FNX,Phyllonotus duplex,Duplex murex
CHQ,Thais chocolata,Chocolate rockshell
HQK,Thais calloensis,Callao rock shell
HQM,Thais haemastoma,Two-row rock shell
HQJ,Thais melones,Gourd rock shell
HSV,Thais aculeata,Aculeate rock shell
HIW,Thais alouina,Alou rock shell
HGZ,Thais armigera,Belligerent rock shell
HBF,Thais bufo,Toad purpura
HUZ,Thais tuberosa,Tuberose rock shell
HSZ,Thais deltoidea,Deltoid rock shell
ISO,Thais coronata,Crowned rock shell
ISD,Thais nodosa,Nodose rock shell
IBX,Thais spp,NA
UPQ,Purpura pansa,Wide-foot purpura
UPX,Purpura panama,Rudolph's purpura
UQP,Purpura persica,Persian purpura
KFT,Calotrophon turritus,Turreted drill
YJT,Cymia tecta,Shoot rock shell
YJL,Cymia lacera,Carinate rock shell
UUR,Haustellum recurvirostris,Bent-beak murex
UUQ,Haustellum haustellum,Snipe's bill murex
UTH,Haustellum chrysostoma,Goldmouth murex
UTD,Haustellum donmoorei,Don Moore's murex
UTS,Haustellum messorius,Messorius murex
BOY,Bolinus brandaris,Purple dye murex
BOQ,Bolinus cornutus,Horned murex
OBX,Ocenebra erinaceus,Hedge hog murex
DRT,Hadriania craticulata,Crested murex
URK,Muricopsis cristatus,Blainville's murex
KCE,Chicoreus brunneus,Adusta murex
KCO,Chicoreus ramosus,Ramose murex
KCK,Chicoreus torrefactus,Firebrand murex
KSB,Chicoreus brevifrons,West Indian murex
KEV,Chicoreus virgineus,Virginal murex
NCX,Chicoreus spp,NA
NSF,Nassa francolina,Francolina jopas
NSX,Nassa serta,Wreath jopas
VXV,Vexilla vexillum,Vexillate jopas
RPW,Rapana venosa,Veined rapa whelk
RQR,Rapana rapiformis,Turnish shaped rapa
RPN,Rapana spp,Sea snails
SNE,Concholepas concholepas,False abalone
AIW,Acanthina monodon,NA
CZH,Chorus giganteus,NA
JYP,Nucella lapillus,Northern dogwinkle
FBK,Boreotrophon truncatus,Bobtail trophon
KEW,Stramonita haemastoma,Southern oyster drill
UGQ,Urosalpinx cinerea,Atlantic oyster drill
JLX,Muricidae,Murex shells nei
HJV,Haliotis corrugata,Pink abalone
HAZ,Haliotis cracherodii,Black abalone
HRW,Haliotis fulgens,Southern green abalone
ABF,Haliotis rufescens,Red abalone
HSW,Haliotis sorenseni,White abalone
HTW,Haliotis assimilis,Threaded abalone
LIY,Haliotis asinina,Donkey's ear abalone
ABJ,Haliotis discus,Japanese abalone
ABG,Haliotis gigantea,Giant abalone
LGX,Haliotis glabra,Glistening abalone
ABP,Haliotis midae,Perlemoen abalone
LGW,Haliotis ovina,Oval abalone
ABR,Haliotis rubra,Blacklip abalone
HLT,Haliotis tuberculata,Tuberculate abalone
ABM,Haliotis diversicolor,Small abalone
LQQ,Haliotis planata,Planate abalone
LQW,Haliotis varia,Variable abalone
AIZ,Haliotis kamtschatkana,Pinto abalone
AJF,Haliotis spadicea,NA
DZS,Haliotis iris,Rainbow abalone
UQK,Haliotis laevigata,Greenlip abalone
UQL,Haliotis roei,Roe's abalone
UQM,Haliotis scalaris,NA
UQN,Haliotis cyclobates,NA
ABX,Haliotis spp,Abalones nei
GKE,Tegula pellisserpentis,Snakeskin tegula
GFX,Tegula spp,NA
NQA,Monodonta articulata,Articulate monodont
NQU,Monodonta turbinata,Turbinate monodont
NQM,Monodonta mutabilis,Mutable monodont
MND,Monodonta labio,Labio monodont
MDX,Monodonta nebulosa,Top shell
KLQ,Calliostoma conulus,Shining top-shell
KON,Calliostoma granulatum,Granular top-shell
KOT,Calliostoma gualterianum,Gualtieri's top-shell
KOI,Calliostoma laugieri,Laugier's top-shell
KOZ,Calliostoma zizyphinum,Painted top-shell
KCJ,Clanculus jussieui,Jussieu's chanculus
GBQ,Gibbula adansoni,Adanson's gibbula
GBJ,Gibbula albida,White gibbula
GBX,Gibbula ardens,Red-brown gibbula
GBW,Gibbula divaricata,Divaricate gibbula
GBY,Gibbula fanulum,Chapel gibbula
GIZ,Gibbula magus,Magus gibbula
GIH,Gibbula philberti,Philbert's gibbula
GJR,Gibbula rarilineata,Concave gibbula
GJI,Gibbula richardi,Richard's gibbula
GJM,Gibbula umbilicaris,Umbilicate medit. gibbula
GJV,Gibbula varia,Variegate gibbula
GVU,Gibbula spp,NA
TKW,Trochus conus,Cone-shaped top
RQM,Trochus maculatus,Maculated top
RQN,Trochus niloticus,Commercial top
RQH,Trochus hanleyanus,Lined top
JUX,Jujubinus exasperatus,Exasperating jujubine
EQY,Tectus pyramis,Pyramid top
EQF,Tectus fenestratus,Fenestrate top
TKX,Tectus dentatus,Dentate top shell
UMV,Umbonium vestiarium,Common button top
UBT,Umbonium costatum,Costate top
KUI,Cittarium pica,West Indian top shell
OAW,Phorcus atratus,NA
JKU,Phorcus sauciatus,NA
DOW,Skenea profunda,NA
KWM,Steromphala cineraria,NA
ZRM,Trochidae,Top shells
QAT,Astrea turbanica,Rockpile turban
QAU,Astrea undosa,Wavy turban
QAS,Astrea spirata,Spirate turban
UBF,Turbo fluctuosus,Pacific turban
TOS,Turbo cornutus,Horned turban
UBX,Turbo saxosus,Stone turban
UBQ,Turbo squamiger,Squamate turban
GIW,Turbo sarmaticus,Giant periwinkle
UBR,Turbo argyrostomus,Silvermouth turban
UBH,Turbo chrysostomus,Goldmouth turban
UOA,Turbo marmoratus,Green turban
UBE,Turbo petholatus,Tapestry turban
UOS,Turbo setosus,Rough turban
UOB,Turbo bruneus,Brown Pacific turban
UOI,Turbo cinereus,Smooth moon turban
UOO,Turbo coronatus,Coronate moon turban
UOR,Turbo crassus,Crass turban
UBN,Turbo canaliculatus,Channelled turban
UOT,Turbo castanea,Chestnut turban
UXS,Turbo spp,Turbans nei
HOW,Homalopoma sanguineum,Blood-stained turbo
TMZ,Astralium calcar,Spurred turban
LQK,Lithopoma caelatum,Carved star-shell
IPT,Lithopoma tecta,Imbricated star-shell
IPU,Lithopoma tuber,Green star-shell
AJR,Bolma rugosa,Rough turbo
BQA,Lambis lambis,Common spider conch
BQN,Lambis truncata,Giant spider conch
BQH,Lambis chiragra,Chiragra spider conch
BQW,Lambis crocata,Orange spider conch
BQI,Lambis millepeda,Milleped spider conch
BQJ,Lambis scorpius,Scorpio spider conch
BPX,Lambis spp,NA
TBI,Strombus gracilior,Eastern Pacific fighting conch
TBQ,Strombus granulatus,Granulated conch
QSA,Strombus aurisdianae,Diana conch
QSB,Strombus bulla,Bubble conch
QSG,Strombus gibberulus,Gibbose conch
QSL,Strombus labiatus,Plicate conch
QSE,Strombus lentiginosus,Silver conch
QSU,Strombus luhuanus,Strawberry conch
QSR,Strombus urceus,Little pitcher conch
QSD,Strombus dentatus,Samar conch
QSP,Strombus epidromis,Swan conch
QST,Strombus latissimus,Widest Pacific conch
QSM,Strombus marginatus,Marginate conch
QSI,Strombus mutabilis,Mutable conch
QSS,Strombus sinuatus,Laciniate conch
QSV,Strombus variabilis,Variable conch
UGA,Strombus gallus,Roster-tail conch
RXU,Strombus pugilis,Fighting conch
RXR,Strombus raninus,Hawk-wing conch
SXJ,Strombus tricornis,Three-knobbed conch
CON,Strombus spp,Stromboid conchs nei
TBE,Terebellum terebellum,Terebellum conch
IBF,Tibia fusus,Shinbone tibia
COO,Aliger gigas,Queen conch
QSN,Laevistrombus canarium,Dog conch
MBQ,Macrostrombus costatus,Milk conch
TBG,Titanostrombus galeatus,Giant Eastern Pacific conch
TBV,Lobatus peruvianus,Cock's comb conch
RXL,Thetystrombus latus,West African stromb
JTX,Strombidae,Conch shells nei
WHE,Buccinum undatum,Whelk
BCP,Buccinum humphreysianum,Humphrey's buccinum
ZJP,Buccinum bayani,Kaga whelk
BEX,Buccinum spp,NA
OOX,Solenosteira gatesi,Gates' goblet
KAD,Cantharus dorbignyi,D'Orbigny's buccinum
KQU,Cantharus undosus,Waved goblet
PIZ,Pisania striata,Striate pisania
YJA,Babylonia areolata,Maculated ivory whelk
YJU,Babylonia lutosa,Mud ivory whelk
YJS,Babylonia spirata,Spiral babylon
YJX,Babylonia spp,NA
NBT,Neobuccinum eatoni,Antarctic whelk
FOL,Trophon albolabratus,Antarctic trophon
FPX,Trophon spp,NA
WUW,Pareuthria cerealis,NA
WUX,Pareuthria spp,NA
DMW,Austrofusus chathamensis,NA
KWH,Austrofusus glans,NA
DMX,Austrofusus spp,NA
AJV,Aeneator recens,NA
BQO,Euthria cornea,Striated buccinum
DSW,Beringius turtoni,NA
ZTD,Neptunea contraria,Left-handed whelk
ZTE,Neptunea antiqua,Ancient whelk
KWJ,Volutopsius norwegicus,Norway whelk
ZDN,Buccinidae,Whelks nei
MGZ,Melongena patula,Pacific melongena
NGK,Melongena melongena,West Indian crown conch
NFX,Melongena spp,NA
UGC,Pugilina cochlidium,Spiral melongena
UGK,Pugilina colosseus,Colossal melongena
UGT,Pugilina ternatana,Ternate melongena
UGO,Pugilina morio,Giant hairy melongena
UGX,Pugilina spp,NA
WJT,Busycon carica,Knobbed whelk
WKO,Busycon sinistrum,Lightning whelk
WHX,Busycon spp,Whelks
VLM,Volema myristica,Nutmeg melongena
WKQ,Busycotypus canaliculatus,Channeled whelk
UNN,Bufonaria nana,Dwarf frog shell
UFO,Bufonaria crumena,Purse frog shell
UON,Bufonaria rana,Common frog shell
UUN,Bursa bufonia,Warty frog shell
UUB,Tutufa bubo,Giant frog shell
UUE,Tutufa rubeta,Reddish frog shell
VAX,Bursidae,Frog shell nei
FUQ,Phalium centiquadratum,Pacific Scotch bonnet
FAD,Phalium bandatum,Banded bonnet
FAR,Phalium areola,Checkerboard bonnet
FAU,Phalium glaucum,Grey bonnet
FAX,Phalium spp,NA
KSC,Cassis cornuta,Horned helmet
KSF,Cassis flammea,Flame helmet
KSD,Cassis madagascariensis,Emperor helmet
KST,Cassis tuberosa,King helmet
KSS,Cassis tessellata,Tessellate helmet
KSX,Cassis spp,NA
YRR,Cypraecassis rufa,Bullmouth helmet
FMG,Semicassis granulata,Scotch bonnet
FMS,Semicassis saburon,Saburon helmet
KDE,Galeodea echinophora,Spiny bonnet
KDH,Galeodea rugosa,Rugose bonnet
XIX,Cassidae,Helmets shells nei
TBJ,Strombina fusinoidea,Slender strombina
YEC,Pyrene scripta,Dotted dove shell
KDU,Crepidula aculeata,Spiny slipper shell
KDX,Crepidula excavata,Excavated slipper shell
KDY,Crepidula onyx,Onyx slipper shell
KPB,Crepidula gibbosa,Slipper-limpet crepidule
KPI,Crepidula unguiformis,Nail-shaped crepidule
KPE,Crepidula goreensis,Goree slipper shell
KDF,Crepidula fornicata,American slipper-limpet
KWX,Crepidula spp,NA
KRS,Crucibulum scutellatum,Brown cup-and-saucer
KXX,Crucibulum spp,NA
KPJ,Calyptraea chinensis,Chinese cup-and-saucer
FSD,Fusinus dupetitthouarsi,Du Petit's spindle
FSO,Fusinus rostratus,Beaked fusus
FSY,Fusinus syracusanus,Syracusan fusus
FUK,Fusinus colus,Distaff spindle
FUN,Fusinus nicobaricus,Nicobar spindle
FUL,Fusinus closter,Philippi's spindle
UPK,Pleuroploca princeps,Prince horse conch
UQS,Pleuroploca salmo,Salmon horse conch
UOZ,Pleuroploca trapezium,Trapezium horse conch
UVX,Pleuroploca spp,Horse conches nei
FKL,Fasciolaria lignaria,Wooden fasciolaria
FST,Fasciolaria tulipa,True tulip
FKX,Fasciolaria spp,NA
GQG,Latirolagena smaragdula,Precious stone shell
IUO,Latirus polygonus,Many-angled spindle
JSI,Latirus infundibulum,Brown-lined latirus
LZN,Leucozonia nassa,Chestnut latirus
ZMI,Fasciolariidae,NA
GHN,Megathura crenulata,Great keyhole limpet
FSE,Fissurella virescens,Green Panama keyhole limpet
FSB,Fissurella barbadensis,Barbados keyhole limpet
FSM,Fissurella nimbosa,Rayed keyhole limpet
FSU,Fissurella nubecula,Cloudy keyhole limpet
FSK,Fissurella coarctata,Compressed keyhole limpet
FSX,Fissurella spp,NA
TBB,Stromboli beebei,Stromboli keyhole limpet
DDL,Diodora listeri,Lister's keyhole limpet
DFX,Diodora spp,NA
LQJ,Lottia gigantea,Giant owl limpet
LQT,Lottia limatula,File limpet
KJX,Lottia spp,NA
LDX,Patelloida saccharina,Pacific sugar limpet
LDZ,Patelloida striata,Striate limpet
JYW,Scurria plana,NA
JYX,Scurria spp,NA
NJB,Natica broderipiana,Broderip's moon snail
NJC,Natica chemnitzii,Chemnitz's moon snail
NTZ,Natica euzona,Beautifully-banded moon snail
NJS,Natica stellata,Starry moon snail
NJT,Natica tigrina,Tiger moon snail
NJV,Natica vitellus,Calf moon snail
NJU,Natica gualteriana,Gualteri's moon snail
NJL,Natica lineata,Lined moon snail
NKA,Natica adansoni,Adanson's moon snail
NKO,Natica collaris,Collar moon snail
NKM,Natica fulminea,Flamed moon snail
NKK,Natica marochiensis,Morocco moon snail
NKT,Natica turtoni,Turton's moon snail
NDX,Natica spp,NA
NKH,Naticarius hebraeus,Hebrew moon-shell
NKS,Naticarius stercus-muscarum,Thousand-spotted moon-shell
NKD,Naticarius dillwyni,Dillwyn's moon-shell
NKV,Naticarius vittatus,Ribboned moon-shell
NVJ,Neverita josephinia,Josephine's moon-shell
NVA,Neverita albumen,Eggwhite moon snail
NVE,Neverita peselephanti,Elephant's-foot moon snail
UTG,Lunatia guillemini,Guillemin's moon-shell
UTP,Lunatia pulchella,Pretty moon-shell
YDI,Payraudeautia intricata,Entangled moon-shell
TCX,Tectonatica filosa,Flamed moon-shell
OKY,Polinices didyma,Bladder moon snail
OKM,Polinices mammilla,Pear-shaped moon snail
OKU,Polinices melanostoma,Blackmouth moon snail
OLZ,Polinices sebae,Seba's moon snail
OWE,Polinices hepaticus,NA
OWF,Polinices otis,NA
UMU,Sinum concavum,Concave baby's ear
UIX,Sinum spp,NA
UNQ,Euspira catena,Chained moon-shell
UTF,Euspira fusca,Brown moon-shell
UGV,Euspira nitida,Common necklace shell
OVF,Oliva porphyria,Tent olive
OVI,Oliva miniacea,Redmouth olive
OVN,Oliva annulata,Amethyst olive
OVC,Oliva caerulea,Purplemouth olive
OVV,Oliva oliva,Common olive
OVR,Oliva reticulata,Blood olive
OVT,Oliva tricolor,Tricolor olive
OVU,Oliva vidua,Black olive
OVL,Oliva reticularis,Netted olice
OVS,Oliva sayana,Lettered olive
OVG,Oliva tigrina,Tiger olive
OXX,Oliva spp,NA
PXQ,Patella mexicana,Giant Mexican limpet
LQC,Patella caerulea,Rayed mediterranean limpet
LQF,Patella ferruginea,Ferreous limpet
LQN,Patella nigra,Black limpet
LQR,Patella rustica,Rustic limpet
LQY,Patella ulyssiponensis,Rough limpet
PQX,Patella flexuosa,Star-shaped limpet
QPM,Patella miniata,Cinnabar limpet
QTV,Patella vulgata,Limpet
WPT,Patella tenuis,NA
QTE,Patella depressa,NA
QTI,Patella lugubris,Mournful limpet
NII,Patella candei,NA
LPZ,Patella spp,Limpets nei
HNY,Helcion pellucidus,Velvet helcion
KNO,Cellana rota,Rayed limpet
KNT,Cellana testudinaria,Turtle limpet
NCI,Nacella concinna,Antarctic limpet
NCJ,Nacella edgari,Depressed limpet
NKG,Nacella kerguelenensis,Kerguelen limpet
CZD,Cymbula nigra,NA
DSD,Distorsio decussata,Decussate distorsio
DSN,Distorsio anus,Common distorsio
DSR,Distorsio reticularis,Reticulate distorsio
RCQ,Rhinocoryne humboldti,Humboldt's potamid
KHO,Cerithidea obtusa,Obtuse horn shell
KHC,Cerithidea cingulata,Girdled horn shell
KHQ,Cerithidea quadrata,Quadrate horn shell
KED,Cerithidea decollata,Cut-off swamp cerith
TXE,Telescopium telescopium,Telescope snail
TBP,Terebralia palustris,Mud creeper
TBX,Terebralia sulcata,Sulcate swamp cerith
FNG,Siphonaria gigas,Giant false limpet
FNJ,Siphonaria javanica,Javanese false limpet
FNL,Siphonaria laciniosa,Fringed false limpet
FNS,Siphonaria sirius,Sirius false limpet
ZQW,Siphonaria spp,False limpets
MGH,Malea ringens,Pacific cask shell
MEZ,Malea pomum,Grinning tun
MZX,Malea spp,NA
TOQ,Tonna galea,Helmet ton
TAV,Tonna allium,Costate tun
TPX,Tonna perdix,Pacific partridge tun
OSZ,Tonna sulcosa,Banded tun
OAC,Tonna canaliculata,Channeled tun
TOY,Tonna dolium,Spotted tun
QTO,Tonna olearium,Oily tun
QTT,Tonna tessellata,Mosaic tun
VSK,Vasum caestus,Gauntlet vase
VSE,Vasum ceramicum,Ceram vase
VST,Vasum turbinellus,Top vase
VSP,Vasum capitellum,Spiny vase
VSU,Vasum muricatum,Caribbean vase
YXA,Syrinx aruanus,Australian trumpet
UBY,Turbinella pyrum,Indian chank
UAX,Turbinella spp,NA
BZW,Coluzea mariae,NA
KFU,Knefastia tuberculifera,Tuberculate kneefastia
YSY,Polystira nobilis,Noble giant turrid
YSX,Polystira oxytropis,White keeled turrid
URJ,Tiariturris libya,Lybian turrid
LFJ,Lophiotoma indica,Indian turrid
UCJ,Turricula javana,Javanese turrid
UIY,Turris babylonia,Babylonia turrid
OHQ,Aporrhais pespelecani,Common pelican-foot
OHX,Aporrhais serresianus,Serre's pelican-foot
OZE,Aporrhais spp,NA
KPR,Capulus ungaricus,Hungarian cap-shell
KTQ,Cerithium alucastrum,Spicate cerithe
KHR,Cerithium rupestre,Mediterranean cerithe
KHV,Cerithium vulgatum,Common cerithe
KEC,Cerithium coralium,Coral cerith
KEE,Cerithium echinatum,Spinose cerith
KEN,Cerithium nodulosum,Giant knobbed cerith
KYY,Clypeomorus batillariaeformis,Necklace cerith
RVF,Rhinoclavis fasciata,Banded vertagus
RVV,Rhinoclavis vertagus,Common vergatus
RVA,Rhinoclavis aspera,Rough vergatus
RVS,Rhinoclavis sinensis,Obelisk vergatus
PVC,Pseudovergatus aluco,Aluco vergatus
WCB,Bittium reticulatum,Needle whelk
KFK,Coralliophila alaucoides,Lamellose coral-shell
KFB,Coralliophila brevis,Short coral-shell
KFM,Coralliophila meyendorffi,Meyendorff's coral shell
LXA,Latiaxis babelis,Babel's latiaxis
KRJ,Charonia lampas,Knobbed triton
KRN,Charonia tritonis,Variegated triton
KVX,Charonia spp,NA
YYW,Priene scabrum,NA
YYX,Priene spp,NA
AGJ,Ranella olearium,Oil-vessel triton
MJQ,Mitra cornicula,Horny miter
IRN,Mitra nigra,Brown miter
IRZ,Mitra zonata,Zoned miter
IRR,Mitra eremitarum,Adusta miter
IRM,Mitra mitra,Episcopal miter
IRK,Mitra stictica,Pontifical miter
UIN,Pusia ebenus,Ebony miter
VGX,Mitridae,Mitres nei
IIL,Hinia limata,Filed nassa
NKN,Nassarius corniculus,Horned nassa
NKC,Nassarius cuvieri,Cuvier's nassa
NAZ,Nassarius gibbosulus,Gibbous nassa
NJA,Nassarius arcularius,Cake nassa
NJO,Nassarius coronatus,Coronate nassa
NJR,Nassarius crematus,Burned nassa
NJD,Nassarius dorsatus,Channeled nassa
NJN,Nassarius glans,Glans nassa
NBX,Nassarius spp,NA
YCJ,Cyclope neritea,Cyclope nassa
ULJ,Bullia miran,Miran bullia
UNX,Bullia spp,NA
IIR,Tritia reticulata,Netted nassa
III,Tritia incrassata,Thickened nassa
NSQ,Tritia mutabilis,Changeable nassa
UTO,Turritella communis,Horny auger
ULR,Turritella monterosatoi,Monterosato's auger
URO,Turritella turbona,Muddy auger
UIR,Turritella terebra,Screw turret
UID,Turritella duplicata,Duplicate turret
NQB,Nerita albicilla,Oxpalate nerite
NQC,Nerita chameleon,Chameleon nerite
NQP,Nerita plicata,Plicate nerite
NQO,Nerita polita,Polished nerite
NQK,Nerita costata,Costate nerite
NQI,Nerita picea,Pitchy nerite
NQL,Nerita planospira,Flatspired nerite
NQQ,Nerita squamulata,Scaly nerite
NJE,Nerita peloronta,Bleeding tooth
NQS,Nerita senegalensis,Senegal nerite
NIX,Nerita spp,NA
NQJ,Neritina turrita,Turreted nerite
DDX,Dendropoma maximum,Great worm shell
UBL,Serpulorbis colubrinus,Snake-like worm shell
UOE,Serpulorbis medusae,Jellyfish worm shell
QIM,Ceraesignum maximum,Operculate worm snail
XFO,Xenophora solaris,Sunburst carrier shell
YEA,Cyprea arabica,Arabian cowrie
YEM,Cyprea mappa,Map cowrie
YEJ,Cyprea mauritiana,Humpback cowrie
YRT,Cyprea talpa,Mole cowrie
YRQ,Cyprea tigris,Tiger cowrie
YRV,Cyprea vitellus,Pacific deer cowrie
YRL,Cyprea annulus,Gold ring cowrie
YPG,Cyprea argus,Eyed cowie
YQB,Cyprea bouteti,Boutet's cowrie
YQC,Cyprea caputserpentis,Serpent's head cowrie
YQA,Cyprea carneola,Carnelian cowrie
YQU,Cyprea caurica,Dragon cowrie
YQD,Cyprea depressa,Depressed cowrie
YQE,Cyprea eglantina,Eglantine cowrie
YQR,Cyprea erosa,Eroded cowrie
YQS,Cyprea isabella,Isabelle cowrie
YQL,Cyprea leviathan,Monster cowrie
YQY,Cyprea lynx,Lynx cowrie
YQM,Cyprea maculifera,Reticulated cowrie
YQO,Cyprea moneta,Money cowrie
YQV,Cyprea obvelata,Walled cowrie
YQX,Cyprea onyx,Onyx cowrie
YQH,Cyprea schilderorum,Schilders' cowrie
YPZ,Cyprea scurra,Jester cowrie
YQN,Cyprea ventriculus,Tummy cowrie
YPH,Cyprea histrio,Histrio cowrie
YVG,Chelycypraea testudinaria,Tortoise cowrie
ZAX,Cypraeidae,Cowries nei
OVO,Ovula ovum,Common egg cowrie
VVV,Volva volva,Shuttlecock volva
FIG,Ficus gracilis,Graceful fig shell
FIU,Ficus subintermedia,Underlined fig shell
KOC,Colubraria muricata,Maculated dwarf triton
YBV,Cymbiola vespertilio,Bat volute
EOQ,Melo amphora,Diadem volute
EOX,Melo melo,Indian volute
VLU,Voluta musica,Common music volute
VLV,Voluta virescens,Green music volute
YBC,Cymbium cymbium,Pig's snout volute
YBM,Cymbium marmoratum,Marmorate volute
YBG,Cymbium glans,Elephant's snout volute
YBP,Cymbium pepo,Neptune's volute
YBO,Cymbium olla,Olla volute
CXY,Cymbium spp,Volutes nei
HVC,Harpovoluta charcoti,Charcot's volute
VCP,Provocator pulcher,Challenger volute
GVO,Provocator mirabilis,Golden volute
ZDF,Zidona dufresnei,Angulate volute
WTW,Odontocymbiola americana,NA
WTX,Odontocymbiola spp,NA
DVW,Adelomelon ancilla,NA
DVX,Adelomelon spp,NA
AJO,Alcithoe larochei,Volute
QOR,Ampulla priamus,Spotted flask
HRQ,Harpa articularis,Articulate harp
HRX,Harpa harpa,True harp
HBM,Harpa major,Major harp
JJX,Harpidae,Harp shells nei
VXR,Vexillum rugosum,Rugose iter
VXU,Vexillum vulpeculum,Little-fox miter
KNL,Conus litteratus,Lettered cone
KNQ,Conus quercinus,Oak cone
KNE,Conus suratensis,Suratan cone
KNB,Conus betulinus,Beech cone
KOK,Conus coronatus,Crowned cone
KNV,Conus flavidus,Yellow Pacific cone
KNG,Conus generalis,General cone
KOE,Conus leopardus,Leopard cone
KOV,Conus lividus,Livid cone
KOO,Conus marmoreus,Marble cone
KOA,Conus radiatus,Rayed cone
KOQ,Conus tessulatus,Tesselate cone
KUX,Conus textile,Textile cone
KUM,Conus mus,Mouse cone
KUJ,Conus regius,Royal cone
XUX,Conidae,Cone shells nei
BQK,Terebra maculata,Marlinspike
BQE,Terebra areolata,Fly spotted auger
BQQ,Terebra subulata,Subulate auger
ULH,Hastula hectica,Sandbeach auger
JVX,Terebridae,Auger shells nei
KKX,Architectonica maxima,Giant sundial
KKR,Architectonica perspectiva,Clear sundial
DBU,Dolabella auricularia,Shoulderblade sea cat
EBD,Ellobium aurisjudae,Judas ear cassidula
EBM,Ellobium aurismidae,Midas ear cassidula
YHS,Pythia scarabeus,Common pythia
QPB,Perissodonta mirabilis,Subantarctic struthiolaria
UDW,Trochita pileus,NA
UDX,Trochita spp,NA
DAW,Crepipatella orbiculata,Round slippersnail
DAX,Crepipatella spp,NA
DAL,Calliostoma turnerarum,NA
JQG,Bullacta exarata,Korean mud snail
WPZ,Pomacea urceus,NA
ZQG,Pila globosa,Common Indian apple snail
DQH,Pusillina tumidula,NA
NBL,Melanella alba,NA
ZLX,Eulimidae,NA
IPE,Epitonium clathrus,European wentletrap
ZLL,Epitoniidae,Wentletraps
FEM,Acteon tornatilis,European acteon
OZH,Margarites helicinus,NA
JIR,Colus gracilis,Slender colus
JIS,Colus islandicus,Islandic colus
JIT,Colus jeffreysianus,Jeffrey's colus
FPT,Philine aperta,Open-shelled paperbubble
GXZ,Pleurobranchus membranaceus,NA
JTR,Scaphander lignarius,Woody canoe-bubblesnail
TWZ,Trivia arctica,Northern cowrie
ZRI,Triviidae,Bean cowries
AZG,Argobuccinum argus,NA
ZJN,Argobuccinum spp,NA
KMU,Cymatium cutaceum,Cuticle-clad triton
KMR,Cymatium parthenopus,Neapolitan triton
YMM,Cymatium muricinum,Shortneck triton
YMN,Cymatium nicobaricum,Nicobar hairy triton
YMJ,Cymatium aquatile,Aquatile hairy triton
YUI,Cymatium intermedium,Intermediate hairy triton
YUL,Cymatium lotorium,Black-spotted triton
YUJ,Cymatium pileare,Common hairy triton
YUY,Cymatium pyrum,Pear triton
YJF,Cymatium femorale,Angular triton
FEW,Fusitriton oregonensis,Oregon triton
FMB,Fusitriton magellanicus,NA
FEX,Fusitriton spp,NA
KMO,Monoplex corrugatus,Corrugated triton
ZLC,Cymatiidae,Rock whelks
ZJY,Cancellariidae,Nutmeg snails
ZNF,Liotiidae,NA
ZNJ,Marginellidae,Marginellas
ZIW,Amphidromus javanicus,NA
ZQD,Phasianellidae,Pheasant shells
GAS,Gastropoda,Gastropods nei
KSH,Doris kerguelenensis,NA
KVU,Doris pseudoargus,Sea lemon
JII,Tritonia hombergii,NA
KPZ,Acanthodoris pilosa,Thorny doris
EZD,Dendronotus frondosus,Bushy-backed nudibranch
FCF,Facelina auriculata,Slender facelina
KNP,Alectryonella plicatula,Fingerprint oyster
OGQ,Ostrea angasi,Australian mud oyster
OAH,Ostrea atherstonei,Red flat oyster
OCH,Ostrea chilensis,Chilean oyster
ODW,Ostrea denselamellosa,Japanese flat oyster
OYF,Ostrea edulis,European flat oyster
OFO,Ostrea lurida,Yaquina oyster
OBF,Ostrea puelchana,NA
YKG,Ostrea angelica,Angel oyster
OYH,Ostrea conchaphila,Olympia oyster
OAQ,Ostrea equestris,Crested oyster
OYX,Ostrea spp,Flat oysters nei
OAK,Saccostrea kegaki,Kegaki oyster
KOM,Saccostrea malabonensis,Philippines hooded oyster
KOX,Saccostrea mordax,Coral rock oyster
KOU,Saccostrea palmula,Palmate oyster
CSC,Saccostrea cuccullata,Hooded oyster
OYS,Saccostrea glomerata,Sydney cupped oyster
OYN,Saccostrea echinata,Spiny rock oyster
OZX,Saccostrea spp,NA
DDF,Dendostrea folium,Leaf oyster
DDO,Dendostrea frons,Frons oyster
IOM,Striostrea margaritacea,Sand oyster
IOK,Striostrea prismatica,Stone oyster
ODE,Striostrea denticulata,Denticulate rock oyster
LFI,Lopha cristagalli,Cock's comb oyster
OYM,Crassostrea rhizophorae,Mangrove cupped oyster
OYA,Crassostrea virginica,American cupped oyster
KAN,Crassostrea ariakensis,Ariake cupped oyster
KAY,Crassostrea gryphoides,Gryphea cupped oyster
OYI,Crassostrea madrasensis,Indian backwater oyster
CSI,Crassostrea iredalei,Slipper cupped oyster
OYL,Crassostrea belcheri,Lugubrious cupped oyster
OYR,Crassostrea corteziensis,Cortez oyster
OYU,Crassostrea rivularis,Suminoe oyster
KRL,Crassostrea columbiensis,Columbia black oyster
OGZ,Crassostrea tulipa,Gasar cupped oyster
KBL,Crassostrea sikamea,Kumamoto oyster
OYC,Crassostrea spp,Cupped oysters nei
UOG,Undulostrea megodon,Megodon oyster
QOS,Ostreola stentina,Dwarf oyster
OYG,Magallana gigas,Pacific cupped oyster
OST,Ostreidae,Flat and cupped oysters nei
YOH,Hyotissa hyotis,Honeycomb oyster
YTQ,Hyotissa fisheri,Wrinkled oyster
YRX,Hyotissa spp,NA
NPQ,Neopycnodonte cochlear,Spoon oyster
NOQ,Anomia ephippium,Common jingle shell
NPV,Anomia peruviana,Peruvian jingle shell
NLX,Anomia spp,NA
ODQ,Pododesmus cepio,Abalone jingle shell
JBV,Pododesmus patelliformis,Ribbed saddle oyster
NXX,Pododesmus spp,NA
IMA,Isognomon alatus,Flat tree oyster
IMR,Isognomon recognitus,Pacific tree oyster
IOJ,Isognomon janus,Janus tree oyster
IGH,Isognomon ephippium,Saddle tree oyster
IGQ,Isognomon isognomum,Wader tree oyster
IMP,Isognomon perna,Rayed tree oyster
IMX,Isognomon spp,NA
USG,Malleus regula,Straight hammer oyster
EQB,Malleus albus,White hammer oyster
EQM,Malleus malleus,Black hammer oyster
DYM,Spondylus americanus,Atlantic thorny oyster
DYD,Spondylus gaederopus,European thorny oyster
DYJ,Spondylus ictericus,Digitate thorny oyster
ONF,Spondylus calcifer,Donkey thorny oyster
OUQ,Spondylus princeps,Pacific thorny oyster
OOQ,Spondylus squamosus,Ducal thorny oyster
DYB,Spondylus barbatus,Bearded thorny oyster
DUL,Spondylus butleri,Butler's thorny oyster
DSJ,Spondylus imperialis,Imperial thorny oyster
DSV,Spondylus versicolor,Golden thorny oyster
ZQZ,Spondylus lamarckii,NA
DZX,Spondylus spp,Thorny oysters nei
EGW,Euciroa galatheae,NA
ZQR,Potamocorbula fasciata,NA
MUK,Mytilus unguiculatus,Korean mussel
MUJ,Mytilus californianus,Californian mussel
MYC,Mytilus chilensis,Chilean mussel
MUS,Mytilus edulis,Blue mussel
YUD,Mytilus desolationis,Kerguelen mussel
YUS,Mytilus trossulus,Norhtern blue mussel
MSR,Mytilus platensis,River Plata mussel
MSM,Mytilus galloprovincialis,Mediterranean mussel
MYA,Mytilus planulatus,Australian mussel
MYV,Mytilus spp,Mytilus mussels nei
YEG,Mytella guyanensis,Guyana swamp mussel
YER,Mytella strigata,Strigate mangrove mussel
YEP,Mytella speciosa,Reeve's mangrove mussel
KUK,Arcuatula arcuatula,Arcuate mussel
GKD,Geukensia demissa,Atlantic ribbed mussel
IHR,Ischadium recurvum,Hooked mussel
LFF,Lithophaga lithophaga,European date mussel
LFN,Lithophaga attenuata,Pacific date mussel
LFS,Lithophaga teres,Cylinder date mussel
NJX,Lithophaga spp,Date mussels nei
UUH,Musculista senhousia,Senhouse horse mussel
FRB,Septifer bilocularis,Box mussel
TVS,Stavelia subdistorta,Distorted mussel
CHC,Choromytilus chorus,Choro mussel
YUM,Choromytilus meridionalis,Black mussel
YUP,Choromytilus palliopunctatus,Pinpricked mussel
DLC,Modiolus auriculatus,Eared horse mussel
DJB,Modiolus barbatus,Bearded horse mussel
DJK,Modiolus kurilensis,Kurilean horse mussel
DJM,Modiolus metcalfei,Yellowbanded horse mussel
DJO,Modiolus modiolus,Northern horse mussel
DJF,Modiolus philippinarum,Philippine horse mussel
DJX,Modiolus capax,Capax horse mussel
DJI,Modiolus americanus,Tulip mussel
DJE,Modiolus eiseni,Offshore horse mussel
DJU,Modiolus rectus,Straight horse mussel
DJN,Modiolus nitens,Shiny mussel
DJH,Modiolus rhomboideus,Rhomboid mussel
DJQ,Modiolus squamosus,False tulip mussel
DJD,Modiolus adriaticus,Adriatic horse mussel
DLQ,Modiolus aratus,Furrowed horse mussel
MOD,Modiolus spp,Horse mussels nei
MSL,Perna perna,South American rock mussel
MSV,Perna viridis,Green mussel
MUZ,Perna canaliculus,New Zealand mussel
MSI,Perna indica,Indian brown mussel
PQJ,Perna picta,African mussel
XMS,Perna spp,Perna mussels nei
MSC,Aulacomya ater,Cholga mussel
BFF,Brachidontes purpuratus,NA
BFH,Brachidontes rodriguezii,NA
DOF,Semimytilus algosus,NA
JYN,Musculus discors,Green crenella
MSX,Mytilidae,Sea mussels nei
QPF,Aequipecten felipponei,Felippone's scallop
QPT,Aequipecten tehuelchus,Tehuelche scallop
QSC,Aequipecten opercularis,Queen scallop
DMK,Adamussium colbecki,Antarctic scallop
KTJ,Pecten albicans,Japanese baking scallop
KTO,Pecten modestus,Modest scallop
KTN,Pecten sinensis,Chinese scallop
EKY,Pecten berryi,Lunar Mexican scallop
EKD,Pecten diegensis,San Diego scallop
KTE,Pecten sericeus,Silken scallop
EKV,Pecten vogdesi,Vogde's scallop
SCE,Pecten maximus,Great Atlantic scallop
PSU,Pecten sulcicostatus,Groovesided scallop
SJA,Pecten jacobaeus,Great Mediterranean scallop
SCZ,Pecten novaezelandiae,New Zealand scallop
SSC,Pecten fumatus,Southern Australia scallop
EKZ,Pecten ziczac,Zigzag scallop
KTZ,Pecten spp,Pecten scallops nei
UMJ,Amusium japonicum,Saucer scallop
UMP,Amusium pleuronectes,Asian moon scallop
UMY,Amusium papyraceum,Paper moon scallop
QCB,Equichlamys bifrons,Bifrons scallop
FXG,Flexopecten glaber,Smooth scallop
FXP,Flexopecten proteus,Proteus scallop
FXF,Flexopecten flexuosus,Flexuous scallop
INQ,Hinnites giganteus,Giant rock scallop
YKD,Lyropecten subnodosus,Pacific lion's paw
YRD,Lyropecten nodosus,Lion's paw
SWW,Swiftopecten swiftii,Swift's scallop
SCA,Placopecten magellanicus,American sea scallop
GLQ,Gloripallium pallium,Royal cloak scallop
MPX,Manupecten pesfelis,Cat's paw scallop
UDV,Pseudamussium clavatum,Club scallop
UEV,Pseudamussium peslutrae,Seven-rayed scallop
SCC,Argopecten gibbus,Calico scallop
SCB,Argopecten irradians,Atlantic bay scallop
SCQ,Argopecten purpuratus,Peruvian calico scallop
SCH,Argopecten ventricosus,Pacific calico scallop
ISC,Chlamys islandica,Iceland scallop
CMF,Chlamys farreri,Farrer's scallop
KLJ,Chlamys asperrima,Doughboy scallop
KLH,Chlamys hastata,Spiny scallop
KLD,Chlamys rubida,Hind's scallop
KLN,Chlamys senatoria,Senatorial scallop
KMM,Chlamys multistriata,Little bay scallop
LAQ,Chlamys squamata,Scaly Pacific scallop
KMV,Chlamys livida,Scallop
ZKQ,Chlamys spp,NA
DEI,Decatopecten amiculum,Cloak scallop
DKD,Decatopecten radula,Flatribbed scallop
NKF,Annachlamys flabellata,Leopard scallop
BAV,Bractechlamys vexillum,Distant scallop
MVY,Minnivola pyxidata,Box scallop
VOS,Volachlamys singaporina,Singapore scallop
SCG,Patinopecten caurinus,Weathervane scallop
ZYE,Zygochlamys delicatula,Delicate scallop
ZYP,Zygochlamys patagonica,Patagonian scallop
VSC,Mimachlamys varia,Variegated scallop
CMN,Mimachlamys crassicostata,Noble scallop
JSC,Mizuhopecten yessoensis,Yesso scallop
JYT,Palliolum tigerinum,Tiger scallop
JBU,Delectopecten vitreus,Vitreous scallop
SCX,Pectinidae,Scallops nei
IML,Lima lima,Spiny file shell
IMV,Lima vulgaris,Common file shell
IMT,Limaria tuberculata,Inflated file shell
DSG,Limaria hians,NA
KTR,Acesta rathbuni,Rathbun's giant file shell
AVI,Acesta maui,Giant file shell
KTX,Ctenoides scabra,Rough lima
TQF,Atrina fragilis,Brittle pen shell
TQE,Atrina pectinata,Comb pen shell
TQM,Atrina maura,Maura pen shell
TQC,Atrina tuberculosa,Tuberculate pen shell
TQX,Atrina vexillum,Flag pen shell
RNY,Atrina chautardi,Chautard's pen shell
TQY,Atrina spp,Pen shells nei
PQB,Pinna nobilis,Noble pen shell
PJQ,Pinna rugosa,Rugose pen shell
IAK,Pinna bicolor,Bicolor pen shell
NAJ,Pinna muricata,Prickly pen shell
NNW,Pinna rudis,Rough pen shell
IDX,Pinna spp,NA
GKV,Glauconome virens,Greenish glauconomya
KMB,Chama buddiana,Mexican jewel box
KML,Chama lazarus,Lazarus jewel box
KMP,Chama pacifica,Reflexed jewel box
KMS,Chama savignyi,Savigny's jewel box
GQH,Glossus humanus,Oxheart cockle
RAW,Arca avellana,Hazelnut ark
RKM,Arca imbricata,Mossy ark
RKQ,Arca noae,Noah's ark
RQP,Arca pacifica,Chuchoca ark
RQV,Arca ventricosa,Ventricose ark
RQZ,Arca zebra,Turkey wing
AKQ,Arca navicularis,Indo-Pacific ark
ARK,Arca spp,Ark clams nei
BQB,Barbatia barbata,Hairy ark
BQF,Barbatia foliata,Decussate ark
BQU,Barbatia fusca,Almond ark
BIJ,Barbatia lurida,Lurid ark
BJX,Barbatia spp,NA
NIL,Senilia senilis,Heavy African ark
NJG,Noetia gambiensis,Gambia ark
NKX,Noetia spp,NA
FCR,Scapharca brasiliana,Incongruous ark
FCE,Scapharca chemnitzii,Chemnitz's ark
FCL,Scapharca globosa,Globose ark
FCD,Scapharca indica,Rudder ark
ACB,Scapharca broughtonii,Inflated ark
MCL,Scapharca subcrenata,Half-crenated ark
KFC,Scapharca cornea,Corneous ark
FKP,Scapharca pilula,Pill ark
NDU,Scapharca biangulata,Sowerby's ark
FTX,Scapharca spp,NA
DOE,Trisidos semitorta,Half-propellor ark
DOO,Trisidos tortuosa,Propellor ark
NDQ,Anadara antiquata,Antique ark
NDC,Anadara corbuloides,Basket ark
NDV,Anadara gibbosa,Diluvial ark
NDE,Anadara ferruginea,Rusty ark
NDN,Anadara grandis,Grand ark
NDM,Anadara mazatlanica,Mazatlan's ark
NDT,Anadara multicostata,Many ribbed ark
NDO,Anadara nodifera,Nodular ark
NQR,Anadara reinharti,Reinhart's ark
NQT,Anadara tuberculosa,Black ark
NDL,Anadara notabilis,Eared ark
NRQ,Anadara similis,Brown ark
DRG,Anadara senegalensis,Senegal ark
NDZ,Anadara ovalis,Blood ark
FCI,Anadara inaequivalvis,Inequivalve ark
BLS,Anadara spp,Anadara clams nei
BLC,Tegillarca granosa,Blood cockle
CLQ,Arctica islandica,Ocean quahog
SVE,Chamelea gallina,Striped venus
SZN,Chamelea striatula,NA
AYQ,Ameghinomya antiqua,King's littleneck
VUC,Venerupis corrugata,Corrugated venus
VEN,Venerupis spp,NA
ITU,Amiantis purpurata,Purple amiantis
NKB,Anomalocardia brasiliana,West Indian pointed venus
NAQ,Anomalocardia squamosa,Squamose venus
KLK,Callista chione,Smooth callista
KNN,Chione cancellata,Cross-barred venus
KNK,Chione kellettii,Kellett's Panama venus
KNF,Chione paphia,King venus
KNU,Chione stutchburyi,Stutchbury's venus
KIK,Chione californiensis,Common Californian venus
KIU,Chione fluctifraga,Smooth Pacific venus
KIG,Chione gnidia,Ornate venus
KID,Chione undatella,Frilled Californian venus
KIP,Chione compta,Small banded venus
KIS,Chione subrugosa,Semi-rough venus
KNX,Chione spp,NA
KFR,Circomphalus rosalina,African venus
KEX,Circomphalus spp,NA
EKP,Eumarcia paupercula,Koch's venus
EHX,Eurhomalea exalbida,Magellan clam
ERF,Eurhomalea rufa,Peruvian yellow clam
EZX,Eurhomalea spp,NA
GFD,Gafrarium dispar,Discrepant venus
GFK,Gafrarium divaricatum,Forked venus
GFJ,Gafrarium tumidum,Tumid venus
GFP,Gafrarium pectinatum,Comb venus
FZX,Gafrarium spp,Venus nei
GFQ,Gomphina aequilatera,Equilateral venus
KTH,Katelysia hiantina,Hiant venus
KYJ,Katelysia japonica,Japan venus
KYM,Katelysia marmorata,Marbled venus
IKK,Lioconcha castrensis,Camp pitar venus
IKO,Lioconcha ornata,Ornate pitar venus
KSM,Macrocallista maculata,Calico clam
KSN,Macrocallista nimbosa,Sunray venus
KAX,Macrocallista spp,NA
KIO,Marcia opima,Fertile venus
RFM,Marcia flammea,Ovate clam
HCJ,Meretrix lusoria,Japanese hard clam
HCA,Meretrix meretrix,Asiatic hard clam
MXK,Meretrix casta,Backwater hard clam
MXL,Meretrix lyrata,Lyrate hard clam
MXH,Meretrix petechialis,Spotted hard clam
HCX,Meretrix spp,Hard clams nei
EGA,Megapitaria aurantiaca,Golden callista
EGQ,Megapitaria squalida,Squalid callista
EGI,Periglypta listeri,Princess venus
EGU,Periglypta puerpera,Youthful venus
GTQ,Periglypta multicostata,Many-ridged venus
EGK,Periglypta clathrata,Clathrate venus
EGE,Periglypta reticulata,Reticulated venus
CTG,Ruditapes decussatus,Grooved carpet shell
CLJ,Ruditapes philippinarum,Japanese carpet shell
RTV,Ruditapes variegatus,Variegated carpet shell
TPS,Ruditapes spp,Carpet shells nei
ITL,Pitar callicomatus,Ridged pitar venus
ITD,Pitar dione,Royal comb venus
ITI,Pitar fulminatus,Lightning venus
ITT,Pitar rostratus,Rostrate pitar
ITJ,Pitar unicolor,Self-coloured pitar
ITS,Pitar citrinus,Yellow pitar venus
IAC,Pitar pellucidus,Pellucid pitar venus
ITQ,Pitar rudis,Rough pitar venus
JTT,Pitar tumens,Swollen venus
IUX,Pitar spp,NA
KMT,Placamen tiara,Tiar venus
TQD,Tapes dorsatus,Turgid venus
TQJ,Tapes literatus,Lettered venus
TBC,Tapes belcheri,Belcher's venus
TWG,Tawera gayi,Gay's little venus
TVL,Tivela lessonii,Hians tivela
TVM,Tivela mactroides,Triangular tivela
TVT,Tivela stultorum,Pismo clam
TVV,Tivela ventricosa,Ventricose tivela
TVB,Tivela byronensis,Byron tivela
TVP,Tivela planulata,Flat tivela
TVR,Tivela tripla,Triple venus
QUZ,Tivela hians,NA
TVW,Tivela spp,Tivelas nei
VNI,Ventricolaria isocardia,Heart venus
VNG,Ventricolaria rigida,Rigid venus
VEV,Venus verrucosa,Warty venus
VUF,Venus foliaceolamellosa,Plicate venus
VNU,Venus nux,NA
KFA,Venus casina,Chamber venus
VEX,Venus spp,NA
KKS,Circe scripta,Script venus
KNJ,Cyclina sinensis,Oriental cyclina
UTU,Sunetta menstrualis,Mauve sunetta
UTC,Sunetta truncata,Truncate sunetta
KKC,Circentia callipyga,Venus clam
BCL,Saxidomus giganteus,Butter clam
SXI,Saxidomus nuttalli,Common butter clam
XDP,Saxidomus purpurata,Purple butter clam
XDX,Saxidomus spp,Butter clams nei
FAG,Paphia gallus,Rooster venus
FAT,Paphia textile,Textile venus
FAE,Paphia semirugata,Semigrooved venus
IPP,Paphia papilionacea,NA
NCL,Paphia spp,Short neck clams nei
PTS,Protothaca staminea,Pacific littleneck clam
ROQ,Protothaca asperrima,Rough littleneck
RQC,Protothaca columbiensis,Columbian littleneck
RQG,Protothaca grata,Lesser littleneck
RQE,Protothaca pectorina,Brazilian comb venus
RQT,Protothaca tenerrima,Thin-shelled littleneck
CLH,Mercenaria mercenaria,Northern quahog(=Hard clam)
EKK,Mercenaria campechiensis,Southern hardshell clam
EAX,Mercenaria spp,NA
DOR,Dosinia orbignyi,Dosinia clam
DNK,Dosinia dunkeri,Dunker's dosinia
DNJ,Dosinia japonica,Japanese dosinia
DSO,Dosinia ponderosa,Ponderous dosinia
DSX,Dosinia exoleta,Mature dosinia
DOI,Dosinia lupinus,Smooth dosinia
DSZ,Dosinia spp,Dosinias nei
NWP,Transennella pannosa,Fine clam
DOC,Polititapes durus,NA
VNA,Polititapes aureus,Golden carpet shell
VNR,Polititapes rhomboides,Banded carpet shell
FDW,Leukoma asperrima,NA
TCL,Leukoma thaca,Taca clam
FDX,Leukoma spp,NA
IFM,Mactromeris polynyma,Arctic surfclam
DOY,Turtonia minuta,NA
PAU,Paratapes undulatus,Undulate venus
JDJ,Timoclea ovata,Oval venus
CLV,Veneridae,Venus clams nei
HCL,Pseudocardium sybillae,Imperial surf clam
EQR,Eastonia rugosa,Rugose mactra
UTL,Lutraria lutraria,Common otter shell
UTA,Lutraria angustior,Narrow otter shell
UTM,Lutraria oblonga,Oblong otter shell
UTE,Lutraria elongata,Elongate mactra
UOQ,Lutraria maxima,NA
UQX,Lutraria spp,NA
RGQ,Rangia cuneata,Common rangia
RGD,Rangia mendica,Western Mexican rangia
RIX,Rangia spp,NA
TSX,Tresus capax,Fat horse clam
TQK,Tresus keenae,Japanese horse clam
TQU,Tresus nuttallii,Pacific horse clam
TQZ,Tresus spp,Pacific horse clams nei
MQC,Meropesta capillacea,Maidenhair mactra
MQJ,Meropesta pellucida,Pellucid mactra
WMC,Mactrellona alata,Panamic winged mactra
WMX,Mactrellona spp,NA
MQH,Mactra chinensis,Chinese trough shell
MQN,Mactra cuneata,Wedge trough shell
MQD,Mactra discors,Discors trough shell
MTV,Mactra veneriformis,Globose clam
MQG,Mactra iheringi,Ihering's trough shell
MAG,Mactra glabrata,Smooth mactra
MQS,Mactra isabelleana,Isabel surf clam
MQK,Mactra lilacea,Lilac trough shell
MQZ,Mactra luzonica,Luzon troughshell
MQM,Mactra maculata,Maculated troughshell
MQR,Mactra mera,Plain troughshell
MQO,Mactra murchisoni,Large trough shell
MQQ,Mactra petitii,Symmetrical trough shell
MKQ,Mactra achatina,Agate troughshell
MQW,Mactra violacea,Violet troughshell
MQX,Mactra stultorum,Rayed trough shell
MQY,Mactra glauca,Grey rough shell
AQG,Mactra largillierti,Largilliert's mactra
AQJ,Mactra nitida,Polished mactra
AQS,Mactra rostrata,Rostrate mactra
AQF,Mactra californica,Californian mactra
AQW,Mactra velata,Concealed surf clam
MWQ,Mactra spp,Trough shells nei
HVV,Harvella vitrea,Glassy mactra
CLB,Spisula solidissima,Atlantic surf clam
CLT,Spisula polynyma,Stimpson's surf clam
PQQ,Spisula aequilatera,Equal-sized surf clam
ULO,Spisula solida,Solid surf clam
ULT,Spisula subtruncata,Subtruncate surf clam
VCG,Spisula elliptica,Elliptical surfclam
SSD,Spisula spp,Surf clams nei
UNE,Mulinia cleryana,Caribbean surf clam
ZEC,Mulinia edulis,NA
MUN,Mulinia spp,Taquilla clams
QZW,Darina rustica,NA
QZX,Darina spp,NA
QHD,Mactrotoma antecedens,NA
MAT,Mactridae,Mactra surf clams nei
GKG,Glycymeris gigantea,Giant bittersweet
GKL,Glycymeris glycymeris,Common European bittersweet
GKU,Glycymeris maculata,Speckled bittersweet
GKO,Glycymeris ovata,Black bittersweet
GCJ,Glycymeris pilosa,Pilose bittersweet
GCV,Glycymeris reevei,Reeve's bittersweet
GCD,Glycymeris undata,Lined bittersweet
GCC,Glycymeris violacescens,Violet bittersweet
GCK,Glycymeris bimaculata,Two-spotted bittersweet
GKR,Glycymeris scripta,Scripta bittersweet
GLV,Glycymeris stellata,Vovan bittersweet
GJF,Glycymeris longior,NA
UCP,Tucetona pectunculus,Comb bittersweet
UCR,Tucetona strigilata,Tessellated bittersweet
GLX,Galatea paradoxa,Common galatea clam
GKX,Galatea spp,NA
DXA,Donax asper,Rough butterfly donax
DXC,Donax californicus,Californian donax
DXK,Donax carinatus,Sculptured donax
DXN,Donax cuneatus,Cuneate donax
DXD,Donax denticulatus,Common Caribbean donax
DXE,Donax dentifer,Toothed donax
DXF,Donax faba,Pacific bean donax
DXI,Donax gracilis,Gracile donax
DXH,Donax hanleyanus,La Plata donax
DXJ,Donax incarnatus,Fleshy donax
DXV,Donax peruvianus,Common peruvian donax
DXT,Donax punctatostriatus,Punctate donax
DNS,Donax rugosus,Rugose donax
DXO,Donax scortum,Leather donax
DXQ,Donax semistriatus,Half-striated donax
DNT,Donax striatus,Striate donax
DXL,Donax trunculus,Truncate donax
DNI,Donax vittatus,Banded donax
DNE,Donax deltoides,Goolwa donax
DOG,Donax gouldii,Bean donax
DOV,Donax variegatus,Smooth donax
DNY,Donax venustus,Lovely donax
DXX,Donax pulchellus,Beautiful donax
DON,Donax spp,Donax clams
IFB,Iphigenia brasiliana,Giant false donax
IFT,Iphigenia altior,Tall false donax
IFV,Iphigenia laevigata,Smooth false donax
IFD,Iphigenia delesserti,Delessert's false donax
IFR,Iphigenia rostrata,Rostrate false donax
IFX,Iphigenia spp,NA
FLC,Pharella acutidens,Sharp razor clam
FLJ,Pharella javanica,Javanese razor clam
SQD,Solen cylindraceus,Cylindrical razor shell
RAE,Solen marginatus,European razor clam
SGX,Solen gordonis,Akemate razor shell
RAC,Solen capensis,Cape razor clam
SVK,Solen kempi,Kemp's razor shell
SVM,Solen malaccensis,Malacca razor shell
SVU,Solen roseomaculatus,Pink-spotted razor shell
SVD,Solen rudis,Rough jackknife
SQV,Solen strictus,Gould's razor shell
OEX,Solen rostriformis,Rostrate jackknife
LNX,Solen grandis,Grand razor shell
ONK,Solen lamarckii,Lamarck's razor shell
EGN,Solen guineensis,Guinea razor shell
RAZ,Solen spp,Solen razor clams nei
EQK,Ensis magnus,Arched razor shell
CLR,Ensis leei,Atl.jackknife(=Atl.razor clam)
EQE,Ensis ensis,Pod razor shell
EQH,Ensis macha,Giant jackknife
EQI,Ensis siliqua,Sword razor shell
ENY,Ensis goreensis,Goree razor clam
EQX,Ensis spp,Ensis razor clams nei
RAP,Siliqua patula,Pacific razor clam
IQA,Siliqua alta,Dall's razor clam
IQR,Siliqua radiata,Sunset razor clam
IQW,Siliqua winteriana,Winter's razor clam
IQX,Siliqua spp,NA
ULN,Cultellus tenuis,African knife shell
UOX,Cultellus spp,NA
SOI,Solenidae,"Razor clams, knife clams nei"
CLS,Mya arenaria,Sand gaper
YTK,Mya truncata,Blunt gaper
MWA,Mya spp,Gaper nei
ZHA,Hiatella arctica,Arctic hiatella
GEC,Panopea generosa,Pacific geoduck
PQV,Panopea glycimeris,Aldrovandi's panope
JPB,Panopea zelandica,New Zealand geoduck
GEX,Panopea spp,NA
QYC,Cyrtodaria siliqua,Northern propellerclam
HXD,Hemidonax donaciformis,Common hemidonax
FIF,Fimbria fimbriata,Common basket lucina
FIV,Fimbria soverbii,Elegant basket lucina
AKK,Acanthocardia aculeata,Spiny cockle
AKJ,Acanthocardia echinata,European prickly cockle
KTU,Acanthocardia paucicostata,Poorly ribbed cockle
KTS,Acanthocardia spinosa,Sand cockle
KTT,Acanthocardia tuberculata,Tuberculate cockle
KHB,Acanthocardia spp,NA
KTG,Cerastoderma glaucum,Olive green cockle
COC,Cerastoderma edule,Common edible cockle
KDO,Cardium costatum,Costate cockle
KDR,Cardium ringens,Gaping cockle
KFX,Cardium spp,NA
KCW,Clinocardium buelowi,Bulow's cockle
KCL,Clinocardium nuttallii,Basket cockle
DKR,Dinocardium robustum,Giant atlantic cockle
FVM,Fulvia mutica,Japanese cockle
FVP,Fulvia papyracea,Paper cockle
FVX,Fulvia spp,NA
YNK,Hypanis plicatus,Folded lagoon cockle
LVC,Laevicardium crassum,Norwegian egg cockle
LVL,Laevicardium elatum,Giant Pacific egg cockle
LVO,Laevicardium oblongum,Oblong egg cockle
LVV,Laevicardium laevigatum,Common egg cockle
KZX,Laevicardium spp,Egg cockles nei
MDK,Monodacna colorata,Coloured lagoon cockle
TKQ,Trachycardium consors,Consors' cockle
TDX,Trachycardium egmontianum,American prickly cockle
TIQ,Trachycardium isocardia,Even cockle
TIX,Trachycardium muricatum,American yellow cockle
TQP,Trachycardium panamense,Mexican cockle
TQO,Trachycardium procerum,Slender cockle
TQR,Trachycardium rugosum,Pacific yellow cockle
TQQ,Trachycardium quadragenarium,Giant Pacific cockle
YKU,Trachycardium rubicundum,Reddish cockle
YKA,Trachycardium angulatum,Angulate cockle
YKR,Trachycardium orbita,Orbit cockle
YKS,Trachycardium subrugosum,Wrinkled cockle
YWX,Trachycardium spp,NA
FGR,Fragum fragum,White strawberry cockle
FGE,Fragum hemicardium,Pacific half cockle
FGD,Fragum unedo,Pacific strawberry cockle
MDQ,Americardia media,Atlantic strawberry cockle
KCC,Corculum cardissa,True heart cockle
GKS,Plagiocardium pseudolatum,Broad cockle
VKA,Vepricardium asiaticum,Asiatic cockle
VKS,Vepricardium sinense,Chinese cockle
QRG,Serripes groenlandicus,Greenland smoothcockle
ZCZ,Ciliatocardium ciliatum,Hairy cockle
FBJ,Papyridea soleniformis,NA
COZ,Cardiidae,Cockles nei
KDS,Atactodea striata,Striate beach clam
AFQ,Paphies australis,Pipi wedge clam
AKX,Paphies spp,NA
DJC,Donacilla cornea,Corneous wedge clam
CLM,Mesodesma donacium,Macha clam
EQT,Mesodesma mactroides,Yellow wedge clam
EQU,Mesodesma subtriangulatum,Tuatua wedge clam
EQV,Mesodesma ventricosum,Toheroa wedge clam
EBX,Mesodesma spp,NA
TDG,Tridacna gigas,Giant clam
TDD,Tridacna derasa,Smooth giant clam
TDS,Tridacna squamosa,Fluted giant clam
DKC,Tridacna crocea,Crocus giant clam
DKX,Tridacna maxima,Elongate giant clam
QQX,Tridacna spp,Giant clams nei
HIP,Hippopus hippopus,Bear paw clam
HJQ,Hippopus porcellanus,China clam
TNX,Laternula elliptica,Antarctic soft-shell clam
ELV,Laternula truncata,Truncate lantern clam
ERX,Laternula spp,NA
LQI,Limopsis marionensis,Antarctic airy limopsis
NQE,Anodontia edentula,Toothless lucine
KKO,Codakia orbicularis,Atlantic tiger lucine
KKT,Codakia tigerina,Pacific tiger lucine
KKI,Codakia interrupta,Interrupted lucine
KKP,Codakia punctata,Punctate lucine
KLX,Codakia spp,NA
ULK,Austriella corrugata,Corrugate lucine
EKL,Epicodakia bella,Divergent lucine
LQU,Loripes orbiculatus,Pale lucina
LQB,Lucinoma borealis,Northern lucina
EWQ,Lucina pensylvanica,Pennsylvania lucine
EWX,Lucina spp,NA
DTG,Phacoides pectinatus,NA
LQG,Malletia gigantea,Kerguelen malletia
KTF,Carditamera floridana,Broad ribbed cardita
KDQ,Cardites antiquatus,Antique cardita
KDT,Cardites tankervillei,Tankerville's cardita
KDB,Cardites bicolor,Twotoned cardita
YCI,Cyclocardia astartoides,Antarctic cardita
KDJ,Cardiocardita ajar,Ajar cardita
KBX,Cardiocardita spp,NA
BNG,Beguina semiorbiculata,Halfround cardita
ZKH,Carditidae,Cardita clams
EQO,Estellacar olivacea,Olive ark
OLQ,Portlandia isonota,Kerguelen nut shell
YDH,Yoldia eightsii,Antarctic yoldia
BEQ,Barnea candida,White piddock
BQS,Barnea subtruncata,Pacific mud piddock
BQD,Barnea dilatata,Dilate piddock
BQM,Barnea manilensis,Manila piddock
BQT,Barnea truncata,Truncate barnea
YPK,Cyrtopleura costata,Angel wing
FLK,Pholas chiloensis,Pacific coast angel wing
FOO,Pholas orientalis,Oriental angel wing
FOD,Pholas dactylus,Common piddock
FJX,Pholas spp,NA
MJX,Martesia striata,Striate martesia
TXP,Talona explanata,Talona pholaad
GQE,Gari elongata,Elongate sunset clam
GQM,Gari minor,Minor sunset clam
GJT,Gari togata,Courtesan sunset clam
GJQ,Gari squamosa,Squamose sunset clam
GJU,Gari truncata,Truncate sunset clam
GJD,Gari depressa,Depressed sunset clam
GIF,Gari fervensis,Faeroe sunset clam
GIX,Gari spp,Sunset clams nei
HXF,Heterodonax pacificus,Western small false donax
HUQ,Hiatula chinensis,Chinese sanguin
UTN,Nuttallia nuttallii,Nuttall's mahogany clam
NUY,Nuttallia obscurata,Varnish clam
UNU,Sanguinolaria cruenta,Operculate sanguin
UJX,Sanguinolaria spp,NA
FSV,Asaphis violascens,Pacific asaphis
FWX,Asaphis spp,NA
OIF,Soletellina diphos,Diphos sanguin
SRZ,Semele radiata,Radiate semele
EMQ,Semele decisa,Bark semele
TUW,Semele solida,Chilean semele
XML,Semele spp,Semeles nei
WBB,Abra alba,White furrow-shell
WBC,Abra prismatica,Elongate furrow-shell
SVT,Sinonovacula constricta,Constricted tagelus
TGZ,Tagelus dombeii,Dombey's tagelus
TEX,Tagelus plebeius,Stout tagelus
TEY,Tagelus californianus,Californian tagelus
TLX,Tagelus peruvianus,Duckbill tagelus
GLW,Tagelus adansonii,Adanson's tagelus
GHX,Tagelus spp,NA
ZNB,Azorinus abbreviatus,Small short razor
ZNC,Azorinus chamasolen,Antique razor clam
KUT,Solecurtus divaricatus,Divaricate short razor
UUT,Solecurtus strigilatus,Rasp short razor
UUX,Solecurtus spp,NA
FRL,Pharus legumen,Bean solen
MQF,Macoma brevifrons,Short macoma
OKC,Macoma constricta,Constricted macoma
MKD,Macoma grandis,Grand macoma
MCZ,Macoma nasuta,Bentnose macoma
MKZ,Macoma secta,White sand macoma
KMC,Macoma cancellata,Cancellate panope
ZMC,Macoma calcarea,Chalky macoma
OVX,Macoma spp,NA
TQL,Tellina alternata,Alternate tellin
TQS,Tellina staurella,Cross tellin
TQV,Tellina virgata,Virgate tellin
TNZ,Tellina laceridens,Lacerate tellin
TLY,Tellina simulans,Similar red tellin
TFK,Tellina foliacea,Foliated tellin
LLF,Tellina linguafelis,Cat's tongue tellin
LLX,Tellina palatam,Palate tellin
EQJ,Tellina remies,Remies tellin
EQC,Tellina scobinata,Rasp tellin
EQN,Tellina timorensis,Timor tellin
EIX,Tellina albicans,Glossy tellin
TXH,Tellina hyalina,Hyaline tellin
TXS,Tellina senegambiensis,Senegambian tellin
TXT,Tellina strigosa,Thin tellin
TWL,Tellina spp,Tellins nei
YMH,Apolymetis ephippium,Saddle grooved macoma
YIY,Apolymetis papyracea,Paper tellin
YKX,Apolymetis spp,NA
GTG,Gastrana fragilis,Fragile tellin
DSK,Limecola balthica,NA
TQI,Bosemprella incarnata,Fleshy tellin
TXF,Fabulina fabula,NA
TQT,Peronaea planata,Flat tellin
LIQ,Moerella pulchella,Beautiful tellin
ENW,Macomangulus tenuis,Delicate tellin
GJS,Arcopagia crassa,Blunt tellin
UCL,Cucullaea labiata,Hooked ark
BCQ,Bactronophorus thoracites,Edible shipworm
YRK,Lyrodus pedicellatus,Siamese shipworm
YIU,Mysia undata,Undulated false lucine
PIX,Petricola spp,NA
PKH,Petricolaria pholadiformis,False angel wing
OBN,Scrobicularia plana,Peppery furrow
OMX,Solemya togata,Mediterranean awning clam
HQY,Thracia phaseolina,Paper thracia
HQN,Thracia pubescens,Pubescent thracia
YIH,Mytilopsis leucophaeata,Dark falsemussel
YSQ,Mytilopsis sallei,Santo Domingo falsemussel
FDE,Astarte montagui,Montagu's astarte
FDF,Astarte sulcata,Sulcate astarte
JIQ,Varicorbula gibba,European clam
EZV,Cuspidaria cuspidata,NA
NJK,Nucula nucleus,Common nut clam
NJM,Nucula nitidosa,Shiny nut clam
ZKW,Clavagellidae,NA
CLX,Bivalvia,"Clams, etc. nei"
EDK,Sepiadarium kochii,Koch’s bottletail squid
EDZ,Sepiadarium austrinum,Southern bottletail squid
EZL,Sepioloidea lineolata,Striped dumpling squid
EJA,Sepia aculeata,Needle cuttlefish
CTC,Sepia officinalis,Common cuttlefish
EJB,Sepia bertheloti,African cuttlefish
EJE,Sepia elegans,Elegant cuttlefish
IAR,Sepia orbignyana,Pink cuttlefish
EJN,Sepia andreana,Andrea cuttlefish
EIP,Sepia apama,Giant Australian cuttlefish
EJR,Sepia arabica,Arabian cuttlefish
EJU,Sepia aureomaculata,NA
EJT,Sepia australis,Southern cuttlefish
EJG,Sepia braggi,Slender cuttlefish
EIJ,Sepia brevimana,Shortclub cuttlefish
EJL,Sepia elobyana,Guinean cuttlefish
EJO,Sepia erostrata,NA
EJK,Sepia esculenta,Golden cuttlefish
EJF,Sepia foliopeza,NA
EIQ,Sepia kobiensis,Kobi cuttlefish
EJX,Sepia latimanus,Broadclub cuttlefish
IAL,Sepia longipes,Longarm cuttlefish
IAO,Sepia lorigera,Spider cuttlefish
EIY,Sepia lycidas,Kisslip cuttlefish
EJD,Sepia madokai,Madokai's cuttlefish
IAM,Sepia mestus,Reaper cuttlefish
IAI,Sepia tokioensis,NA
EJY,Sepia murrayi,Frog cuttlefish
IAA,Sepia omani,Oman cuttlefish
IAD,Sepia pardex,NA
IAT,Sepia peterseni,NA
IAH,Sepia pharaonis,Pharaoh cuttlefish
EJH,Sepia prashadi,Hooded cuttlefish
IAE,Sepia recurvirostra,Curvespine cuttlefish
IAV,Sepia savignyi,Broadback cuttlefish
EIW,Sepia subtenuipes,NA
EJW,Sepia tenuipes,NA
IAN,Sepia trygonina,Trident cuttlefish
CVT,Sepia hierredda,Giant African cuttlefish
IAQ,Sepia opipara,Magnificent cuttlefish
IEV,Sepia vermiculata,Patchwork cuttlefish
IEB,Sepia bandensis,Stumpy cuttlefish
WTB,Sepia bartletti,Bartlett's cuttlefish
WTC,Sepia cultrata,Knifebone cuttlefish
WTE,Sepia elliptica,Ovalbone cuttlefish
WTG,Sepia grahami,Ken’s cuttlefish
WTH,Sepia hedleyi,Hedley’s cuttlefish
WSP,Sepia papuensis,Papuan cuttlefish
WTA,Sepia plangon,Striking cuttlefish
WTK,Sepia prabahari,Small striped cuttlefish
WTQ,Sepia mira,Little cuttlefish
WTR,Sepia ramani,Large striped cuttlefish
WTZ,Sepia rozella,Rosecone cuttlefish
WTY,Sepia smithi,Smith’s cuttlefish
WTF,Sepia stellifera,Starry cuttlefish
WSU,Sepia sulcata,Grooved cuttlefish
WTV,Sepia vietnamica,Viet Nam cuttlefish
WSZ,Sepia vossi,Voss’ cuttlefish
WSW,Sepia whitleyana,Whitley’s cuttlefish
WUZ,Sepia zanzibarica,Zanzibar cuttlefish
WOA,Sepia acuminata,NA
WON,Sepia incerta,NA
WOO,Sepia simoniana,NA
IAX,Sepia spp,Cuttlefishes nei
IAJ,Metasepia tullbergi,Paintpot cuttlefish
IAZ,Metasepia pfefferi,Flamboyant cuttlefish
IEJ,Sepiella japonica,Japanese spineless cuttlefish
ILR,Sepiella inermis,Spineless cuttlefish
IEO,Sepiella ornata,Ornate cuttlefish
WTO,Sepiella ocellata,Sotty cuttlefish
WRW,Sepiella weberi,Web’s cuttlefish
IEX,Sepiella spp,Sepiella cuttlefishes nei
CTL,"Sepiidae, Sepiolidae","Cuttlefish, bobtail squids nei"
HHP,Heteroteuthis dispar,Odd bobtail squid
HZS,Heteroteuthis serventyi,NA
HZW,Heteroteuthis weberi,Stumpy bobtail squid
IIN,Sepiolina nipponensis,Japanese bobtail squid
ROA,Rossia macrosoma,Stout bobtail squid
OJU,Rossia bullisi,Bully bobtail squid
OJP,Rossia pacifica,North Pacific bobtail squid
OJT,Rossia tortugaensis,Tortuga bobtail squid
OZK,Rossia spp,Bobtails squids nei
OJA,Austrorossia antillensis,Antilles bobtail squid
OJB,Austrorossia bipapillata,Big-eyed bobtail squid
OJG,Austrorossia australis,Big bottom bobtail squid
UTK,Stoloteuthis leucoptera,Leucoptera bobtail squid
EMY,Euprymna berryi,Humming-bird bobtail squid
EYQ,Euprymna morsei,Mimika bobtail squid
EYZ,Euprymna tasmanica,Southern bobtail squid
CTR,Sepiola rondeletii,Dwarf bobtail squid
IOF,Sepiola affinis,Analogous bobtail squid
IOT,Sepiola atlantica,Atlantic bobtail squid
IOU,Sepiola aurantiaca,Golden bobtail squid
IOB,Sepiola birostrata,Butterfly bobtail squid
IOI,Sepiola intermedia,Intermediate bobtail squid
IOL,Sepiola ligulata,Tongue bobtail squid
IOR,Sepiola robusta,Robust bobtail squid
IOE,Sepiola steenstrupiana,Steenstrup's bobtail squid
IOZ,Sepiola parva,Spotty bobtail squid
IOQ,Sepiola trirostrata,Knobby bobtail squid
IOX,Sepiola spp,Sepiola bobtail squids nei
OTO,Rondeletiola minor,Lentil bobtail squid
ITG,Sepietta neglecta,Elegant bobtail squid
ITB,Sepietta obscura,Mysterious bobtail squid
ITW,Sepietta oweniana,Common bobtail squid
MQI,Semirossia equalis,Greater shining bobtail squid
IRE,Semirossia tenera,Lesser shining bobtail squid
NEK,Neorossia caroli,Carol bobtail squid
OJY,Loligo uyii,Little squid
SQO,Loligo opalescens,Opalescent inshore squid
OJH,Loligo chinensis,Mitre squid
OJE,Loligo edulis,Swordtip squid
OGK,Loligo bleekeri,Spear squid
OGB,Loligo beka,Beka squid
SQR,Loligo vulgaris,European squid
OJK,Loligo kobiensis,Kobi squid
OJD,Loligo duvauceli,Indian squid
CHO,Loligo reynaudii,Cape Hope squid
SQF,Loligo forbesii,Veined squid
OJJ,Loligo japonica,Japanese squid
OJL,Loligo ocula,Bigeye inshore squid
OJO,Loligo plei,Slender inshore squid
OJR,Loligo roperi,Island inshore squid
OJS,Loligo sanpaulensis,Sao Paulo squid
OJI,Loligo sibogae,Siboga squid
OJM,Loligo surinamensis,Surinam squid
SQC,Loligo spp,Common squids nei
UHU,Sepioteuthis australis,Southern reef squid
UHL,Sepioteuthis lessoniana,Bigfin reef squid
UHS,Sepioteuthis sepioidea,Caribbean reef squid
UHW,Sepioteuthis spp,Reef squids nei
OUL,Alloteuthis subulata,European common squid
OUM,Alloteuthis media,Midsize squid
OUK,Alloteuthis africana,African squid
OUW,Alloteuthis spp,Alloteuthis squids nei
IUB,Lolliguncula brevis,Western Atlantic brief squid
IUM,Lolliguncula mercatoris,Guinean thumbstall squid
IUJ,Lolliguncula panamensis,Panama brief squid
SQT,Lolliguncula spp,Thumbstall squids nei
OKD,Loliolopsis diomedeae,Dart squid
URB,Uroteuthis bartschi,Bartsch's squid
OJN,Uroteuthis singhalensis,Long barrel squid
QNC,Uroteuthis chinensis,NA
SQL,Doryteuthis (Amerigo) pealeii,Longfin squid
SQP,Doryteuthis (Amerigo) gahi,Patagonian squid
SQZ,Loliginidae,Inshore squids nei
HQI,Hyaloteuthis pelagica,Glassy flying squid
OFJ,Ommastrephes bartramii,Neon flying squid
OFC,Ommastrephes caroli,Webbed flying squid
OMM,Ommastrephes spp,Flying squids nei
OKA,Ornithoteuthis antillarum,Atlantic bird squid
OKL,Ornithoteuthis volatilis,Shiny bird squid
SQI,Illex illecebrosus,Northern shortfin squid
SQM,Illex coindetii,Broadtail shortfin squid
SQA,Illex argentinus,Argentine shortfin squid
IXO,Illex oxygonius,Sharptail shortfin squid
ILL,Illex spp,Shortfin squids nei
TDQ,Todaropsis eblanae,Lesser flying squid
TWE,Todaropsis spp,Lesser flying squids nei
GIS,Dosidicus gigas,Jumbo flying squid
YMU,Symplectoteuthis luminosa,Luminous flying squid
SQE,Todarodes sagittatus,European flying squid
TFP,Todarodes filippovae,Antarctic flying squid
SQJ,Todarodes pacificus,Japanese flying squid
SQG,Todarodes angolensis,Angolan flying squid
QSX,Todarodes spp,Todarodes flying squids nei
TSQ,Nototodarus sloanii,Wellington flying squid
NDG,Nototodarus gouldi,Gould's flying squid
NDH,Nototodarus hawaiiensis,Hawaiian flying squid
QND,Nototodarus spp,Nototodarus flying squids nei
SQS,Martialia hyadesi,Sevenstar flying squid
OFE,Sthenoteuthis pteropus,Orangeback flying squid
YMO,Sthenoteuthis oualaniensis,Purpleback flying squid
OMZ,Ommastrephidae,Ommastrephidae squids nei
SQU,"Loliginidae, Ommastrephidae",Various squids nei
OIJ,Moroteuthopsis ingens,Greater hooked squid
UHK,Filippovia knipovitchi,Smooth hooked squid
NHL,Ancistroteuthis lichtensteini,Angel squid
YHB,Onychoteuthis banksii,Common clubhook squid
YHJ,Onychoteuthis borealijaponica,Boreal clubhook squid
UHN,Onykia lonnbergi,Japanese hooked squid
UHR,Onykia robsoni,Rugose hooked squid
UHB,Onykia robusta,Robust clubhook squid
UHY,Onykia carriboea,Carribean clubhook squid
UHX,Onykia spp,Hooked squids nei
UWV,Walvisteuthis virilis,Whale squid
ICR,Liocranchia reinhardti,NA
TWM,Teuthowenia megalops,Atlantic cranch squid
GTH,Galiteuthis armata,Armed cranch squid
YUV,Leachia cyclura,Leach's cranch squid
ZTP,Taonius pavo,Peacock cranch squid
ZBL,Bathothauma lyromma,Lyre cranch squid
ZEI,Egea inermis,Unarmed cranch squid
ZLP,Liguriella podophthalma,Bigeye cranch squid
ZMK,Megalocranchia maxima,Large cranch squid
WMG,Sandalops melancholicus,Melancholy cranch squid
EKH,Mesonychoteuthis hamiltoni,Antarctic cranch squid
GGQ,Argonauta argo,Greater argonaut
GFN,Argonauta nodosus,Knobbed argonaut
GJY,Argonauta nouryi,Rough-keeled argonaut
GJH,Argonauta hians,Lesser argonaut
GAX,Argonauta spp,Argonauts nei
LLK,Callistoctopus arakawai,NA
OCN,Callistoctopus macropus,White-spotted octopus
OKT,Octopus tenuicirrus,NA
OKE,Octopus tetricus,Gloomy octopus
OKH,Octopus tehuelchus,Tehuelche octopus
OQC,Octopus cyaneus,Big blue octopus
OKJ,Octopus variabilis,Whiparm octopus
OCC,Octopus vulgaris,Common octopus
OTY,Octopus burryi,Brownstriped octopus
OUJ,Octopus aegina,Sandbird octopus
OTQ,Octopus briareus,Caribbean reef octopus
OCQ,Octopus conispadiceus,Chestnut octopus
OQF,Octopus dofleini,North Pacific giant octopus
OQU,Octopus dollfusi,Marbled octopus
OQL,Octopus globosus,Globe octopus
OQH,Octopus hummelincki,Bumblebee octopus
OQJ,Octopus joubini,Pygmy octopus
OQB,Octopus lobensis,Lobed octopus
OQY,Octopus maya,Mexican four-eyed octopus
OQR,Octopus membranaceus,Webfoot octopus
OQI,Octopus minor,NA
OQV,Octopus oliveri,NA
OQT,Octopus salutii,Spider octopus
OQN,Octopus selene,Moon octopus
OKZ,Octopus zonatus,Atlantic banded octopus
OCW,Octopus neglectus,NA
OFY,Octopus fangsiao,NA
QDM,Octopus mimus,NA
QGU,Octopus magnificus,NA
ZOW,Octopus bimaculoides,Two-spotted octopus
OCZ,Octopus spp,Octopuses nei
EOI,Eledone cirrhosa,Horned octopus
EDT,Eledone moschata,Musky octopus
EDY,Eledone massyae,Combed octopus
OCM,Eledone spp,Horned and musky octopuses
YYA,Bathypolypus arcticus,North Atlantic octopus
YYS,Bathypolypus sponsalis,Globose octopus
TLQ,Tetracheledone spinicirrhus,Spiney-horn octopus
BTQ,Benthoctopus januarii,January octopus
DTS,Danoctopus schmidti,Dana octopus
EXL,Euaxoctopus pillsburyae,Map octopus
UGU,Scaeurgus unicirrhus,Unihorn octopus
KTI,Cistopus indicus,Old woman octopus
OCJ,Pteroctopus tetracirrhus,Fourhorn octopus
TVG,Thaumeledone gunteri,NA
EZE,Enteroctopus zealandicus,Yellow octopus
EZM,Enteroctopus megalocyathus,Patagonian giant octopus
VWG,Graneledone verrucosa,Warty octopus
DWO,Graneledone spp,NA
OGV,Pinnoctopus cordiformis,NA
VAZ,Velodona togata,Angel octopus
QHU,Abdopus aculeatus,Prickly octopus
VBY,Bathypurpurata profunda,Purplish octopus
VBH,Bentheledone rotunda,Rounded octopus
QHL,Hapalochlaena lunulata,Greater blue-ringed octopus
VSS,Sasakiopus salebrosus,Rough octopus
OQD,Macrotritopus defilippi,Lilliput longarm octopus
OCT,Octopodidae,"Octopuses, etc. nei"
KTP,Chiroteuthis picteti,NA
KTV,Chiroteuthis veranii,Long-armed squid
HQB,Histioteuthis bonnellii,Umbrella squid
HQC,Histioteuthis corona,NA
HQL,Histioteuthis dofleini,Flowervase jewell squid
HQG,Histioteuthis elongata,Elongate jewell squid
HQS,Histioteuthis reversa,Reverse jewell squid
FQX,Histioteuthis spp,NA
FTD,Pholidoteuthis adami,Scaled squid
FTB,Pholidoteuthis boschmai,Coffeebean scaled squid
BJF,Abraliopsis pfefferi,Pfeffer's enope squid
YRM,Pyroteuthis margaritifera,Jewel enope squid
BLK,Abralia andamanica,NA
BLJ,Abralia veranyi,Verany's enope squid
NKL,Ancistrocheirus lesueuri,Sharpear enope squid
TID,Pterygioteuthis giardi,Roundear enope squid
WTS,Watasenia scintillans,Sparkling enope squid
YTH,Berryteuthis anonychus,Smallfin gonate squid
YTT,Berryteuthis magister,Schoolmaster gonate squid
YTW,Berryteuthis spp,Berryteuthis gonate squids nei
GTE,Gonatopsis borealis,Boreopacific gonate squid
GTK,Gonatopsis makko,Mako gonate squid
GTI,Gonatus fabricii,Boreoatlantic gonate squid
GTJ,Gonatus madokai,Madokai gonate squid
GTD,Gonatus kamtschaticus,Shortarm gonate squid
GTY,Gonatus onyx,NA
GTP,Gonatus steenstrupi,Atlantic gonate squid
GDW,Gonatidae,Gonate squids nei
YHA,Bathyteuthis abyssicola,Deep-sea squid
BQP,Brachioteuthis picta,Ornate arm squid
BQR,Brachioteuthis riisei,Common arm squid
BRC,Brachioteuthis spp,Arm squids nei
OKS,Octopoteuthis sicula,Ruppell's octopus squid
NID,Taningia danae,Dana octopus squid
YUR,Thysanoteuthis rhombus,Diamondback squid
PSG,Psychroteuthis glacialis,Glacial squid
LHQ,Alluroteuthis antarcticus,Antarctic neosquid
UHD,Opisthoteuthis depressa,NA
UZS,Opisthoteuthis agassizii,Agassiz's flapjack octopod
QEJ,Opisthoteuthis calypso,NA
QBX,Opisthoteuthis spp,Umbrella octopus nei
NUK,Nautilus pompilius,Emperor nautilus
NUX,Nautilus macromphalus,Bellybutton nautilus
RKS,Spirula spirula,Ram's horn squid
YXS,Ctenopteryx sicula,Toothed-fin squid
CYC,Cycloteuthidae,Disc-fin squids nei
VYI,Vampyroteuthis infernalis,Vampire squid
TUV,Tremoctopus violaceus,Palmate octopus
TXN,Tremoctopodidae,NA
YHT,Ocythoe tuberculata,Tuberculate octopus
BUV,Benthoctopus tegginmathae,NA
SUY,Stauroteuthis syrtensis,NA
TWT,Pareledone turqueti,Turquet's octopus
PRD,Pareledone spp,Antarctic octopuses
TWP,Adelieledone polymorpha,Antarctic knobbed octopus
CEP,Cephalopoda,Cephalopods nei
XXO,Octopoda,"Octopods, etc nei"
KDN,Chatoderma argenteum,Glisten-worm solenogaster
RTW,Prochaetoderma californicum,Jawed solenogaster
DDC,Dondersia californica,Leaf-spiculed solenogaster
KHU,Chiton articulatus,Articulate chiton
KHS,Chiton stokesii,Stoke's chiton
KHX,Chiton spp,Chitons nei
KPQ,Acanthopleura granulata,West Indian fuzzy chiton
OKK,Tonicia schrammi,Gold-flecked chiton
NLK,Tonicella rubra,Northern red chiton
KCQ,Callistochiton portobelensis,Portobelo chiton
IKB,Ischnochiton boogii,Atlantic rose chiton
NYN,Hanleya hanleyi,Eastern hanleya
KPT,Chaetopleura apiculata,Eastern beaded chiton
CZQ,Ceratozona squalida,Eastern surf chiton
LFY,Placiphorella pacifica,Pacific veiled chiton
KKD,Acanthochitona andersoni,Smooth glass-hair chiton
KSZ,Leptochiton kerguelensis,NA
DTD,Leptochiton asellus,NA
IJT,Lepidochitona liozonis,NA
NTX,Antalis entalis,Occidental tuskshell
DEG,Dentalium agassizi,Stained tuskshell
KRZ,Fissidentalium aegeum,NA
HMX,Heteroschismoides callithrix,Nineside toothshell
USH,Pulsellum salishorum,Salish toothshell
ZNY,Nudibranchia,NA
MOL,Mollusca,Marine molluscs nei
MIW,Balaenoptera acutorostrata,Minke whale
BRW,Balaenoptera edeni,Bryde's whale
SIW,Balaenoptera borealis,Sei whale
BLW,Balaenoptera musculus,Blue whale
FIW,Balaenoptera physalus,Fin whale
BFW,Balaenoptera bonaerensis,Antarctic minke whale
BXO,Balaenoptera omurai,Omura’s whale
HUW,Megaptera novaeangliae,Humpback whale
BAE,Balaenopteridae,Balaenoptid whales nei
EUG,Eubalaena glacialis,Northern right whale
EUA,Eubalaena australis,Southern right whale
EZJ,Eubalaena japonica,North Pacific right whale
BMY,Balaena mysticetus,Bowhead whale
GRW,Eschrichtius robustus,Gray whale
CPM,Caperea marginata,Pygmy right whale
MYS,Mysticeti,Baleen whales nei
GNS,Platanista gangetica,Ganges River dolphin
BHU,Platanista minor,Indus River dolphin
BCW,Ziphius cavirostris,Cuvier's beaked whale
BSW,Tasmacetus shepherdi,Sherpherd's beaked whale
BBW,Mesoplodon densirostris,Blainville's beaked whale
BYW,Mesoplodon grayi,Gray's beaked whale
TGW,Mesoplodon ginkgodens,Ginkgo-toothed beaked whale
BHW,Mesoplodon hectori,Hector's beaked whale
BUW,Mesoplodon carlhubbsi,Hubbs' beaked whale
BPW,Mesoplodon peruvianus,Pigmy beaked whale
BWW,Mesoplodon bidens,Sowerby's beaked whale
BGW,Mesoplodon europaeus,Gervais' beaked whale
BTW,Mesoplodon mirus,True's beaked whale
TSW,Mesoplodon layardii,Strap-toothed whale
BDW,Mesoplodon bowdoini,Andrews' beaked whale
BJW,Mesoplodon stejnegeri,Stejneger's beaked whale
BXT,Mesoplodon traversii,Spade-toothed whale
BZZ,Mesoplodon hotaula,Deraniyagala's beaked whale
MEP,Mesoplodon spp,Beaked whales nei
BOW,Hyperoodon ampullatus,Northern bottlenose whale
SRW,Hyperoodon planifrons,Southern bottlenose whale
BNW,Indopacetus pacificus,Longman's beaked whale
BAW,Berardius arnuxii,Arnoux's beaked whale
BEW,Berardius bairdii,Baird's beaked whale
SPW,Physeter macrocephalus,Sperm whale
IRD,Orcaella brevirostris,Irrawaddy dolphin
IDB,Orcaella heinsohni,Australian snubfin dolphin
FAW,Pseudorca crassidens,False killer whale
PIW,Globicephala melas,Long-finned pilot whale
SHW,Globicephala macrorhynchus,Short-finned pilot whale
GLO,Globicephala spp,Pilot whales nei
KPW,Feresa attenuata,Pygmy killer whale
DCO,Delphinus delphis,Common dolphin
DCZ,Delphinus capensis,Long-beaked common dolphin
DRR,Grampus griseus,Risso's dolphin
MEW,Peponocephala electra,Melon-headed whale
TUC,Sotalia fluviatilis,Tucuxi
TZG,Sotalia guianensis,Guyana dolphin
DHA,Sousa teuszii,Atlantic hump-backed dolphin
DHI,Sousa chinensis,Indo-Pac. hump-backed dolphin
QPU,Sousa plumbea,Indian Ocean humpback dolphin
QPV,Sousa sahulensis,Australian humpback dolphin
RTD,Steno bredanensis,Rough-toothed dolphin
KIW,Orcinus orca,Killer whale
RNW,Lissodelphis borealis,Northern right whale dolphin
RSW,Lissodelphis peronii,Southern right whale dolphin
CMD,Cephalorhynchus commersonii,Commerson's dolphin
HVD,Cephalorhynchus heavisidii,Heaviside's dolphin
HCD,Cephalorhynchus hectori,Hector's dolphin
CHD,Cephalorhynchus eutropia,Black dolphin
DWP,Lagenorhynchus obliquidens,Pacific white-sided dolphin
DDU,Lagenorhynchus obscurus,Dusky dolphin
BWD,Lagenorhynchus albirostris,White-beaked dolphin
DWH,Lagenorhynchus acutus,Atlantic white-sided dolphin
HRD,Lagenorhynchus cruciger,Hourglass dolphin
PLD,Lagenorhynchus australis,Peale's dolphin
DBO,Tursiops truncatus,Bottlenose dolphin
DBZ,Tursiops aduncus,Indo-Pacif. bottlenose dolphin
FRD,Lagenodelphis hosei,Fraser's dolphin
DPN,Stenella attenuata,Pantropical spotted dolphin
DSI,Stenella longirostris,Spinner dolphin
DST,Stenella coeruleoalba,Striped dolphin
DSA,Stenella frontalis,Atlantic spotted dolphin
DCL,Stenella clymene,Clymene dolphin
DSP,Stenella spp,Spotted dolphins nei
DLP,Delphinidae,Dolphins nei
PHR,Phocoena phocoena,Harbour porpoise
BRP,Phocoena spinipinnis,Burmeister's porpoise
VAQ,Phocoena sinus,Vaquita
SPP,Phocoena dioptrica,Spectacled porpoise
PFI,Neophocaena phocaenoides,Finless porpoise
PDA,Phocoenoides dalli,Dall's porpoise
BEL,Delphinapterus leucas,White whale
NAR,Monodon monoceros,Narwhal
PYW,Kogia breviceps,Pygmy sperm whale
DWW,Kogia sima,Dwarf sperm whale
BOT,Inia geoffrensis,Boto
BJI,Lipotes vexillifer,Baiji
FRA,Pontoporia blainvillei,Franciscana
ODN,Odontoceti,Toothed whales nei
SSL,Eumetopias jubatus,Steller sea lion
SEN,Callorhinus ursinus,Northern fur seal
CSL,Zalophus californianus,California sea lion
ASL,Neophoca cinerea,Australian sea lion
NSL,Phocarctos hookeri,New Zealand sea lion
SEF,Arctocephalus australis,South American fur seal
SGF,Arctocephalus townsendi,Guadalupe fur seal
SEK,Arctocephalus pusillus,South African fur seal
SJF,Arctocephalus philippii,Juan Fernandez fur seal
SGA,Arctocephalus galapagoensis,Galapagos fur seal
SEA,Arctocephalus gazella,Antarctic fur seal
SNZ,Arctocephalus forsteri,New Zealand fur seal
SSF,Arctocephalus tropicalis,Subantarctic fur seal
SXQ,Arctocephalus spp,Fur seals nei
SEL,Otaria byronia,South American sea lion
ZOX,Otariidae,Sea lions and fur seals nei
WAL,Odobenus rosmarus,Walrus
SMM,Monachus monachus,Mediterranean monk seal
SKC,Monachus tropicalis,Caribbean monk seal
SMH,Monachus schauinslandi,Hawaiian monk seal
SNP,Mirounga angustirostris,Northern elephant seal
SES,Mirounga leonina,Southern elephant seal
SRS,Ommatophoca rossii,Ross seal
SLP,Hydrurga leptonyx,Leopard seal
SEH,Phoca groenlandica,Harp seal
SEC,Phoca vitulina,Harbour seal
SLR,Phoca fasciata,Ribbon seal
SAC,Phoca caspica,Caspian seal
SBK,Phoca sibirica,Baikal seal
SST,Phoca largha,Larga seal
SLW,Leptonychotes weddellii,Weddell seal
SEB,Erignathus barbatus,Bearded seal
SEZ,Cystophora cristata,Hooded seal
SEG,Halichoerus grypus,Grey seal
SET,Lobodon carcinophagus,Crabeater seal
SER,Pusa hispida,Ringed seal
ZPX,Phocidae,Seals nei
SXX,"Otariidae, Phocidae",Seals and sea lions nei
OTS,Enhydra lutris,Sea otter
OTM,Lutra felina,Marine otter
BPL,Ursus maritimus,Polar bear
DUG,Dugong dugon,Dugong
WIM,Trichechus manatus,West Indian manatee
SEW,Trichechus inunguis,Amazonian manatee
WAM,Trichechus senegalensis,West African manatee
WCA,Cetacea,Whales nei
MAM,Mammalia,Aquatic mammals nei
FOU,Rana fuscigula,NA
FOV,Rana vertebralis,NA
FOY,Rana blythii,NA
FRH,Rana hexadactyla,Indian green frog
FRM,Rana magna,NA
FRK,Rana cancrivora,Crab-eating frog
FOP,Rana cyanophlyctis,Indian skipper frog
FOI,Rana limnocharis,Indian rice frog
FGM,Rana dalmatina,Agile frog
FGK,Rana esculenta,European frog
FGL,Rana lessonae,NA
FGI,Rana ridibunda,European green frog
FGT,Rana temporaria,Common frog
FGC,Rana graeca,Greek frog
FOE,Rana latastei,NA
RLG,Rana aurora,Red-legged frog
FOK,Rana catesbeiana,American bull frog
FGY,Rana grylio,Pig frog
FGP,Rana pipiens,Northern leopard frog
FRQ,Rana heckscheri,River frog
FRG,Rana spp,Frogs
KUO,Conraua goliath,NA
YXD,Pyxicephalus adspersus,African bull frog
XHY,Pelophylax nigromaculatus,Dark-spotted frog
XUM,Xenopus muelleri,NA
XUL,Xenopus laevis,African clawed frog
YUC,Leptodactylus ocellatus,NA
YUE,Leptodactylus pentadactylus,NA
CVC,Caudiverbera caudiverbera,Chilean frog
FQC,Telmatobius culeus,NA
GFO,Glyphoglossus molossus,NA
KBU,Quasipaa spinosa,Giant spiny-chested frog
ZHB,Hoplobatrachus rugulosus,East Asian bullfrog
FRT,Hoplobatrachus tigerinus,Indus valley bullfrog
FOS,Hoplobatrachus crassus,Jerdon's bullfrog
AWD,Andrias davidianus,Chinese giant salamander
DKK,Dermochelys coriacea,Leatherback turtle
AYK,Trachemys scripta,Common slider
AYW,Malaclemys terrapin,Diamondback terrapin
LKY,Lepidochelys kempii,Kemp's ridley turtle
LKV,Lepidochelys olivacea,Olive ridley turtle
FBT,Natator depressus,Flatback turtle
KEZ,Chelonia agassizii,Eastern Pacific green turtle
TUG,Chelonia mydas,Green turtle
TTH,Eretmochelys imbricata,Hawksbill turtle
TTL,Caretta caretta,Loggerhead turtle
TTS,Trionyx sinensis,Chinese softshell turtle
NQH,Palea steindachneri,Wattle-necked softshell turtle
DSB,Dogania subplana,Malayan softshell turtle
WQA,Apalone ferox,Florida softshell turtle
WPE,Podocnemis expansa,Arrau river turtle
QYH,Mauremys sinensis,Chinese stripe-necked turtle
YRW,Mauremys reevesii,Chinese pond turtle
YWN,Mauremys nigricans,Red-necked pond turtle
TUL,Testudinata,River and lake turtles nei
TTX,Testudinata,Marine turtles nei
IMO,Caiman latirostris,Broad-nosed caiman
IMY,Caiman yacare,Paraguayan caiman
CAI,Caiman crocodilus,Spectacled caiman
AGM,Alligator mississippiensis,American alligator
GTW,Alligator sinensis,Chinese alligator
CDP,Crocodylus porosus,Estuarine crocodile
CDS,Crocodylus siamensis,Siamese crocodile
CRH,Crocodylus johnstoni,Australian crocodile
CRI,Crocodylus niloticus,Nile crocodile
CNG,Crocodylus novaeguineae,New Guinea crocodile
CMB,Crocodylus rhombifer,Cuban crocodile
CME,Crocodylus moreletii,Morelet's crocodile
YUU,Crocodylus acutus,American crocodile
YUK,Crocodylus cataphractus,Slender-snouted crocodile
YUN,Crocodylus intermedius,Orinoco crocodile
YUQ,Crocodylus mindorensis,Philippine crocodile
KKU,Crocodylus palustris,Mugger crocodile
OSW,Osteolaemus tetraspis,African dwarf crocodile
GHF,Tomistoma schlegelii,False gharial
GVG,Gavialis gangeticus,Gharial
MHW,Melanosuchus niger,Black caiman
UCB,Paleosuchus palpebrosus,Cuvier's Dwarf caiman
UCI,Paleosuchus trigonatus,Smooth-fronted caiman
CRO,Crocodylidae,Crocodiles and alligators nei
KOJ,Ciona intestinalis,Ciona
KOH,Ciona edwardsi,NA
KJO,Ciona fascicularis,NA
KJP,Ciona gelatinosa,NA
KJQ,Ciona imperfecta,NA
KJR,Ciona mollis,NA
KJS,Ciona savignyi,NA
YEK,Styela clava,NA
YEQ,Styela plicata,Pleated sea squirt
YXL,Styela nordenskjoeldi,NA
YEV,Cnemidocarpa bicornuta,Sea squirt
YKV,Cnemidocarpa verrucosa,NA
OUV,Oligocarpa megalorchis,NA
ZDC,Botryllus schlosseri,Star squirt
AXJ,Ascidia challengeri,NA
AZW,Ascidia mentula,NA
DTQ,Ascidia virginea,NA
DUV,Ascidiella aspersa,Dirty sea-squirt
DUQ,Ascidiella scabra,Hairy sea-squirt
QWD,Tylobranchion speciosum,NA
QYB,Sycozoa sigillinoides,NA
AXU,Aplidiopsis discoveryi,NA
AZY,Polyclinum aurantium,NA
EGZ,Eugyra kerguelenensis,NA
MVV,Molgula kerguelenensis,NA
MVW,Molgula malvinensis,NA
MVZ,Molgula pedunculata,NA
MWB,Molgula sluiteri,NA
HYZ,Halocynthia roretzi,Red oyas
SSR,Pyura stolonifera,Red bait
SSE,Pyura chilensis,Red sea squirt
YAQ,Pyura praeputialis,NA
WBO,Boltenia ovifera,Stalked sea squirt
SSG,Microcosmus vulgaris,Sand violet
MVL,Microcosmus polymorphus,Rock violet
MWV,Microcosmus sabatieri,Grooved sea squirt
MWW,Microcosmus spp,NA
BVW,Clavelina lepadiformis,Light-bulb sea squirt
SSX,Ascidiacea,Ascidiaceans
QHS,Salpa spp,NA
SPX,Salpidae,Salps
QBJ,Pyrosoma atlanticum,NA
DLZ,Dolioletta spp,NA
QHF,Oikopleura (Coecaria) fusiformis,NA
QHG,Oikopleura (Vexillaria) gorskyi,NA
QHH,Oikopleura (Vexillaria) labradoriensis,NA
QHJ,Oikopleura (Vexillaria) parva,NA
QHK,Oikopleura (Vexillaria) villafrancae,NA
QHM,Oikopleura (Vexillaria) dioica,NA
QHN,Oikopleura (Coecaria) longicauda,NA
QHQ,Oikopleura (Vexillaria) vanhoeffeni,NA
QDH,Colossendeis enigmatica,NA
QDI,Colossendeis robusta,NA
QDX,Colossendeis spp,Giant sea spiders nei
AVK,Austrodecus simulans,NA
AXK,Austropallene brachyura,NA
OTZ,Oropallene dimorpha,NA
QAJ,Pseudopallene glutus,NA
DZE,Decolopoda australis,NA
YXN,Callipallene brevirostris,NA
NYJ,Nymphon brachyrhynchum,NA
NJQ,Nymphon brevirostre,Elegant sea spider
OWH,Pallenopsis vanhoeffeni,NA
QUG,Pycnogonum litorale,NA
PWJ,Pycnogonida,Sea spiders
HSC,Limulus polyphemus,Horseshoe crab
WYP,Tachypleus tridentatus,Tri-spine horseshoe crab
BWU,Carcinoscorpius rotundicauda,Mangrove horseshoe crab
ECH,Echinodermata,Echinoderms
ZTQ,Leptasterias (Leptasterias) muelleri,NA
STH,Asterias rubens,Red starfish
DBT,Cosmasterias dyscrita,Cat's-foot star
RXQ,Sclerasterias mollis,Cross-fish
DSC,Marthasterias glacialis,NA
FDH,Asteriidae,NA
AVG,Anseropoda placenta,NA
TZM,Tremaster mirabilis,NA
FNR,Asterinidae,Cushion stars nei
AVC,Astropecten irregularis,NA
FND,Astropecten aranciacus,NA
FNC,Astropecten spp,NA
DMG,Dipsacaster magnificus,Magnificent sea-star
QAP,Plutonaster knoxi,Abyssal star
QAQ,Psilaster acuminatus,Geometric star
QDY,Psilaster andromeda,NA
BWJ,Bathybiaster loripes,NA
JVY,Leptychaster kerguelenensis,NA
BHV,Benthopecten pikei,Five-spined star
HZA,Cheiraster hirsutus,NA
BHZ,Brisingidae,Armless stars
DBQ,Ceramaster patagonicus,Pentagon star
HVZ,Hippasteria phrygiana,Trojan star
HFY,Hippasteria falklandica,NA
KZV,Lithosoma novaezelandiae,Rock star
QWV,Mediaster sladeni,Sladen's star
QBU,Odontaster benhami,Pentagonal tooth-star
QBT,Odontaster meridionalis,NA
AZL,Acodontaster elongatus,NA
DDM,Crossaster multispinus,Sun-star
TWI,Solaster torulatus,Chubby sun-star
REW,Solaster regularis,NA
DZA,Solaster endeca,Smooth sun star
DBD,Cuenotaster involutus,NA
DRQ,Crossaster papposus,NA
ZOR,Zoroaster spp,Rat-tail stars nei
HBQ,Henricia obesa,NA
IHZ,Henricia sanguinolenta,Polar slender sea star
RFH,Rhopiella hirsuta,NA
VER,Cycethra verrucosa,NA
QDB,Porania antarctica,NA
ZUN,Porania (Porania) pulvillus,Red cushion star
RVE,Pteraster rugatus,NA
DTH,Luidia ciliaris,NA
DRA,Luidia sarsii,NA
KZU,Labidiaster annulatus,NA
IIA,Stichastrella rosea,Rosy starfish
UEW,Pseudarchaster parelii,Northern scarlet star
STF,Asteroidea,Starfishes nei
OIZ,Ophioderma longicauda,NA
OZL,Ophioderma brevispinum,NA
BEV,Bathypectinura heros,Deepsea brittle star
AWC,Astrothorax waitei,Waite’s snake-star
GHJ,Gorgonocephalus chilensis,NA
QCX,Gorgonocephalus spp,Gorgons head basket-stars nei
AVV,Astrotoma agassizii,NA
EWJ,Astrospartus mediterraneus,NA
OZB,Ophiacantha imago,NA
OZC,Ophiacantha pentactis,NA
OZD,Ophiacantha vivipara,NA
OJF,Ophiocten amitinum,NA
OJV,Ophiomisidium speciosum,NA
OLW,Ophionotus hexactis,NA
OQW,Ophiura ambigua,NA
QEE,Ophiura sarsii,Notched brittlestar
QEF,Ophiura ophiura,Serpent brittlestar
QEG,Ophiura albida,Serpent's table brittlestar
QEH,Ophiura spp,NA
OVW,Ophioplinthus carinata,NA
QEI,Ophiuridae,NA
AVZ,Asteronyx loveni,NA
QXE,Ophiopholis aculeata,Ubiquitous brittle star
FEK,Acrocnida brachiata,NA
FZL,Amphiura filiformis,Brittlestar
OWD,Ophiothrix fragilis,Common brittlestar
OWP,Ophiuroidea,"Basket, brittle, snake stars"
OOY,Ophiurida,Brittle and snake stars
OEQ,Euryalida,Basket stars
UYI,Strongylocentrotus intermedius,Japanese sea urchin
UYD,Strongylocentrotus droebachiensis,NA
UYN,Strongylocentrotus nudus,NA
URC,Strongylocentrotus spp,Sea urchins nei
UQO,Hemicentrotus pulcherrimus,NA
UYF,Mesocentrotus franciscanus,Red sea urchin
YGI,Astropyga radiata,Blue-spotted sea urchin
DDS,Diadema setosum,Porcupine sea urchin
NXD,Echinothrix diadema,Crowned sea urchin
NXK,Echinothrix calamaris,Harpooner sea urchin
DUW,Centrostephanus longispinus,Hatpin urchin
KIM,Psammechinus microtuberculatus,Green sea urchin
KIT,Psammechinus miliaris,NA
DKZ,Dermechinus horridus,Deepsea urchin
URM,Paracentrotus lividus,Stony sea urchin
URS,Echinus esculentus,European edible sea urchin
UTJ,Echinus melo,NA
UTQ,Echinus multidentatus,Deepsea kina
UJF,Echinus spp,NA
UCH,Loxechinus albus,Chilean sea urchin
USD,Gracilechinus acutus,NA
GVL,Gracilechinus elegans,Elegant sea urchin
UKE,Echinidae,NA
UKB,Arbacia lixula,Black sea urchin
UKQ,Echinometra vanbrunti,Purple Pacific sea urchin
UKH,Echinometra mathaei,Hedgehog sea urchin
UOL,Anthocidaris crassispina,Purple sea urchin
ZSM,Echinometridae,NA
BCX,Clypeaster rotundus,Circular sea bisquit
FKG,Sphaerechinus granularis,Violet sea urchin
TQG,Tripneustes gratilla,Striped sea urchin
TWV,Tripneustes ventricosus,Sea egg
ECZ,Encope grandis,Giant keyhole sand dollar
MVG,Mellita longifissa,Slitted sand dollar
GPV,Goniocidaris parasol,Parasol urchin
GOV,Goniocidaris umbraculum,Umbrella urchin
NUZ,Ctenocidaris nutrix,NA
IJC,Cidaris cidaris,NA
CVD,Cidaridae,Pencil urchins
DBC,Caenopedina novaezealandiae,Banded-spine urchin
OZZ,Paramaretia peloria,Microsoft mouse
TFW,Spatangus mathesoni,Matheson’s heart urchin
TFY,Spatangus multispinus,Purple-heart urchin
VFY,Spatangus purpureus,Violet heart-urchin
RWT,Spatangidae,Heart urchins nei
QAA,Pseudechinus flemingi,Fleming’s urchin
BXC,Abatus cordatus,NA
BXA,Brisaster antarcticus,NA
UQH,Glyptocidaris crenularis,NA
KSP,Echinocardium cordatum,Sea potato
KJY,Echinocardium flavescens,NA
ZDG,Brissopsis lyrifera,Heart urchin
URX,Echinoidea,"Sea urchins, etc. nei"
KUY,Actinopyga mauritiana,Surf redfish
KUQ,Actinopyga miliaris,Hairy blackfish
KUE,Actinopyga echinites,Deep-water redfish
YGP,Actinopyga palauensis,Panning's blackfish
YGS,Actinopyga spinea,New Caledonia blackfish
YVV,Actinopyga lecanora,NA
YYC,Actinopyga agassizii,NA
KUH,Bohadschia marmorata,Chalky cucumber
KUW,Bohadschia argus,Leopard fish
BDX,Bohadschia similis,Brownspotted sandfish
BDV,Bohadschia vitiensis,Brown sandfish
JTQ,Bohadschia subrubra,NA
JLZ,Bohadschia atra,NA
HFT,Holothuria tubulosa,Cotton spinner
HFC,Holothuria scabra,Sandfish
HFN,Holothuria nobilis,Black teatfish
HFA,Holothuria atra,Lollyfish
HFF,Holothuria fuscogilva,White teatfish
HFI,Holothuria impatiens,Bottleneck sea cucumber
HFE,Holothuria edulis,Pinkfish
HHW,Holothuria coluber,Snakefish sea cucumber
HFQ,Holothuria leucospilota,White threads fish
HOZ,Holothuria fuscopunctata,Elephant trunkfish
JBN,Holothuria arenacava,NA
JCE,Holothuria arenicola,NA
JCH,Holothuria cinerascens,NA
JCI,Holothuria flavomaculata,Red snakefish
JCJ,Holothuria fuscocinerea,NA
JCK,Holothuria hilla,NA
JCL,Holothuria kefersteini,NA
JCO,Holothuria lessoni,NA
JCQ,Holothuria mexicana,NA
JCW,Holothuria notabilis,NA
JDB,Holothuria pardalis,NA
JDD,Holothuria pervicax,NA
JDE,Holothuria spinifera,NA
JDG,Holothuria whitmaei,NA
JHG,Holothuria arguinensis,NA
WBX,Holothuria spp,NA
EHV,Pearsonothuria graeffei,Blackspotted sea cucumber
JEY,Holothuriidae,NA
QHO,Paradota marionensis,NA
MZH,Molpadia musculus,NA
QEY,Pseudostichopus peripatus,NA
KGH,Cucumaria kerguelensis,NA
KHE,Cucumaria japonica,NA
KHG,Cucumaria frondosa,NA
HZT,Heterocucumis godeffroyi,NA
JGQ,Pseudocnus laevigatus,NA
RXO,Staurocucumis liouvillei,NA
TXQ,Trachythyone muricata,NA
KZA,Athyonidium chilensis,NA
IGK,Paraleptopentacta elongata,NA
QAB,Psolidium poriferum,NA
QAG,Psolus ephippifer,NA
QAK,Psolus paradubiosus,NA
QXT,Psolus phantapus,Fuzzy sea cucumber
TKG,Parastichopus californicus,Giant red sea cucumber
TVK,Parastichopus tremulus,NA
JCR,Parastichopus regalis,Royal cucumber
TFQ,Thelenota ananas,Prickly redfish
HLX,Thelenota anax,Amber fish
JDZ,Thelenota rubralineata,NA
JCF,Isostichopus fuscus,Giant sea cucumber
HIZ,Isostichopus badionotus,Four-sided sea cucumber
JCC,Stichopus chloronotus,Greenfish
KUN,Stichopus horrens,Selenka's sea cucumber
JNG,Stichopus herrmanni,NA
JPQ,Stichopus monotuberculatus,NA
JPR,Stichopus naso,NA
JPT,Stichopus ocellatus,Ocellated sea cucumber
JPU,Stichopus pseudohorrens,NA
JPW,Stichopus vastus,NA
JTA,Stichopus spp,NA
CUJ,Apostichopus japonicus,Japanese sea cucumber
TKV,Apostichopus parvimensis,Warty sea cucumber
JPN,Astichopus multifidus,Furry sea cucumber
JPO,Australostichopus mollis,Brown mottled sea cucumber
JEW,Leptosynapta inhaerens,NA
JBW,Thyone fusus,NA
CUX,Holothuroidea,Sea cucumbers nei
OVA,Antedon bifida,NA
OVQ,Leptometra phalangium,NA
QNR,Promachocrinus kerguelensis,NA
QNS,Solanometra antarctica,NA
WCF,Conocrinus lofotensis,NA
DWD,Hyocrinidae,NA
CWD,Crinoidea,Feather stars and sea lilies
XEF,Xenophyophora,Xenophyophores
AVJ,Arachnopusia inchoata,NA
MVK,Malakosaria sinclairii,NA
QEW,Caberea darwinii,NA
GAY,Galeopsis bullatus,NA
FZG,Carbasea ovoidea,NA
IPG,Isoseculiflustra angusta,NA
UKF,Securiflustra securifrons,Narrow-leaved hornwrack
FAQ,Flustra foliacea,Broad-leaved hornwrack
KXQ,Lageneschara lyrulata,NA
QIW,Pemmatoporella marginata,NA
QWI,Smittina anecdota,NA
QWL,Smittoidea ornatipectoralis,NA
WEL,Eucratea loricata,NA
DUY,Alcyonidium diaphanum,Sea chervil
DUZ,Alcyonidium parasiticum,NA
FQN,Pentapora foliacea,Rose-coral bryozoan
QVJ,Reteporella beaniana,NA
BZN,Bryozoa,Bryozoans
PBQ,Graptolithoidea,NA
ZSE,Cassiopea medusa,NA
AJQ,Aurelia aurita,Common jellyfish
MFX,Stomolophus meleagris,Cannonball jellyfish
MHX,Stomolophus nomurai,NA
CWY,Chrysaora hysoscella,NA
CWF,Chrysaora plocamia,NA
JCD,Catostylus spp,NA
DWY,Cyanea lamarckii,Lion's mane jellyfish
RQU,Rhopilema esculentum,NA
RQO,Rhopilema nomadica,NA
RQS,Rhopilema asamushi,NA
RQI,Rhopilema hispidum,NA
JEL,Rhopilema spp,Jellyfishes nei
SZY,Scyphozoa,NA
NQD,Mnemiopsis mccradyi,NA
NQY,Mnemiopsis leidyi,NA
BKW,Brachionus plicatilis,NA
BKX,Brachionus rotundiformis,NA
BKZ,Brachionus calyciflorus,NA
NEZ,Notosaria nigricans,NA
BVH,Brachiopoda,"Brachiopods, lamp shells"
NHE,Annelida,Annelid worms
NEH,Nephtys hombergii,NA
AKW,Aphrodita aculeata,Sea mouse
GLD,Glycera dibranchiata,Bloodworm
LUL,Lumbrineris latreilli,NA
UBI,Lumbrineris impatiens,NA
NER,Hediste diversicolor,Ragworm
NZH,Neanthes kerguelensis,NA
UNW,Neanthes fucata,NA
ERW,Perinereis cultrifera,NA
ERH,Perinereis rullieri,NA
PEI,Perinereis spp,NA
QTY,Tylorrhynchus heterochaetus,NA
ZTM,Nereididae,Ragworms nei
DIN,Diopatra neapolitana,NA
DTP,Diopatra cuprea,NA
HVL,Hyalinoecia tubicola,Quill worm
IFZ,Nothria conchylega,NA
JPX,Serpula spp,Segmented worms nei
DWK,Ditrupa arietina,NA
FBL,Ficopomatus enigmaticus,Australian tube worm
FDG,Filograna implexa,Lacy tube worm
SZS,Serpulidae,Serpulid tube worms
ARM,Arenicola marina,Lugworm
RCZ,Arenicola defodiens,"Black lug, Runnydown"
FXX,Eunice spp,Eunice sea-worms
MFZ,Marphysa sanguinea,NA
UFX,Thermiphione spp,Thermiphione scaleworms
UZO,Capitella capitata,Gallery worm
JMP,Notomastus latericeus,Bristleworms nei
JMS,Sabellastarte spectabilis,Feather duster worm
JTJ,Sabella spallanzanii,Mediterranean fanworm
WUU,Urechis unicinctus,Penis fish
IPC,Pectinaria californiensis,NA
UKT,Echiurus echiurus,Spoonworm
QVW,Lanice conchilega,Sand mason worm
QZA,Thelepus cincinnatus,NA
JYK,Sabellaria alveolata,Honeycomb worm
WOR,Polychaeta,Marine worms
ZVA,Priapulus caudatus,NA
SIU,Sipunculus nudus,Peanut worm
XBP,Phascolosoma arcuatum,NA
INV,Invertebrata,Aquatic invertebrates nei
TSH,Ex Trochus spp,Trochus shells nei
GSH,Ex Turbo spp,Turban shells nei
FSH,Ex Unionidae,Freshwater mussel shells
PNM,Pinctada margaritifera,Blacklip pearl oyster
PNX,Pinctada maxima,Silverlip pearl oyster
IKN,Pinctada anomioides,Jingle pearl oyster
IKP,Pinctada capensis,Cape pearl-oyster
PNF,Pinctada fucata,Japanese pearl oyster
IKH,Pinctada chemnitzii,Tiled pearl oyster
IKI,Pinctada imbricata,Atlantic pearl oyster
IKM,Pinctada mazatlanica,Mazatlan pearl oyster
IKS,Pinctada sugillata,Fringed pearl oyster
IDM,Pinctada maculata,Spotted pearl oyster
IDR,Pinctada radiata,Rayed pearl oyster
IZX,Pinctada spp,Pearl oysters nei
OSH,Ex Pinctada spp,Pearl oyster shells nei
PTE,Pteria penguin,Penguin wing oyster
TEW,Pteria sterna,Western wing oyster
TPV,Pteria avicular,Swift wing oyster
EHJ,Pteria hirundo,European wing oyster
TXX,Pteria spp,Wing oysters nei
UNA,Placuna placenta,Windowpane oyster
UNF,Placuna ephippium,Saddle oyster
MSH,Ex Mollusca,Marine shells nei
IUW,Halecium halecinum,Herring-bone hydroid
IYH,Lytocarpia myriophyllum,Pheasant-tail hydroid
UVM,Manania atlantica,NA
UOH,Depastromorpha africana,NA
UOV,Depastrum cyathiforme,NA
IJB,Abietinaria abietina,Sea fir
IWQ,Hydrallmania falcata,Sickle hydroid
IYN,Thuiaria thuja,Bottle-brush hydroid
UEY,Ectopleura larynx,Ringed tubularian
UEE,Tubularia indivisa,Tall tubularian
KBN,Hydractinia echinata,Hermit crab hydroid
CNI,Cnidaria,Cnidarians nei
ZUD,Leptothecata (Leptomedusae),Thecate hydroids
MHF,Millepora platyphylla,Wello fire coral
AQE,Aequorea forskalea,NA
DWX,Errina spp,Red hydrocorals nei
NWX,Lepidotheca spp,Spiny white hydrocorals nei
AXT,Stylasteridae,Hydrocorals
VEL,Velella velella,By-the-wind-sailor
UKJ,Nemertesia antennina,NA
UKL,Nemertesia ramosa,NA
HQZ,Hydrozoa,Hydrozoans
AZN,Anthoathecata,"Hydroids, hydromedusae"
COL,Corallium rubrum,Sardinia coral
COJ,Corallium japonicum,Aka coral
CEL,Corallium elatius,"Momo, boke magai, misu coral"
COK,Corallium konojoi,"Shiro, white coral"
CSE,Corallium secundum,Angel skin coral
COG,Corallium regale,Garnet coral
CDE,Corallium sp. nov.,Midway deep-sea coral
COR,Corallium spp,Precious corals nei
KQF,Acropora palifera,Catch bowl coral
KQO,Acropora florida,Branch coral
KQM,Acropora formosa,Staghorn coral
KQH,Acropora humilis,Finger coral
KQY,Acropora hyacinthus,Brush coral
KQN,Actinia equina,Beadlet anemone
KJC,Actinia cari,Girdle anemone
NOW,Anemonia sulcata,Snakelocks anemone
KYU,Condylactis aurantiaca,Golden anemone
DTI,Bolocera tuediae,Deeplet sea anemone
BVX,Bolocera spp,NA
KOW,Glyphoperidium bursa,NA
KDP,Urticina felina,Northern red anemone
DQG,Agaricia agaricites,Lettuce coral
DQI,Agaricia fragilis,Hat coral
DQJ,Agaricia lamarcki,Sheet coral
DQK,Agaricia tenuifolia,Lettuce-leaf coral
LXP,Leptoseris papyracea,Leaf coral
PVS,Pavona clavus,Shoulderblade coral
PVN,Pavona gigantea,Pillar coral
PVT,Pavona decussata,Cactus coral
PVW,Pavona varians,Fungus coral
IHW,Helioseris cucullata,Sunray lettuce coral
GQP,Gardinoseris planulata,Ice-cube tray coral
EHW,Euphyllia glabrescens,Brain trumpet coral
LWS,Lophelia pertusa,NA
DEJ,Desmophyllum dianthus,NA
GDV,Goniocorella dumosa,Bushy hard coral
RZT,Solenosmilia variabilis,NA
QKZ,Stephanocyathus platypus,NA
DVY,Caryophyllia smithii,Devonshire cup coral
FVF,Favia favus,Head coral
YCG,Cycloseris elegans,Curved mushroom coral
DSS,Diaseris distorta,Distorted mushroom coral
FJP,Fungia paumotensis,Elongate mushroom coral
FJF,Fungia fungites,Common mushroom coral
FJE,Fungia echinata,Rough feather coral
FJD,Fungia danai,Spiny mushroom coral
HQQ,Halomitra pileus,Bowl coral
YYT,Polyphyllia talpina,Feather coral
HKQ,Heliopora coerulea,Blue coral
KKK,Calliactis parasitica,Hermit anemone
KKL,Actinauge richardi,NA
KSL,Adamsia palliata,Mantle anemone
KBO,Hormathia digitata,Maned sea anemone
KKW,Hormathiidae,NA
MVM,Merulina ampliata,Merulina coral
LFO,Lobophyllia corymbosa,Brain root coral
LHM,Lobophyllia hemprichii,Largebrain root coral
PQK,Pectinia lactuca,Common lettuce coral
OIM,Pocillopora damicornis,Cauliflower coral
OIY,Pocillopora eydouxi,Elkhorn cora
OIX,Pocillopora verrucosa,Rasp coral
OJQ,Pocillopora meandrina,Brocoli coral
SJY,Seriatopora hystrix,Thin birdsnest coral
SDZ,Seriatopora caliendrum,Birdsnest coral
YPQ,Stylophora pistillata,Smooth cauliflower coral
QTP,Porites panamensis,Small star coral
QTL,Porites lobata,Smooth star coral
YGE,Platygyra daedalea,Brain coral
ORG,Tubipora musica,Organpipe coral
ADQ,Antipathes dichotoma,Black coral
AGB,Antipathes grandis,"Umimatsu, pine coral"
NFW,Antipathes furcata,NA
NFY,Antipathes rhipidion,NA
HQT,Antipathes spp,NA
KRH,Cirrhipathes spp,Wire coral
RFU,Stichopathes pourtalesi,NA
RFW,Stichopathes luetkeni,Black wire coral
QYX,Stichopathes spp,NA
LZO,Lepidisis olapa,Unbranched bamboo coral
QFX,Lepidisis spp,NA
IQO,Isididae,NA
WBE,Acanella rigida,NA
KQL,Acanella spp,Branched bamboo coral
IJL,Onkoisis solitaria,NA
KRY,Keratoisis ornata,NA
QAE,Pseudopterogorgia elisabethae,Sea plume
GGW,Gorgoniidae,Gorgonians
BXX,Anthomastus spp,NA
DFF,Duva florida,NA
GSV,Gersemia rubiformis,Sea strawberry
DVT,Alcyonium digitatum,Dead-man's fingers
NYZ,Nephtheidae,NA
SQW,Stauropathes arctica,NA
FLQ,Flabellum alabastrum,NA
FLV,Flabellum angulare,NA
FLZ,Flabellum macandrewi,Splitting fan coral
FIX,Flabellum spp,Flabellum cup corals nei
AZC,Acanthogorgia armata,NA
PZL,Paramuricea spp,NA
BFU,Paragorgia arborea,Bubble gum coral
BFV,Paragorgia johnsoni,NA
BWV,Paragorgiidae,NA
QOE,Primnoa resedaeformis,Red trees
QMU,Callogorgia verticillata,Whorled tree coral
QON,Primnoidae,NA
CZN,Radicipes gracilis,NA
FHX,Chrysogorgia spp,NA
QFY,Chrysogorgiidae,NA
AJG,Anthoptilum spp,NA
FQJ,Funiculina quadrangularis,NA
HFM,Halipteris finmarchica,NA
ZHX,Halipteris spp,NA
OJZ,Ombellula spp,NA
QAC,Pennatula aculeata,NA
QAD,Pennatula borealis,NA
QAF,Pennatula phosphorea,NA
NVX,Liponema spp,NA
UXX,Telesto spp,Long polyp soft corals nei
FEY,Enallopsammia rostrata,NA
OVD,Oculina virgosa,NA
MVI,Madrepora oculata,Madrepora coral
KEO,Stomphia coccinea,Spotted swimming anemone
KKV,Actinostolidae,NA
UCQ,Capnea georgiana,NA
WAG,Anthothela grandiflora,NA
WQB,Pachycerianthus borealis,NA
KVF,Kophobelemnon stelliferum,NA
WDG,Distichoptilum gracile,NA
INY,Stenisis humilis,NA
UGB,Epizoanthus papillosus,American zoanthis
FWN,Metridium dianthus,NA
KEJ,Stylopathes americana,NA
KDV,Virgularia mirabilis,Slender sea-pen
AJH,Anthozoa,NA
CSS,Scleractinia,"Hard corals, madrepores nei"
AQZ,Antipatharia,Black corals and thorny corals
ZOT,Zoantharia,Zoanthids
ATX,Actiniaria,Sea anemones
AJZ,Alcyonacea,Soft corals
NTW,Pennatulacea,Sea pens
PFR,Porifera,NA
UAH,Leucetta leptoraphis,NA
IPK,Grantia compressa,Purse sponge
EQG,Eurete simplicissimum,NA
ZHH,Chonelasma choanoides,NA
GVX,Acanthascus spp,NA
ZBA,Asconema foliatum,NA
ZVP,Vazella pourtalesii,Russian hat sponge
ZDY,Dictyaulus spp,NA
HXY,Hexactinellida,Glass sponges
HGQ,Hippospongia communis,Honey comb
HGH,Hippospongia lachne,Sheepswool sponge
HVX,Hippospongia spp,NA
QGA,Spongia agaricina,Elephant ear
QGB,Spongia barbara,Yellow sponge
QGG,Spongia graminea,Glove sponge
QGO,Spongia officinalis,Greek bathing sponge
QGT,Spongia tubulifera,Reef sponge
QGN,Spongia nitens,Shiny sponge
QGZ,Spongia zimocca,Leather sponge
QGX,Spongia spp,NA
SPO,Spongiidae,Sponges
AZQ,Callyspongia ramosa,Airy finger sponge
OQA,Crella incrustans,Orange frond sponge
GVE,Geodia vestigifera,Ostrich egg sponge
QAH,Psammocinia hawere,Rubber sponge
QAL,Poecillastra laminaris,Fibreglass cup sponge
AZO,Aciculites pulchra,Maroon pimpled ear sponge
QBR,Stylocordyla borealis,NA
QBW,Suberites caminatus,NA
ZSF,Suberites ficus,NA
KFE,Suberites pagurorum,NA
XHX,Homaxinella spp,NA
ZRX,Rhizaxinella spp,NA
QCE,Cinachyra antarctica,NA
TXR,Tetilla leptoderma,NA
ZCS,Craniella spp,NA
QPD,Spongilla spp,Freshwater sponge
WJP,Iophon piceum,NA
WSX,Stelletta spp,NA
WPH,Stryphnus fortis,NA
IGW,Axinella infundibuliformis,North atlantic cup sponge
XAL,Axinellidae,NA
XBV,Biemna variantia,NA
ZTK,Haliclona (Haliclona) oculata,NA
ZHL,Haliclona spp,NA
ZAB,Asbestopluma spp,NA
ZCH,Cladorhiza spp,NA
ZHD,Chondrocladia spp,NA
ZFR,Forcepia spp,NA
ZDD,Lissodendoryx complicata,NA
ZPR,Spongionella pulchella,NA
ZEW,Esperiopsis villosa,NA
ZHT,Hamacantha carteri,NA
YHL,Mycale lingua,NA
ZMY,Melonanchora spp,NA
YHD,Hymedesmiidae,NA
ZPY,Polymastia spp,NA
ZQB,Quasillina brevis,NA
ZRH,Radiella hemisphaerica,NA
ZTS,Tentorium semisuberites,NA
ZWB,Weberella spp,NA
ZTH,Thenea spp,NA
ZSW,Sycon spp,NA
ZST,Halichondria (Halichondria) bowerbanki,Bowerbank's horny sponge
ZTC,Halichondria (Halichondria) panicea,Breadcrumb horny sponge
DMO,Demospongiae,Siliceous sponges
YDL,Hydroclathrus clathratus,NA
PWF,Petalonia fascia,Brown leafweed
LQD,Laminaria digitata,Tangle
LAH,Laminaria hyperborea,North European kelp
QQL,Laminaria ochroleuca,NA
QVZ,Laminaria spp,Kelps
QYI,Saccharina longissima,NA
LQX,Saccharina latissima,Sea belt
LNJ,Saccharina japonica,Japanese kelp
LAZ,Laminariaceae,Kelps nei
AJC,Alaria esculenta,Babberlocks
WAP,Alaria pylaiei,NA
EEZ,Eisenia arborea,Arboreal ferret
UDP,Undaria pinnatifida,Wakame
UDS,Undaria spp,Wakame nei
LJX,Lessonia nigrescens,Chilean kelp
LJZ,Lessonia trabeculata,NA
LXF,Lessonia fuscescens,Southern brown kelp
EOZ,Lessonia spp,NA
MXY,Macrocystis pyrifera,Giant kelp
MXF,Macrocystis integrifolia,NA
GQO,Macrocystis spp,Giant kelps nei
YEE,Ecklonia radiata,NA
FUV,Fucus vesiculosus,Bladder wrack
FUU,Fucus serratus,Toothed wrack
FCV,Fucus virsoides,Adriatic wrack
UCE,Fucus gardneri,Common rockweed
FDS,Fucus spiralis,Spiral wrack
DOJ,Fucus distichus,NA
UCU,Fucus spp,NA
ASN,Ascophyllum nodosum,North Atlantic rockweed
ZSQ,Silvetia siliquosa,NA
FUP,Pelvetia canaliculata,Channel wrack
FUA,Fucaceae,Wracks nei
HLZ,Himanthalia elongata,Sea thong
DVA,Durvillaea antarctica,Bull kelp
YQT,Cystoseira barbata,Golden Cystoseira
GQL,Sargassum polycystum,Rough-stemmed sargassum
GQJ,Sargassum cristaefolium,Double-bladed sargassum
GQY,Sargassum oligocystum,Flat-stemmed sargassum
RGV,Sargassum vulgare,Common sargassum
GQU,Sargassum paniculatum,Serrate sargassum
GQK,Sargassum crassifolium,Common Pacific sargassum
GQB,Sargassum fusiforme,Fusiform sargassum
QVS,Sargassum thunbergii,NA
GVS,Sargassum muticum,Japanese sargasso weed
QWX,Sargassum spp,NA
UIO,Turbinaria ornata,Crowned sea bell
UIU,Turbinaria decurrens,Triangular sea bell
UIC,Turbinaria conoides,Sea bell
DVN,Halidrys siliquosa,Sea oak
QRE,Bifurcaria bifurcata,NA
QQZ,Treptacantha baccata,NA
IYJ,Dictyopteris polypodioides,Sweet-smelling seaweed
IPD,Dictyopteris undulata,Olive forked ribbons
YKL,Dictyopteris plagiogramma,Limu lipoa
IYK,Dictyota dichotoma,Forked ribbons
NYQ,Nemacystus decipiens,Mozuku
DOK,Cladosiphon okamuranus,NA
QQY,Elachista fucicola,NA
ZSD,Saccorhiza dermatodea,NA
ZSY,Saccorhiza polyschides,Furbellow
ZFC,Chorda filum,Sea lace
KGY,Ectocarpus fasciculatus,NA
KGZ,Ectocarpus siliculosus,NA
KHM,Ralfsia verrucosa,NA
QQR,Sphacelaria cirrosa,NA
DQF,Desmarestia aculeata,NA
SWB,Phaeophyceae,Brown seaweeds
YNF,Hypnea musciformis,Crozier weed
YEB,Hypnea boergesenii,Tufted sea moss
YEH,Hypnea charoides,NA
YND,Hypnea chordacea,NA
YAZ,Hypnea pannosa,Tattered sea moss
YAX,Hypnea valentiae,Robust sea moss
YNQ,Hypnea cornuta,NA
YAY,Hypnea japonica,NA
YAD,Hypnea saidana,NA
YAK,Hypnea spicifera,NA
YAH,Hypnea spinella,NA
YKE,Phyllophora pseudoceranoides,Membraneous phyllophora
YFQ,Phyllophora spp,Phyllophora nei
YGF,Gymnogongrus griffithsiae,NA
YGJ,Gymnogongrus tenuis,NA
GKF,Gymnogongrus furcellatus,NA
YGN,Gymnogongrus spp,NA
MVT,Mastocarpus stellatus,NA
MVQ,Mastocarpus pacificus,NA
ISV,Rissoella verruculosa,Rock chickory
OIK,Solieria chordalis,False sea pine
OKF,Solieria filiformis,NA
EMA,Kappaphycus alvarezii,Elkhorn sea moss
EMC,Eucheuma cottonii,Zanzibar weed
EMI,Eucheuma denticulatum,Spiny eucheuma
UKD,Eucheuma arnoldii,Mottled sea club
UKI,Eucheuma isiforme,NA
EMX,Eucheuma spp,Eucheuma seaweeds nei
JZS,Meristotheca dakarensis,NA
JZT,Meristotheca senegalense,NA
QVX,Meristotheca spp,NA
YKP,Cystoclonium purpureum,Marine bindweed
YWB,Calliblepharis jubata,Lance-shaped eyelash weed
OKG,Plocamium cartilagineum,Plocamium
KRQ,Corallina elongata,Rough coral moss
JNR,Jania rubens,Fine coral moss
JNA,Jania adhaerens,Pacific coral moss
LJQ,Lithothamnion corallioides,NA
LIT,Lithothamnion spp,Lithothamnion
LHD,Lithophyllum lichenoides,Stone weed
FMK,Phymatolithon calcareum,Chalk weed
FKU,Furcellaria lumbricalis,Red forkweed
FCK,Sphaerococcus coronopifolius,False gorgon
GCH,Gracilaria chilensis,NA
GKA,Gracilaria dura,Leather gracilaria
GKC,Gracilaria arcuata,Arcuate gracilaria
GKI,Gracilaria edulis,Dichotomously branched gracila
GKK,Gracilaria salicornia,Segmented gracilaria
GJX,Gracilaria spinigera,Spiny gracilaria
GCW,Gracilaria textorii,Broadleaf gracilaria
GCO,Gracilaria veleroae,Veiled gracilaria
GJW,Gracilaria verrucosa,Warty gracilaria
GZG,Gracilaria gracilis,Slender wart weed
GPZ,Gracilaria multipartita,NA
GLS,Gracilaria spp,Gracilaria seaweeds
GKH,Hydropuntia eucheumatoides,Prostrate gracilaria
GXO,Gracilariopsis longissima,NA
OTX,Portieria hornemannii,Clawed sea moss
RHP,Palmaria palmata,Dulse
NLO,Nemalion helminthoides,Sea spaghetti
KDW,Chondrus elatus,NA
KDZ,Chondrus ocellatus,NA
KDI,Chondrus pinnulatus,NA
IMS,Chondrus crispus,Carragheen (Irish) moss
GJK,Gigartina skottsbergii,Skottsberg's gigartina
YVO,Gigartina pistillata,NA
IDC,Iridaea cordata,Iridea
LGY,Iridaea spp,Iridea nei
GJE,Chondracanthus teedei,Hackle weed
GJA,Chondracanthus acicularis,Spurweed
KDM,Chondracanthus chamissoi,NA
SBQ,Sarcothalia crispata,Leister
MZL,Mazzaella laminarioides,NA
GHG,Gigartinaceae,Gigartina seaweeds nei
OFN,Porphyra linearis,Ribboned nori
OFU,Porphyra leucosticta,Spotted nori
OFK,Porphyra dioica,NA
OFQ,Porphyra purpurea,Purple laver
YKN,Porphyra columbina,NA
OFH,Porphyra umbilicalis,Pink laver
OFX,Porphyra laciniata,NA
FRP,Porphyra perforata,Frilled nori
PRH,Porphyra haitanensis,NA
FYS,Porphyra spp,Nori nei
PRT,Pyropia tenera,Laver (Nori)
KMI,Ceramium ciliatum,Velvet ceramium
KMQ,Ceramium rubrum,Common ceramium
KMK,Ceramium pacificum,Pacific ceramium
KMD,Ceramium codii,NA
KMF,Ceramium fimbriatum,NA
KMN,Ceramium kondoi,NA
KMJ,Ceramium paniculatum,NA
KMX,Ceramium tenerrimum,NA
KJV,Ceramium virgatum,Red ceramium
KVI,Ceramium tenuicorne,NA
BLX,Ballia callitricha,Ballia
KNW,Centroceras clavulatum,Red panache
KKE,Pterothamnion plumula,NA
DMH,Alsidium helminthochorton,Corsican moss
DGM,Digenea simplex,Red seabroom
VLA,Vertebrata lanosa,NA
LVB,Laurencia obtusa,Blunt laurenzia
LVF,Laurencia pacifica,Pacific laurenzia
LVS,Laurencia sinicola,Swollen laurenzia
KHI,Acanthophora spicifera,Erect sea moss
KJA,Rhodomela confervoides,NA
KGT,Leptosiphonia brodiei,NA
KGS,Leptosiphonia fibrillosa,NA
KGU,Carradoriella elongata,NA
JZK,Vertebrata byssoides,NA
JZL,Vertebrata fucoides,NA
JZM,Vertebrata nigra,NA
QHE,Osmundea pinnatifida,NA
KGW,Polysiphonia stricta,Pitcher Siphon Weed
KDL,Cladodonta lyallii,Cladodonta
SWQ,Delesseria sanguinea,Red delesseria
QRL,Phycodrys rubens,NA
MZM,Scinaia hormoides,Moniliform sea moss
JLM,Ptilonia magellanica,Magellanic ptilonia
GQR,Asparagopsis armata,Red harpoon
GQX,Asparagopsis taxiformis,Red sea plume
ASR,Asparagopsis spp,Harpoon seaweeds
GEQ,Gelidium corneum,Giant gelidium
GDH,Gelidium chilense,NA
GJC,Gelidium crinale,Hairy gelidium
GJJ,Gelidium johnstonii,Red gelidium
GJP,Gelidium pusillum,Dwarf gelidium
GDX,Gelidium rex,NA
GDK,Gelidium lingulatum,NA
GDY,Gelidium amansii,Japanese isinglass
GEW,Gelidium madagascariense,NA
GEL,Gelidium spp,Gelidium seaweeds
GJO,Gelidiella acerosa,Chaffweed
QTH,Pterocladia heteroplatos,NA
QTU,Pterocladia lucida,NA
QTN,Pterocladia nana,NA
KFV,Callophyllis variegata,Manifold callophyllis
KFF,Callophyllis spp,NA
YMD,Halymenia dilatata,Red sea lettuce
HFJ,Ahnfeltia fastigiata,NA
HFH,Ahnfeltia plicata,Landlady's Wig
SWP,Dilsea carnosa,Fleshy dilsea
KKG,Dumontia contorta,NA
QKL,Lomentaria clavellosa,NA
QHB,Lomentaria articulata,NA
DNQ,Callithamnion corymbosum,NA
KJK,Cruoria pellita,NA
JZE,Erythrotrichia carnea,NA
JZD,Hildenbrandia rubra,NA
JZF,Lithothamnion glaciale,NA
JZG,Phymatolithon lenormandii,NA
YVR,Gastroclonium ovatum,NA
OKQ,Pterocladiella capillacea,Spanish agar
PKZ,Pterocladiella caerulescens,NA
FQZ,Sarcodia dentata,NA
SWR,Rhodophyta,Red seaweeds
HQW,Chlorella vulgaris,Unicell. chlorella green alga
HLW,Chlorella pyrenoidosa,NA
NHO,Nannochloris atomus,NA
UNI,Dunaliella salina,NA
UNJ,Dunaliella tertiolecta,NA
KMW,Chaetomorpha aerea,Hairy chaetomorpha
KMH,Chaetomorpha linum,Floating chaetomorpha
KMY,Cladophora rupestris,Common green branched weed
KHJ,Cladophora albida,NA
KHK,Cladophora sericea,NA
KHZ,Rhizoclonium riparium,NA
KIA,Codium adhaerens,NA
KIR,Codium arabicum,Green sea cushion
KCG,Codium contractum,NA
KIY,Codium cylindricum,NA
KIL,Codium edule,Branched sea cushion
KII,Codium fragile,Fragile codium
KIB,Codium platylobium,NA
KIE,Codium repens,NA
KIQ,Codium spongiosum,NA
KJT,Codium tomentosum,NA
KQB,Caulerpa brachypus,Sea mustard
KQC,Caulerpa cupressoides,Toothed sloton
KQE,Caulerpa lentillifera,Small seagrape
KQR,Caulerpa racemosa,Coarse seagrape
KQS,Caulerpa serrulata,NA
KQT,Caulerpa sertularioides,Green sea feather
KQX,Caulerpa taxifolia,Green sea palm
KQP,Caulerpa prolifera,Leafy caulerpa
ZVM,Caulerpa nummularia,NA
CAU,Caulerpa spp,Caulerpa seaweeds
HMW,Halimeda tuna,Sea cactus
MTN,Monostroma nitidum,Green laver
IZM,Monostroma spp,NA
UVC,Ulva conglobata,NA
UVU,Ulva lactuca,Sea lettuce
UVP,Ulva australis,Lacy sea lettuce
UVR,Ulva reticulata,NA
UVQ,Ulva rigida,Chicory sea lettuce
UVI,Ulva intestinalis,Gut weed
UNZ,Ulva linza,Doubled ribbon weed
UJS,Ulva compressa,Tape weed
UEA,Ulva clathrata,Spiky tendrils
UVV,Ulva pseudorotundata,NA
EBP,Ulva prolifera,Dark green nori
EBL,Ulva flexuosa,NA
UYH,Ulva spp,Sea lettuces nei
HZP,Haematococcus pluvialis,NA
UEC,Capsosiphon fulvescens,NA
TXL,Tetraselmis suecica,NA
TZV,Tetraselmis chui,NA
TZZ,Tetraselmis spp,NA
SWG,Chlorophyceae,Green seaweeds
ULQ,Spirulina subsalsa,Sea spirulina
ULX,Spirulina maxima,NA
SIZ,Spirulina spp,Spirulina nei
ULL,Arthrospira platensis,NA
YBK,Cyanophyceae,NA
NZK,Nitzschia closterium,NA
KEK,Skeletonema costatum,NA
BFY,Bacillariophyceae,NA
KYO,Crypthecodinium cohnii,NA
DFY,Dinophyceae,NA
OZO,Posidonia oceanica,Neptune-grass
OZA,Posidonia angustifolia,NA
OZU,Posidonia australis,NA
ZOM,Zostera marina,Eel-grass
ZON,Zostera noltii,Dwarf eel-grass
AFX,Amphibolis antarctica,Sea nymph
CJQ,Scirpus acutus,Tule bulrush
CJW,Scirpus spp,Tule nei
ZNL,Nelumbo nucifera,Sacred lotus
GPQ,Angiospermae,Seagrasses nei
ZVV,Diacronema lutheri,NA
ZVZ,Euglena cantabrica,NA
DWT,Microchloropsis gaditana,NA
ZWJ,Nannochloropsis oculata,NA
DQY,Isochrysis galbana,NA
APL,Plantae aquaticae,Aquatic plants nei
SWX,Algae,Seaweeds nei
LKF,Laticauda semifasciata,Erabu sea snake
YDK,Hydrophis cyanocinctus,Annulated sea snake
AJK,Hydrophis stokesii,Stokes' sea snake
EHQ,Hydrophis schistosus,Beaked sea snake
EPX,Hydrophis platurus,Yellow-bellied sea snake
PKX,Hydrophis viperinus,Viperine sea snake
LKZ,Lapemis curtus,Short sea snake
MFW,Microcephalophis gracilis,Small-headed sea snake
EZZ,Elapidae,Sea snakes nei
KPY,Aptenodytes patagonicus,King penguin
KFY,Aptenodytes forsteri,Emperor penguin
PYD,Pygoscelis adeliae,Adelie penguin
PYN,Pygoscelis antarcticus,Chinstrap penguin
PYP,Pygoscelis papua,Gentoo penguin
EUC,Eudyptes chrysolophus,Macaroni penguin
EVQ,Eudyptes chrysocome,Rockhopper penguin
PVF,Spheniscidae,Penguins nei
BVZ,Gavia adamsii,White-billed diver
BWC,Gavia arctica,Black-throated diver
BWE,Gavia immer,Great northern diver
BWF,Gavia stellata,Red-throated diver
HFZ,Podiceps auritus,Horned grebe
HHZ,Podiceps cristatus,Great crested grebe
HVE,Podiceps grisegena,Red-necked grebe
DQQ,Podiceps nigricollis,Black-necked grebe
DZK,Tachybaptus ruficollis,Little grebe
PHU,Phoebetria fusca,Sooty albatross
PHE,Phoebetria palpebrata,Light-mantled sooty albatross
DIZ,Phoebastria immutabilis,Laysan albatross
DKN,Phoebastria nigripes,Black-footed albatross
DPK,Phoebastria irrorata,Waved albatross
DAQ,Phoebastria albatrus,Short-tailed albatross
DAM,Diomedea amsterdamensis,Amsterdam Island albatross
DIP,Diomedea epomophora,Southern royal albatross
DIX,Diomedea exulans,Wandering albatross
DIW,Diomedea gibsoni,Gibson's albatross
DIQ,Diomedea sanfordi,Northern royal albatross
DQS,Diomedea antipodensis,Antipodean albatross
DBN,Diomedea dabbenena,Tristan albatross
TQH,Thalassarche carteri,Indian yellow-nosed albatross
TQW,Thalassarche impavida,Campbell albatross
DIM,Thalassarche melanophris,Black-browed albatross
DIB,Thalassarche bulleri,Buller's albatross
DCU,Thalassarche cauta,Shy albatross
DCR,Thalassarche chlororhynchos,Atlant. yellow-nosed albatross
DIC,Thalassarche chrysostoma,Grey-headed albatross
DER,Thalassarche eremita,Chatham Islands albatross
DKS,Thalassarche salvini,Salvin's albatross
TWD,Thalassarche steadi,White-capped albatross
ALZ,Diomedeidae,Albatrosses nei
PFC,Puffinus carneipes,Flesh-footed shearwater
PUC,Puffinus creatopus,Pink-footed shearwater
PUG,Puffinus gravis,Great shearwater
PFG,Puffinus griseus,Sooty shearwater
PFT,Puffinus tenuirostris,Short-tailed shearwater
PFJ,Puffinus gavia,Fluttering shearwater
PFQ,Puffinus huttoni,Huttons shearwater
PFZ,Puffinus pacificus,Wedge-tailed shearwater
UIL,Puffinus lherminieri,Audubon's shearwater
UIM,Puffinus mauretanicus,Balearic shearwater
UIP,Puffinus puffinus,Manx shearwater
UYE,Puffinus yelkouan,Yelkouan shearwater
PQW,Puffinus spp,Shearwaters nei
MAI,Macronectes giganteus,Antarctic giant petrel
MAH,Macronectes halli,Hall's giant petrel
MBX,Macronectes spp,Giant petrels nei
PRO,Procellaria aequinoctialis,White-chinned petrel
PCI,Procellaria cinerea,Grey petrel
PRK,Procellaria parkinsoni,Parkinson's petrel
PCW,Procellaria westlandica,Westland petrel
PCN,Procellaria conspicillata,Spectacled petrel
PTZ,Procellaria spp,Petrels nei
PDM,Pterodroma macroptera,Great-winged petrel
PWL,Pterodroma lessonii,White-headed petrel
PWU,Pterodroma cervicalis,White-necked petrel
PWA,Pterodroma leucoptera,Gould's Petrel
PWO,Pterodroma solandri,Providence petrel
PVH,Pterodroma inexpectata,Mottled petrel
PJZ,Pterodroma arminjoniana,Trindade petrel
HJW,Pterodroma cahow,Bermuda petrel
HWS,Pterodroma hasitata,Black-capped petrel
TAA,Thalassoica antarctica,Antarctic petrel
PVB,Aphrodroma brevirostris,Kerguelen petrel
FUG,Fulmarus glacialoides,Southern fulmar
FNO,Fulmarus glacialis,Northern fulmar
CDI,Calonectris diomedea,Cory's shearwater
CZE,Calonectris edwardsii,Cape Verde shearwater
DAC,Daption capense,Cape petrel
PWD,Pachyptila desolata,Antarctic prion
PWV,Pachyptila turtur,Fairy prion
PWX,Pachyptila spp,Prions nei
PWP,Pagodroma nivea,Lesser snow petrel
PWZ,Pagodroma confusa,Greater snow petrel
PWW,Pagodroma spp,Snow petrels nei
HBE,Halobaena caerulea,Blue petrel
WTP,Pseudobulweria rostrata,Tahiti petrel
PRX,Procellariidae,Petrels and shearwaters nei
FGQ,Fregetta tropica,Black-bellied storm petrel
FGZ,Fregetta spp,B/W bellied storm petrels nei
DAZ,Hydrobates pelagicus,European storm-petrel
OCO,Oceanites oceanicus,Wilson's storm petrel
DBK,Oceanodroma leucorhoa,Leach's storm-petrel
DGD,Oceanodroma castro,Harcourt's storm-petrel
WFS,Pelagodroma marina,White-faced storm petrel
QDP,Pelecanoides georgicus,South Georgia diving petrel
QQP,Pelecanoides spp,Diving-petrels nei
TWH,Pelecanus thagus,Peruvian pelican
BZP,Pelecanus spp,Pelicans nei
ISQ,Phalacrocorax atriceps,Imperial shag
ISW,Phalacrocorax aristotelis,European shag
ISY,Phalacrocorax carbo,Great cormorant
ITV,Phalacrocoracidae,Cormorants nei
MVR,Morus serrator,Australasian gannet
MVB,Morus bassanus,Northern gannet
MWE,Morus capensis,Cape gannet
DSQ,Sula dactylatra,Masked booby
EBQ,Sula leucogaster,Brown booby
EZY,Sula sula,Red-footed booby
BWR,Sula spp,Boobies nei
SZV,Sulidae,Boobies and gannets nei
ZRW,Phaethon rubricauda,Red-tailed tropicbird
BZF,Phaethon spp,Tropicbirds nei
BXJ,Fregata spp,"Frigates, man of war nei"
TVH,Ardea cinerea,Grey heron
BXR,Ardeidae,Herons nei
GWA,Mergus merganser,Goosander
GWC,Mergus serrator,Red-breasted merganser
TZC,Anas crecca,Common teal
TZE,Anas penelope,Eurasian wigeon
TZF,Anas platyrhynchos,Mallard
EGF,Somateria mollissima,Common eider
EGJ,Somateria spectabilis,King eider
BPZ,Branta bernicla,Brent goose
BQV,Branta canadensis,Canada goose
BQZ,Branta leucopsis,Barnacle goose
GHD,Anser anser,Greylag goose
GHH,Anser brachyrhynchus,Pink-footed goose
GHI,Anser fabalis,Bean goose
DKI,Aythya fuligula,Tufted duck
DKJ,Aythya marila,Greater scaup
GCG,Bucephala clangula,Common goldeneye
GCZ,Clangula hyemalis,Long-tailed duck
WOS,Cygnus cygnus,Whooper swan
WOT,Cygnus olor,Mute swan
WOW,Melanitta fusca,White-winged scoter
WOY,Melanitta nigra,Black scoter
WYC,Polysticta stelleri,Steller's eider
SJD,Tadorna tadorna,Common shelduck
FAO,Mergellus albellus,Smew
TZH,Anatidae,"Ducks, geese and swans nei"
HWA,Haliaeetus albicilla,White-tailed sea-eagle
LDO,Larus dominicanus,Kelp gull
LHW,Larus novaehollandiae,Silver gull
LHZ,Larus argentatus,Herring gull
LVA,Larus atricilla,Laughing gull
LVH,Larus audouinii,Audouin's gull
LVJ,Larus cachinnans,Caspian Gull
LVU,Larus marinus,Great black-backed gull
LCW,Larus canus,Mew gull
LOW,Larus fuscus,Lesser black-backed gull
LVW,Larus glaucoides,Iceland gull
LVY,Larus hyperboreus,Glaucous gull
CVV,Larus ridibundus,Common black-headed gull
DKH,Larus michahellis,Yellow-legged gull
DTY,Larus melanocephalus,Mediterranean gull
LHX,Larus spp,Seagulls nei
QDT,Pagophila eburnea,Ivory gull
DTZ,Hydrocoloeus minutus,Little gull
QDV,Rissa tridactyla,Black-legged kittiwake
DTR,Chroicocephalus genei,Slender-billed gul
LVZ,Xema sabini,Sabine's gull
DYH,Hydroprogne caspia,Caspian tern
FBO,Gelochelidon nilotica,Gull-billed tern
FBQ,Chlidonias hybrida,Whiskered tern
FBS,Chlidonias niger,Black tern
FBP,Sternula albifrons,Little tern
SVI,Sterna vittata,Antarctic tern
SVB,Sterna bergii,Great crested tern
SVJ,Sterna fuscata,Sooty tern
TVF,Sterna paradisaea,Arctic tern
TVA,Sterna hirundo,Common tern
DYQ,Sterna sandvicensis,Sandwich tern
DYR,Sterna dougallii,Roseate tern
SVZ,Sterna spp,Terns nei
LRD,Laridae,NA
FPA,Fratercula arctica,Atlantic puffin
HBH,Alle alle,Dovekie
HBO,Cepphus grylle,Black guillemot
HBW,Alca torda,Razorbill
UQT,Uria aalge,Common murre
UQU,Uria lomvia,Thick-billed murre
HBB,Alcidae,NA
CSK,Catharacta skua,Great skua
CTH,Catharacta chilensis,Chilean skua
TBW,Stercorarius parasiticus,Arctic skua
TFH,Stercorarius skua,Skua
CAQ,Stercorarius antarcticus,Brown skua
CAM,Stercorarius maccormicki,South polar skua
FBF,Stercorarius longicaudus,Long-tailed skua
FSL,Stercorarius pomarinus,Pomarine skua
BXU,Stercorarius spp,Jaegers nei
SKZ,Stercorariidae,NA
SWS,Chionis alba,Snowy sheathbill
